"factor","view","sum_abs","frac"
"Factor2","mtfr",157.884082206059,0.75300228840811
"Factor2","expr",51.7886965312209,0.24699771159189
"Factor3","mtfr",124.523552526312,0.594779147415325
"Factor3","expr",84.8374398141932,0.405220852584675
"Factor5","mtfr",41.7151464530471,0.287397860539587
"Factor5","expr",103.432581420526,0.712602139460413
"Factor6","mtfr",76.4321717396087,0.550474570781388
"Factor6","expr",62.4156076067011,0.449525429218612
"Factor7","mtfr",85.0861767721362,0.642045340708922
"Factor7","expr",47.4374494848307,0.357954659291078
"Factor8","mtfr",38.3214350616036,0.35122321940572
"Factor8","expr",70.7870547655912,0.64877678059428
"Factor12","mtfr",58.9318107853178,0.999969906155759
"Factor12","expr",0.00177353810718017,3.00938442407825e-05
