"feature","value","factor","view"
"TEAD2",0.860371232032776,"Factor3","mtfr"
"TEAD1",0.799670338630676,"Factor3","mtfr"
"TEAD4",0.784048318862915,"Factor3","mtfr"
"TEAD3",0.750678479671478,"Factor3","mtfr"
"NFIC",0.714315712451935,"Factor3","mtfr"
"HOXD8",-0.515342891216278,"Factor3","expr"
"FOXL1",-0.513792037963867,"Factor3","expr"
"HOXB7",-0.502607583999634,"Factor3","expr"
"EBF3",-0.501716613769531,"Factor3","expr"
"TEAD4",-0.50023752450943,"Factor3","expr"
"TFAP2A",-0.263808518648148,"Factor8","mtfr"
"TFAP2B(var.2)",-0.245461225509644,"Factor8","mtfr"
"TFAP2E",-0.244022026658058,"Factor8","mtfr"
"KLF6",-0.223449423909187,"Factor8","mtfr"
"CTCF",-0.2127356082201,"Factor8","mtfr"
"HNF4A",0.939509570598602,"Factor8","expr"
"GATA5",0.907572388648987,"Factor8","expr"
"E2F2",0.890721917152405,"Factor8","expr"
"SOX21",0.851447403430939,"Factor8","expr"
"NFIA",0.796039521694183,"Factor8","expr"
"EHF",0.642176508903503,"Factor2","mtfr"
"GABPA",0.640608787536621,"Factor2","mtfr"
"ELF3",0.638357937335968,"Factor2","mtfr"
"ELF1",0.636994600296021,"Factor2","mtfr"
"SPIB",0.635757684707642,"Factor2","mtfr"
"SPI1",-0.372712790966034,"Factor2","expr"
"PLAG1",0.348022401332855,"Factor2","expr"
"IRF5",-0.322003364562988,"Factor2","expr"
"HOXB4",0.285094439983368,"Factor2","expr"
"SOX12",0.279925316572189,"Factor2","expr"
"TFAP2B(var.3)",-0.600211024284363,"Factor6","mtfr"
"TFAP2E",-0.598384439945221,"Factor6","mtfr"
"TFAP2C(var.3)",-0.595006763935089,"Factor6","mtfr"
"TFAP2A(var.3)",-0.557666957378387,"Factor6","mtfr"
"EMX2",0.483127593994141,"Factor6","mtfr"
"TBXT",0.851768910884857,"Factor6","expr"
"MEF2B",0.764006912708282,"Factor6","expr"
"OVOL2",0.749532580375671,"Factor6","expr"
"NKX6-3",0.736367404460907,"Factor6","expr"
"TP73",0.732017517089844,"Factor6","expr"
"ESR2",0.403947234153748,"Factor12","mtfr"
"RXRA::VDR",0.349405646324158,"Factor12","mtfr"
"ESRRB",0.346420437097549,"Factor12","mtfr"
"TBX6",0.340017259120941,"Factor12","mtfr"
"ZNF148",-0.327653497457504,"Factor12","mtfr"
"PRRX2",5.19719578733202e-05,"Factor12","expr"
"TP63",4.8965335736284e-05,"Factor12","expr"
"MEIS3",3.13489435939118e-05,"Factor12","expr"
"HOXC11",-3.09173628920689e-05,"Factor12","expr"
"HEY2",-2.14826595765771e-05,"Factor12","expr"
