"motif","viper_tf","top_factor","weight_abs","correlation","selex_call","differential","in_heatmap"
"ASCL1(var.2)","ASCL1","Factor4",0.584670662879944,0.453230923474831,"Inconclusive",TRUE,TRUE
"TCF12(var.2)","TCF12","Factor4",0.548929989337921,0.507174866082617,"MethylMinus",TRUE,TRUE
"CEBPG(var.2)","CEBPG","Factor2",0.527964890003204,-0.346709649269013,"Little effect",TRUE,TRUE
"FOSB::JUNB(var.2)","JUNB","Factor2",0.504044055938721,-0.522414797360563,"MethylMinus",TRUE,TRUE
"FOSL1::JUN(var.2)","JUN","Factor2",0.502799093723297,-0.637104641826885,"MethylMinus",TRUE,TRUE
"SREBF1(var.2)","SREBF1","Factor2",0.500303268432617,0.123585703427232,"MethylMinus",TRUE,TRUE
"JUN::JUNB(var.2)","JUN","Factor2",0.498061388731003,-0.619441533774184,"MethylMinus",TRUE,TRUE
"JUNB(var.2)","JUNB","Factor2",0.491030484437943,-0.521756168503945,"MethylMinus",TRUE,TRUE
"FOSL2::JUNB(var.2)","JUNB","Factor2",0.490470886230469,-0.536339747187638,"MethylMinus",TRUE,TRUE
"FOSB::JUN","JUN","Factor2",0.48292338848114,-0.627416058297829,"MethylMinus",TRUE,TRUE
"FOSL2::JUN(var.2)","JUN","Factor2",0.479235202074051,-0.657637148704692,"MethylMinus",TRUE,TRUE
"NR2C2(var.2)","NR2C2","Factor8",0.477508217096329,-0.558998136197073,"Inconclusive",TRUE,TRUE
"NR2F1(var.2)","NR2F1","Factor8",0.464656710624695,-0.094515437047626,"MethylPlus",TRUE,TRUE
"TFAP2A(var.2)","TFAP2A","Factor1",0.459624201059341,0.120823130008452,"MethylMinus",TRUE,TRUE
"FOS::JUN(var.2)","FOS","Factor2",0.455446034669876,-0.559745122551319,"MethylMinus",TRUE,TRUE
"MAX::MYC","MAX","Factor1",0.448854476213455,-0.225142291063989,"MethylMinus",TRUE,TRUE
"SMAD2::SMAD3::SMAD4","SMAD3","Factor2",0.444708824157715,0.512134021914091,"Inconclusive",TRUE,TRUE
"BACH2(var.2)","BACH2","Factor1",0.442477524280548,-0.311905670393481,"MethylMinus",TRUE,TRUE
"ARNT::HIF1A","ARNT","Factor4",0.44153681397438,0.0227230322047864,"Inconclusive",TRUE,TRUE
"MAF::NFE2","MAF","Factor2",0.437414437532425,-0.125390212579406,"MethylMinus",TRUE,TRUE
"BATF::JUN","BATF","Factor1",0.432825356721878,-0.373130509470923,"MethylMinus",TRUE,TRUE
"TFAP2A(var.3)","TFAP2A","Factor1",0.431952625513077,-0.00801145725383255,"MethylMinus",TRUE,TRUE
"STAT1::STAT2","STAT1","Factor2",0.43181100487709,-0.406195899289365,"Inconclusive",TRUE,TRUE
"HNF4A(var.2)","HNF4A","Factor8",0.430685639381409,0.297356861263734,"Inconclusive",TRUE,TRUE
"JUN(var.2)","JUN","Factor1",0.427900552749634,-0.519327530321701,"MethylMinus",TRUE,TRUE
"MEIS1(var.2)","MEIS1","Factor1",0.421897977590561,-0.385561344035985,"Inconclusive",TRUE,TRUE
"NR2F1(var.3)","NR2F1","Factor8",0.421414136886597,-0.0580661709369406,"MethylPlus",TRUE,TRUE
"BHLHE22(var.2)","BHLHE22","Factor4",0.421148061752319,0.244658057925079,"Inconclusive",TRUE,TRUE
"FOSL1::JUN","JUN","Factor1",0.418724477291107,-0.530473882756254,"MethylMinus",TRUE,TRUE
"FOS::JUND","FOS","Factor1",0.417042106389999,-0.653859779446271,"MethylMinus",TRUE,TRUE
"JUN::JUNB","JUN","Factor1",0.414039045572281,-0.545253637033219,"MethylMinus",TRUE,TRUE
"FOSL2::JUN","JUN","Factor1",0.413282752037048,-0.525655033539174,"MethylMinus",TRUE,TRUE
"FOSL1::JUNB","JUNB","Factor1",0.412036567926407,-0.499850980415299,"MethylMinus",TRUE,TRUE
"NFIC(var.2)","NFIC","Factor1",0.407483458518982,0.168306520312429,"Inconclusive",TRUE,TRUE
"FOS::JUN","FOS","Factor1",0.407409697771072,-0.66362983945849,"MethylMinus",TRUE,TRUE
"FOS::JUNB","FOS","Factor1",0.407022297382355,-0.665511269710672,"MethylMinus",TRUE,TRUE
"FOSL2::JUNB","JUNB","Factor1",0.403927475214005,-0.497271626565902,"MethylMinus",TRUE,TRUE
"FOSB::JUNB","JUNB","Factor1",0.403526037931442,-0.498091576513995,"MethylMinus",TRUE,TRUE
"MEIS2(var.2)","MEIS2","Factor1",0.397803425788879,0.123244905332921,"MethylPlus",TRUE,TRUE
"RARA::RXRA","RARA","Factor2",0.388248890638351,0.455220257520769,"MethylPlus",TRUE,TRUE
"NR2F6(var.3)","NR2F6","Factor2",0.386259257793427,-0.323891703236161,"MethylPlus",TRUE,TRUE
"TFAP4(var.2)","TFAP4","Factor1",0.369450479745865,-0.273265518207741,"Inconclusive",TRUE,TRUE
"NFIC::TLX1","NFIC","Factor1",0.368653506040573,0.236068843725935,"Inconclusive",TRUE,TRUE
"RARA::RXRG","RARA","Factor2",0.365807235240936,0.258663326665152,"MethylPlus",TRUE,TRUE
"RARA(var.2)","RARA","Factor2",0.3639255464077,0.27205371099069,"MethylPlus",TRUE,TRUE
"PPARA::RXRA","PPARA","Factor1",0.360638409852982,-0.184868119315863,"Inconclusive",TRUE,TRUE
"RXRA::VDR","VDR","Factor2",0.266989260911942,0.17902609946573,"Inconclusive",TRUE,TRUE
"IRF2","IRF2",NA,NA,-0.231818518310125,"Little effect",TRUE,FALSE
"PPARG","PPARG",NA,NA,-0.124959214029512,"Inconclusive",TRUE,FALSE
"REL","REL",NA,NA,-0.161940498934317,"Inconclusive",TRUE,FALSE
"RELA","RELA",NA,NA,-0.37384103284587,"Inconclusive",TRUE,FALSE
"CTCF","CTCF",NA,NA,-0.0793663957424346,"Inconclusive",TRUE,FALSE
"DUX4","DUX4",NA,NA,-0.329015259125603,"Inconclusive",TRUE,FALSE
"FOS","FOS",NA,NA,-0.661022488507022,"MethylMinus",TRUE,FALSE
"JUN","JUN",NA,NA,-0.610605255003833,"MethylMinus",TRUE,FALSE
"MEF2C","MEF2C",NA,NA,0.157331115067619,"Inconclusive",TRUE,FALSE
"NR2C2","NR2C2",NA,NA,-0.37343216970053,"Inconclusive",TRUE,FALSE
"NRF1","NRF1",NA,NA,-0.0710140263967608,"Inconclusive",TRUE,FALSE
"TCF7L2","TCF7L2",NA,NA,-0.157722358378901,"Inconclusive",TRUE,FALSE
"IRF1","IRF1",NA,NA,-0.537225281242534,"Inconclusive",TRUE,FALSE
"STAT1","STAT1",NA,NA,-0.27747772155001,"Inconclusive",TRUE,FALSE
"STAT3","STAT3",NA,NA,-0.389630619864824,"Inconclusive",TRUE,FALSE
"YY1","YY1",NA,NA,-0.381435911157945,"MethylMinus",TRUE,FALSE
"FOXP2","FOXP2",NA,NA,-0.176203415888212,"Inconclusive",TRUE,FALSE
"SREBF1","SREBF1",NA,NA,0.333902420989092,"MethylMinus",TRUE,FALSE
"THAP1","THAP1",NA,NA,-0.474008199978181,"Inconclusive",TRUE,FALSE
"KLF5","KLF5",NA,NA,-0.139423915316462,"Little effect",TRUE,FALSE
"CREB3","CREB3",NA,NA,-0.0972227990801642,"MethylMinus",TRUE,FALSE
"ELF5","ELF5",NA,NA,0.337599884117137,"MethylMinus",TRUE,FALSE
"FOXO3","FOXO3",NA,NA,-0.292792585758609,"Inconclusive",TRUE,FALSE
"HNF1A","HNF1A",NA,NA,-0.356694765917092,"Inconclusive",TRUE,FALSE
"HNF1B","HNF1B",NA,NA,0.397563614781607,"Inconclusive",TRUE,FALSE
"KLF13","KLF13",NA,NA,0.364458594359052,"Little effect",TRUE,FALSE
"MEF2B","MEF2B",NA,NA,-0.197881861774493,"Inconclusive",TRUE,FALSE
"POU4F2","POU4F2",NA,NA,0.512258212345927,"Inconclusive",TRUE,FALSE
"SP4","SP4",NA,NA,-0.397994203852911,"Inconclusive",TRUE,FALSE
"TBX21","TBX21",NA,NA,-0.32063089779118,"Inconclusive",TRUE,FALSE
"TFAP4","TFAP4",NA,NA,-0.343550468717719,"Inconclusive",TRUE,FALSE
"PDX1","PDX1",NA,NA,0.279325455256506,"MethylPlus",TRUE,FALSE
"ESR1","ESR1",NA,NA,-0.00104346773531176,"MethylPlus",TRUE,FALSE
"NR2F1","NR2F1",NA,NA,0.338256328941409,"MethylPlus",TRUE,FALSE
"RARA","RARA",NA,NA,0.557362336964823,"MethylPlus",TRUE,FALSE
"ZBED1","ZBED1",NA,NA,0.205411935756604,"MethylMinus",TRUE,FALSE
"ZNF143","ZNF143",NA,NA,-0.10351519400893,"Inconclusive",TRUE,FALSE
"CUX1","CUX1",NA,NA,0.038591069620058,"MethylMinus",TRUE,FALSE
"E2F7","E2F7",NA,NA,0.142676898492852,"Little effect",TRUE,FALSE
"ETS1","ETS1",NA,NA,-0.45604849933531,"Inconclusive",TRUE,FALSE
"LEF1","LEF1",NA,NA,0.133672494356196,"Little effect",TRUE,FALSE
"MEIS1","MEIS1",NA,NA,-0.167992692225059,"Inconclusive",TRUE,FALSE
"MEIS2","MEIS2",NA,NA,0.0234670787268547,"MethylPlus",TRUE,FALSE
"MYBL2","MYBL2",NA,NA,0.282263728080349,"Little effect",TRUE,FALSE
"NFKB1","NFKB1",NA,NA,0.522198728143754,"Inconclusive",TRUE,FALSE
"POU2F1","POU2F1",NA,NA,-0.215559341554381,"Inconclusive",TRUE,FALSE
"PROX1","PROX1",NA,NA,-0.271258849106421,"MethylMinus",TRUE,FALSE
"RFX2","RFX2",NA,NA,-0.0056075439545636,"Inconclusive",TRUE,FALSE
"SMAD3","SMAD3",NA,NA,-0.431777862646422,"Inconclusive",TRUE,FALSE
"RUNX2","RUNX2",NA,NA,-0.334746802547849,"MethylMinus",TRUE,FALSE
"EOMES","EOMES",NA,NA,-0.428485937422908,"Inconclusive",TRUE,FALSE
"BHLHE40","BHLHE40",NA,NA,0.295622945930336,"Little effect",TRUE,FALSE
"BHLHE22","BHLHE22",NA,NA,0.40926542325206,"Inconclusive",TRUE,FALSE
"CLOCK","CLOCK",NA,NA,0.107820017583096,"MethylMinus and MethylPlus",TRUE,FALSE
"MAX","MAX",NA,NA,-0.294107212988239,"MethylMinus",TRUE,FALSE
"MNT","MNT",NA,NA,0.339872691322735,"Inconclusive",TRUE,FALSE
"ATF7","ATF7",NA,NA,0.359935454663974,"MethylMinus",TRUE,FALSE
"CEBPB","CEBPB",NA,NA,-0.598129443112944,"Little effect",TRUE,FALSE
"CEBPG","CEBPG",NA,NA,-0.40626064806507,"Little effect",TRUE,FALSE
"CREB3L1","CREB3L1",NA,NA,0.0448169955911919,"Little effect",TRUE,FALSE
"NFE2","NFE2",NA,NA,-0.281718052998176,"Inconclusive",TRUE,FALSE
"TP53","TP53",NA,NA,0.0696470254560014,"Inconclusive",TRUE,FALSE
"TP73","TP73",NA,NA,0.0862443042453045,"Inconclusive",TRUE,FALSE
"E2F1","E2F1",NA,NA,0.0101599974026606,"MethylMinus",TRUE,FALSE
"ELK1","ELK1",NA,NA,-0.284883420548157,"MethylMinus",TRUE,FALSE
"HMBOX1","HMBOX1",NA,NA,0.0597826625055062,"Inconclusive",TRUE,FALSE
"GATA2","GATA2",NA,NA,-0.242928050052112,"Inconclusive",TRUE,FALSE
"HIF1A","HIF1A",NA,NA,0.254358399431768,"Inconclusive",TRUE,FALSE
"MYC","MYC",NA,NA,0.0913330005777771,"Inconclusive",TRUE,FALSE
"MYB","MYB",NA,NA,-0.0545967238522257,"Inconclusive",TRUE,FALSE
"NEUROD1","NEUROD1",NA,NA,-0.181224187302961,"Inconclusive",TRUE,FALSE
"NFIC","NFIC",NA,NA,0.0442048765676689,"Inconclusive",TRUE,FALSE
"PAX5","PAX5",NA,NA,-0.284817289682625,"Inconclusive",TRUE,FALSE
"PBX3","PBX3",NA,NA,-0.311001671029068,"Inconclusive",TRUE,FALSE
"POU5F1","POU5F1",NA,NA,-0.411805565645154,"MethylPlus",TRUE,FALSE
"RBPJ","RBPJ",NA,NA,-0.195884875884057,"Inconclusive",TRUE,FALSE
"SIX2","SIX2",NA,NA,-0.149852111488923,"Inconclusive",TRUE,FALSE
"SOX13","SOX13",NA,NA,0.0201216297799118,"Inconclusive",TRUE,FALSE
"TEAD2","TEAD2",NA,NA,-0.411470587289493,"Inconclusive",TRUE,FALSE
"ZBTB7A","ZBTB7A",NA,NA,0.368007947506385,"Little effect",TRUE,FALSE
"ZNF24","ZNF24",NA,NA,-0.110792480684241,"Inconclusive",TRUE,FALSE
"GATA3","GATA3",NA,NA,0.0300624760757315,"Little effect",TRUE,FALSE
"VDR","VDR",NA,NA,0.187752873974368,"Inconclusive",TRUE,FALSE
"IRF3","IRF3",NA,NA,0.00219232851260516,"Inconclusive",TRUE,FALSE
"IRF4","IRF4",NA,NA,-0.357100061369156,"MethylMinus",TRUE,FALSE
"BACH2","BACH2",NA,NA,-0.117374128965708,"MethylMinus",TRUE,FALSE
"ETS2","ETS2",NA,NA,-0.396201850005877,"MethylMinus",TRUE,FALSE
"IKZF1","IKZF1",NA,NA,-0.530226205658795,"Inconclusive",TRUE,FALSE
"KLF6","KLF6",NA,NA,0.00746655411680549,"MethylPlus",TRUE,FALSE
"MAF","MAF",NA,NA,-0.124802660668248,"MethylMinus",TRUE,FALSE
"MAZ","MAZ",NA,NA,-0.328959452182847,"Inconclusive",TRUE,FALSE
"THAP11","THAP11",NA,NA,-0.480587933040632,"Inconclusive",TRUE,FALSE
"ZKSCAN1","ZKSCAN1",NA,NA,-0.0747711675924681,"Inconclusive",TRUE,FALSE
"ASCL1","ASCL1",NA,NA,0.178094706234004,"Inconclusive",TRUE,FALSE
"ATF3","ATF3",NA,NA,0.379969740612745,"MethylMinus",TRUE,FALSE
"BCL6","BCL6",NA,NA,0.302970739001185,"MethylMinus",TRUE,FALSE
"E2F4","E2F4",NA,NA,0.267144545382818,"MethylMinus",TRUE,FALSE
"HOXA9","HOXA9",NA,NA,-0.363608170782845,"MethylPlus",TRUE,FALSE
"SP1","SP1",NA,NA,-0.0343663878574585,"Little effect",TRUE,FALSE
"SP2","SP2",NA,NA,-0.236750021698339,"Little effect",TRUE,FALSE
"SP3","SP3",NA,NA,0.101093317485718,"Little effect",TRUE,FALSE
"ZNF740","ZNF740",NA,NA,-0.529444365448446,"Little effect",TRUE,FALSE
"ATF2","ATF2",NA,NA,-0.262586707529038,"MethylMinus",TRUE,FALSE
"BACH1","BACH1",NA,NA,-0.490929945223857,"Inconclusive",TRUE,FALSE
"BATF","BATF",NA,NA,-0.373289953754473,"Inconclusive",TRUE,FALSE
"CEBPA","CEBPA",NA,NA,-0.529382358398842,"Inconclusive",TRUE,FALSE
"CREB1","CREB1",NA,NA,-0.507718100955403,"MethylMinus",TRUE,FALSE
"CTCFL","CTCFL",NA,NA,-0.261075912665192,"Inconclusive",TRUE,FALSE
"E2F6","E2F6",NA,NA,0.0699855893149962,"Inconclusive",TRUE,FALSE
"EBF1","EBF1",NA,NA,0.0695534181654639,"Inconclusive",TRUE,FALSE
"EGR1","EGR1",NA,NA,-0.0751096303831501,"Little effect",TRUE,FALSE
"EHF","EHF",NA,NA,0.0577799017473559,"Inconclusive",TRUE,FALSE
"ELF1","ELF1",NA,NA,-0.382949188279548,"MethylMinus",TRUE,FALSE
"ELF3","ELF3",NA,NA,-0.560253581421998,"MethylMinus",TRUE,FALSE
"ESRRA","ESRRA",NA,NA,-0.0461564979656205,"Inconclusive",TRUE,FALSE
"ETV1","ETV1",NA,NA,-0.308611662188569,"MethylMinus",TRUE,FALSE
"FOXA1","FOXA1",NA,NA,-0.156644801203655,"Inconclusive",TRUE,FALSE
"FOXK2","FOXK2",NA,NA,-0.214345409308416,"Inconclusive",TRUE,FALSE
"FOXP1","FOXP1",NA,NA,0.173698291152024,"Inconclusive",TRUE,FALSE
"GABPA","GABPA",NA,NA,-0.00117074718216057,"MethylMinus",TRUE,FALSE
"GATA6","GATA6",NA,NA,0.136400793202741,"Little effect",TRUE,FALSE
"GRHL2","GRHL2",NA,NA,-0.0112059810516405,"Inconclusive",TRUE,FALSE
"HNF4A","HNF4A",NA,NA,0.182618483454634,"Inconclusive",TRUE,FALSE
"HNF4G","HNF4G",NA,NA,0.504407385225651,"Inconclusive",TRUE,FALSE
"HOXB13","HOXB13",NA,NA,-0.0881287391199969,"MethylPlus",TRUE,FALSE
"JUNB","JUNB",NA,NA,-0.481118717164587,"MethylMinus",TRUE,FALSE
"KLF9","KLF9",NA,NA,0.105390569996234,"Inconclusive",TRUE,FALSE
"MAFF","MAFF",NA,NA,-0.304043064747942,"MethylMinus",TRUE,FALSE
"MAFG","MAFG",NA,NA,-0.300977979237028,"MethylMinus",TRUE,FALSE
"MAFK","MAFK",NA,NA,-0.528514215723319,"Inconclusive",TRUE,FALSE
"MEF2A","MEF2A",NA,NA,0.1526227193797,"Inconclusive",TRUE,FALSE
"MITF","MITF",NA,NA,0.00595839353527161,"Inconclusive",TRUE,FALSE
"MXI1","MXI1",NA,NA,0.0293995415398638,"Inconclusive",TRUE,FALSE
"MYOD1","MYOD1",NA,NA,0.630157915451531,"Little effect",TRUE,FALSE
"NFE2L1","NFE2L1",NA,NA,-0.437392241040054,"Inconclusive",TRUE,FALSE
"NFYB","NFYB",NA,NA,-0.288625475084701,"Inconclusive",TRUE,FALSE
"NR4A1","NR4A1",NA,NA,-0.332518430677279,"Inconclusive",TRUE,FALSE
"ONECUT1","ONECUT1",NA,NA,-0.0379811245045158,"MethylMinus",TRUE,FALSE
"OTX2","OTX2",NA,NA,0.0840376478984586,"Inconclusive",TRUE,FALSE
"PBX2","PBX2",NA,NA,-0.120676133742599,"Inconclusive",TRUE,FALSE
"PKNOX1","PKNOX1",NA,NA,-0.099732685348888,"MethylPlus",TRUE,FALSE
"PRDM1","PRDM1",NA,NA,0.102219894843463,"Inconclusive",TRUE,FALSE
"RFX1","RFX1",NA,NA,-0.0708422092475624,"Inconclusive",TRUE,FALSE
"SNAI2","SNAI2",NA,NA,-0.517025567485123,"MethylPlus",TRUE,FALSE
"SPI1","SPI1",NA,NA,-0.635459361158048,"Inconclusive",TRUE,FALSE
"SPIB","SPIB",NA,NA,-0.48550271412692,"MethylMinus",TRUE,FALSE
"TCF4","TCF4",NA,NA,0.664432208306105,"MethylMinus",TRUE,FALSE
"TCF7","TCF7",NA,NA,-0.196428290335016,"MethylMinus",TRUE,FALSE
"TEAD1","TEAD1",NA,NA,-0.0925218869481353,"Inconclusive",TRUE,FALSE
"TEAD4","TEAD4",NA,NA,0.126130644370769,"Inconclusive",TRUE,FALSE
"TFAP2A","TFAP2A",NA,NA,0.281162418658603,"MethylMinus",TRUE,FALSE
"USF1","USF1",NA,NA,-0.48738443630989,"MethylMinus",TRUE,FALSE
"USF2","USF2",NA,NA,-0.470060582632714,"MethylMinus",TRUE,FALSE
"ZNF263","ZNF263",NA,NA,0.372093501062705,"Inconclusive",TRUE,FALSE
"CREM","CREM",NA,NA,-0.1480774619277,"MethylMinus",TRUE,FALSE
