"tf","TF mRNA","VIPER activity"
"IRF2",0.183170319893972,0.379837945773542
"MAX",0.699425703554925,0.317473684718745
"PPARG",0.835100884511917,0.703587937625874
"VDR",0.614840235981737,0.539163354484725
"REL",0.444922258852897,0.200427616490607
"RELA",0.511861594463281,0.302571785373394
"NFIC",0.455423483865841,0.640708730597847
"CTCF",0.221891359224345,0.675912326664094
"RARA",0.474231780077609,0.408365911883162
"ARNT",0.121062715086588,0.669920334594493
"DUX4",0.145299145299145,0.404814176764832
"FOS",0.645712518479188,0.6251387468878
"JUN",0.227724112560818,0.44239612698991
"MEF2C",0.398417783933161,0.228891462578156
"MAF",0.665047990333954,0.195907682186663
"NR2C2",0.531606474182869,0.416659044056552
"NRF1",0.50480425185315,0.378108091040286
"SMAD3",0.429902543660794,0.555333850818052
"STAT1",0.127662580822071,0.556248629531841
"TCF7L2",0.509529814456117,0.124801291560609
"IRF1",0.68147432438719,0.184060347498029
"STAT3",0.483460862520242,0.554674589609216
"YY1",0.437577419668633,0.333247057363435
"FOXP2",0.298061822745967,0.418975709802703
"SREBF1",0.269057332655254,0.84918045429029
"THAP1",0.170493455374751,0.124165729043917
"KLF5",0.598984049714582,0.410192191108036
"CREB3",0.73949041916442,0.640003664087194
"ELF5",0.38676062242466,0.384383114881743
"FOXO3",0.421115737686572,0.637741369952256
"HNF1A",0.0810328016902841,0.170058864949833
"HNF1B",0.491435657373001,0.119843821844338
"KLF13",0.702751909698031,0.327196198905001
"MEF2B",0.526504507288598,0.445170046185343
"SP4",0.637338257547379,0.280008203183303
"TBX21",0.33398713917722,0.714103280121851
"TFAP4",0.386034243870626,0.473591255312363
"PDX1",0.0883190883190883,0.302083872277039
"ESR1",0.490148712390911,0.542029241640534
"NR2F1",0.303222378837735,0.332280708252152
"ZBED1",0.30385672534837,0.416390671383807
"ZNF143",0.227949356453756,0.248047970309882
"CUX1",0.506697233895921,0.271571311059291
"E2F7",0.285275786066594,0.159073307384356
"ETS1",0.648697670865716,0.415270375597411
"LEF1",0.605339692290755,0.623708907276837
"MEIS1",0.231409636590878,0.494708289275778
"MEIS2",0.127566280892554,0.514843718559092
"MYBL2",0.373165166114844,0.213325737861259
"NFKB1",0.356630984762337,0.427810776480015
"POU2F1",0.361926091458392,0.623978182717811
"PROX1",0.143944601539767,0.341320808898268
"RFX2",0.330687370024084,0.36290658937766
"RUNX2",0.8726929422221,0.684784436983882
"EOMES",0.609449098034461,0.432520389375432
"TFAP2A",0.129218926041617,0.709663614653612
"BHLHE40",0.355293202213497,0.410466759317423
"BHLHE22",0.656749444975517,0.4608385414092
"CLOCK",0.471634530135765,0.518881825040106
"MNT",0.652997117293445,0.415393278125823
"ATF7",0.298245032055853,0.609300832507957
"CEBPB",0.498616370676772,0.392499399465876
"CEBPG",0.441010829732018,0.416298459990111
"CREB3L1",0.70615421901498,0.621374715937713
"NFE2",0.553761765252199,0.435226184742509
"TP53",0.354659989681139,0.620596373745041
"TP73",0.11129826773586,0.42947840664677
"E2F1",0.722159319619633,0.648198403913582
"ELK1",0.416045322019445,0.655920842575692
"HMBOX1",0.361570544645563,0.706430041687697
"GATA2",0.336412905599666,0.40217671252739
"HIF1A",0.313057078926623,0.64278224582439
"MYC",0.391898643667336,0.599388560615672
"MYB",0.619785348754857,0.0938912197174705
"NEUROD1",0.0861395420671097,0.404192062602623
"PAX5",0.432372955268013,0.335272419044964
"PBX3",0.285270953181437,0.460459165574091
"POU5F1",0.345474960221052,0.405517421255273
"RBPJ",0.510169943077241,0.405070558898761
"SOX13",0.631663959323322,0.555706331907503
"TEAD2",0.0935389681739199,0.453357889136429
"ZBTB7A",0.317550706152434,0.308114707633092
"ZNF24",0.31369255497809,0.435091273558747
"GATA3",0.555884019064148,0.590049062410027
"JUNB",0.774217805388961,0.474980023613381
"PPARA",0.601335419920818,0.764118706883555
"IRF3",0.35787669209495,0.152953433328655
"IRF4",0.608187226605802,0.575623834832596
"BACH2",0.549693433953731,0.491342846784477
"ETS2",0.494727384420209,0.32127519944005
"HNF4A",0.0875009499894844,0.364870694129171
"IKZF1",0.636361583731795,0.410852126103642
"KLF6",0.468590370496083,0.386371775902658
"MAZ",0.30385746221176,0.134050511326851
"NR2F6",0.716176515531577,0.527877500538903
"THAP11",0.32879860666088,0.697868322274684
"ZKSCAN1",0.36588476094088,0.565089746528082
"ASCL1",0.484536916700324,0.346485697927528
"ATF3",0.746372506548441,0.484191191213788
"BATF",0.328504119609267,0.390734853185454
"BCL6",0.507934995507271,0.68861403596402
"E2F4",0.111041923194602,0.593587726620023
"HOXA9",0.34566552850963,0.568741038026322
"SP1",0.295581237477607,0.603751131550677
"SP2",0.49036956223206,0.544492374288331
"SP3",0.693785817685615,0.543577536485058
"ZNF740",0.380339677638716,0.645326400317692
"ATF2",0.381483437384538,0.430324477186248
"BACH1",0.499442697087141,0.683302154811224
"TCF12",0.427135861080029,0.504293929117546
"CEBPA",0.562786326662629,0.449191776271101
"CREB1",0.589794162816388,0.590200100852459
"CTCFL",0.120879120879121,0.432110361571863
"E2F6",0.652312354619749,0.413340671521642
"EBF1",0.434105717703004,0.419385797559731
"EGR1",0.491440412912629,0.730282038030845
"EHF",0.721108655228602,0.501970857331683
"ELF1",0.614347549590437,0.535420653367579
"ELF3",0.71725213215561,0.493294093747159
"ESRRA",0.56061970775772,0.637201302021561
"ETV1",0.0989375635641102,0.160247499653248
"FOXA1",0.153465195730551,0.526897349994316
"FOXK2",0.487569866972547,0.473908922175043
"FOXP1",0.631917708201427,0.458239910306656
"GABPA",0.290066597904714,0.108298079811075
"GATA6",0.172950810602602,0.342471958756335
"GRHL2",0.120879120879121,0.649309284137497
"HNF4G",0.13609364066667,0.515833508127423
"KLF9",0.378526189978702,0.428173650144143
"MAFF",0.56898831558409,0.440516041375332
"MAFG",0.485307659487693,0.367716068700984
"MAFK",0.0169334897955899,0.509824264910381
"MEF2A",0.228774092570708,0.300821172209853
"MITF",0.779612543850147,0.252993477744975
"MXI1",0.125661128636185,0.305071321181627
"MYOD1",0.121611823764415,0.494344348604254
"NFE2L1",0.780384952360917,0.682015317914963
"NFYB",0.307764114348651,0.440726233819932
"NR4A1",0.404117885856927,0.46766508258885
"ONECUT1",0.0883190883190883,0.208317182600468
"OTX2",0.21032168380017,0.298163609552991
"PBX2",0.743030777550266,0.630292026208947
"PKNOX1",0.332991601068179,0.533947416026766
"PRDM1",0.298093703098149,0.716750351262797
"RFX1",0.57899280641651,0.163720358495882
"SNAI2",0.0806533187940227,0.296804026274789
"SPI1",0.473471568405442,0.46319282918689
"SPIB",0.339155541823492,0.426927759268159
"TCF4",0.386894839283143,0.613247338185514
"TCF7",0.58367704627259,0.265885488610775
"TEAD1",0.446927588825827,0.661624773358648
"TEAD4",0.385333626323999,0.451718416432178
"USF1",0.292644384706683,0.51490222639179
"USF2",0.410049033043571,0.517056422166799
"ZNF263",0.385600162095249,0.364441190500619
"CREM",0.225308373610703,0.438021754847779
