"motif","tf","TF mRNA","VIPER activity"
"IRF2","IRF2",-0.0458563003751401,-0.241576179888071
"MAX::MYC","MAX",0.125881827396456,-0.415562510084606
"PPARG","PPARG",-0.0926687069951292,-0.167257876902177
"RXRA::VDR","VDR",0.167828186891833,0.18867927166974
"REL","REL",-0.325562595307441,-0.428181581442806
"RELA","RELA",0.216597371312537,-0.509472901330571
"NFIC::TLX1","NFIC",-0.331987820813948,0.099116324136831
"CTCF","CTCF",0.270007910163546,-0.16897849396828
"RARA::RXRA","RARA",0.471411020241482,0.481039318042528
"ARNT::HIF1A","ARNT",-0.367046939378014,-0.183960437329584
"DUX4","DUX4",0.126126820156504,-0.281134276628444
"FOS","FOS",0.382528679874901,-0.748690581488662
"JUN","JUN",0.130534073093718,-0.526057166393968
"JUN(var.2)","JUN",-0.0108604566349116,-0.531030138299901
"MEF2C","MEF2C",0.0855656568262901,0.268308660485057
"MAF::NFE2","MAF",-0.198968681838901,0.118126578431856
"NR2C2","NR2C2",-0.209429778042861,-0.358257687112755
"NRF1","NRF1",-0.214624848327156,-0.522572177560443
"SMAD2::SMAD3::SMAD4","SMAD3",-0.372573854063319,0.40682004081168
"STAT1::STAT2","STAT1",-0.0980854947172014,-0.359173214676036
"TCF7L2","TCF7L2",0.364199542065531,-0.23608343635498
"IRF1","IRF1",-0.0946731764688836,-0.373389536343744
"STAT1","STAT1",-0.0673516834721368,-0.231038290601738
"STAT3","STAT3",-0.340187143177134,-0.426394518997582
"YY1","YY1",-0.288239340079965,-0.244414746343663
"FOXP2","FOXP2",0.122988658552935,-0.276679148260819
"SREBF1","SREBF1",-0.201048424869976,0.300447255975747
"THAP1","THAP1",0.0551543650407886,-0.390120713799366
"KLF5","KLF5",-0.0799743442230303,-0.234511509575212
"CREB3","CREB3",0.00480036454260403,-0.308256203691466
"ELF5","ELF5",-0.13906746466558,0.228873022107258
"FOXO3","FOXO3",-0.211616686413664,-0.235385170307532
"HNF1A","HNF1A",0.129111813264416,-0.348596826439271
"HNF1B","HNF1B",0.243015323922694,0.0357765789770869
"KLF13","KLF13",-0.0844523587776704,0.344748988241821
"MEF2B","MEF2B",0.0318959406176301,0.0188335074065163
"SP4","SP4",-0.112516172407408,-0.429820703172336
"TBX21","TBX21",-0.225972515465574,-0.37299397200892
"TFAP4","TFAP4",0.241065299429225,-0.403450546553108
"PDX1","PDX1",-0.12299465926478,0.215712848944021
"ESR1","ESR1",0.3565143504851,0.160772126844426
"NR2F1","NR2F1",-0.036698904010255,0.210082328699652
"RARA","RARA",0.323451314241181,0.605056041186129
"RARA(var.2)","RARA",0.0129194092119627,0.186934638092759
"ZBED1","ZBED1",-0.440857060918151,-0.0502832668310707
"ZNF143","ZNF143",-0.0827065133801088,-0.211864790312004
"CUX1","CUX1",0.257033007298646,0.14739979131069
"E2F7","E2F7",0.220527783479786,-0.101716001003693
"ETS1","ETS1",0.425123753882336,-0.491728508788497
"LEF1","LEF1",-0.703372852396477,0.0743483855759033
"MEIS1","MEIS1",-0.245313603186568,-0.224352745688515
"MEIS2","MEIS2",0.0642161244104304,-0.0525794484165262
"MYBL2","MYBL2",0.159432353546939,0.287138578288227
"NFKB1","NFKB1",-0.0588006905544927,0.440354737272677
"POU2F1","POU2F1",0.160582671500292,-0.443453781011392
"PROX1","PROX1",0.299596238432921,-0.290840014761375
"RFX2","RFX2",-0.164304778155526,-0.0473234877538858
"SMAD3","SMAD3",0.365774844908328,-0.477002647818932
"RUNX2","RUNX2",-0.126144080584505,-0.347828184928094
"EOMES","EOMES",-0.864447091410631,-0.668404915663084
"TFAP2A(var.2)","TFAP2A",0.183712788082377,-0.058378762342063
"BHLHE40","BHLHE40",-0.456274230842819,0.439641842032923
"BHLHE22","BHLHE22",-0.287396700363345,0.531910115789382
"CLOCK","CLOCK",0.0576739627214121,-0.0643852289715732
"MAX","MAX",0.166966765054138,-0.403508363830071
"MNT","MNT",-0.177281202166107,0.44766267044683
"ATF7","ATF7",0.11353303872778,0.174810752357693
"CEBPB","CEBPB",-0.654551212222536,-0.658152496851215
"CEBPG","CEBPG",0.174373834427239,-0.572511402815351
"CREB3L1","CREB3L1",-0.151214855509588,-0.190451547568693
"NFE2","NFE2",0.271932633195172,-0.351103586913238
"TP53","TP53",-0.410860994599769,-0.165036739908035
"TP73","TP73",-0.185266124750999,-0.391882621045145
"E2F1","E2F1",0.0849894896903967,0.203453644429578
"TFAP2A(var.3)","TFAP2A",0.120851154020586,-0.323210577238288
"ELK1","ELK1",-0.0361582992738417,-0.364744954305496
"HMBOX1","HMBOX1",0.261992207461655,0.0293390083827204
"GATA2","GATA2",-0.379405174371023,0.123609092563851
"HIF1A","HIF1A",0.0498493964325704,0.154602656917243
"MYC","MYC",0.142907350446108,0.0759939145570808
"MYB","MYB",0.226054633686441,-0.174647620788025
"NEUROD1","NEUROD1",-0.1732868884312,-0.385613848509879
"NFIC","NFIC",-0.274806049641544,0.0230419152105153
"PAX5","PAX5",0.0664704182428157,-0.114013448129646
"PBX3","PBX3",-0.07831473129177,-0.493830404807978
"POU5F1","POU5F1",-0.0069618506285155,-0.172089483687477
"RBPJ","RBPJ",-0.333309650227205,-0.305222143558562
"SOX13","SOX13",0.112266240261609,0.119388612553227
"TEAD2","TEAD2",0.0870450847002902,-0.191206035162889
"ZBTB7A","ZBTB7A",-0.269765235058433,0.50017698151249
"ZNF24","ZNF24",-0.213643443336622,-0.206208263152281
"GATA3","GATA3",-0.367301857374846,-0.153582446633165
"FOS::JUN","FOS",0.397171146077685,-0.748154193876205
"FOS::JUN(var.2)","FOS",-0.120550132318526,-0.556545639932587
"FOSB::JUN","JUN",0.105269107712116,-0.546930793312397
"FOSL1::JUN","JUN",-0.0168212064905603,-0.538008239904905
"FOSL1::JUN(var.2)","JUN",0.0942783856614823,-0.558133397052695
"FOSL2::JUN","JUN",-0.0123901158408155,-0.530419082509343
"FOSL2::JUN(var.2)","JUN",0.117430888947624,-0.587942719560429
"JUN::JUNB","JUN",-0.0162805746156319,-0.548655337356975
"JUN::JUNB(var.2)","JUN",0.0983469902160391,-0.548545809319542
"FOS::JUNB","FOS",0.400280835653258,-0.742274113926079
"FOSB::JUNB","JUNB",0.556634661997293,-0.549898344696314
"FOSB::JUNB(var.2)","JUNB",0.0463049582046663,-0.56709921318269
"FOSL1::JUNB","JUNB",0.515862300258211,-0.567094233257721
"FOSL2::JUNB","JUNB",0.554666054703275,-0.549946237599825
"FOSL2::JUNB(var.2)","JUNB",0.0915225521600529,-0.585510014559416
"FOS::JUND","FOS",0.37849611546528,-0.739904451432996
"PPARA::RXRA","PPARA",-0.58055956500762,-0.312701040774971
"RARA::RXRG","RARA",0.201341269805697,0.178843721185749
"VDR","VDR",0.42290822063639,0.110147611829034
"IRF3","IRF3",0.221764989854452,-0.102592015081784
"IRF4","IRF4",-0.298726311081537,-0.209478637774028
"BACH2","BACH2",0.556685053753265,-0.141991293709928
"BACH2(var.2)","BACH2",0.419279060819061,-0.351654473734766
"ETS2","ETS2",-0.390552458579467,-0.48469516394218
"HNF4A(var.2)","HNF4A",-0.163607935989926,0.151392136053694
"IKZF1","IKZF1",0.331357842150998,-0.574640907016923
"KLF6","KLF6",-0.0795614120539573,-0.24179626898443
"MAF","MAF",0.00341864362093029,0.157317761543456
"MAZ","MAZ",-0.0465817724654901,-0.360589929207329
"NFIC(var.2)","NFIC",-0.329540829558708,0.0442626791880372
"NR2C2(var.2)","NR2C2",0.248493892497125,-0.557142114270968
"NR2F1(var.2)","NR2F1",-0.0749924821269867,-0.320186481647491
"NR2F1(var.3)","NR2F1",0.149648629244286,-0.289529463260485
"NR2F6(var.3)","NR2F6",0.111099566628717,-0.208501017969297
"TFAP4(var.2)","TFAP4",0.467080628576321,-0.272999214174054
"THAP11","THAP11",-0.017174143999128,-0.527098184488108
"ZKSCAN1","ZKSCAN1",-0.243751919259458,-0.0120196134346438
"ASCL1","ASCL1",-0.126069062368796,-0.192626382938382
"ATF3","ATF3",-0.356088040485586,0.374915343140836
"BATF::JUN","BATF",-0.419163367542432,-0.276224368126746
"BCL6","BCL6",-0.274565033601461,0.369051071771963
"E2F4","E2F4",0.0944313340589795,0.108760755389052
"HOXA9","HOXA9",-0.299610854119186,-0.282812583040849
"JUNB(var.2)","JUNB",0.0595308733438613,-0.561536624641169
"SP1","SP1",0.298912428484483,-0.151286243015164
"SP2","SP2",-0.0907881442652223,-0.188964646648026
"SP3","SP3",0.137880016955703,0.0261985438587787
"ZNF740","ZNF740",-0.208792415673889,-0.521790730174687
"ASCL1(var.2)","ASCL1",0.161702398989952,0.238639357167679
"ATF2","ATF2",0.223410551656976,-0.398667643972008
"BACH1","BACH1",-0.242111180890831,-0.669658951170212
"BATF","BATF",-0.411638850893032,-0.269611190600754
"BHLHE22(var.2)","BHLHE22",-0.44615526267592,0.246600684091117
"CEBPG(var.2)","CEBPG",0.283257305312146,-0.483726804665842
"MEIS1(var.2)","MEIS1",-0.188653395229292,-0.421102547852047
"MEIS2(var.2)","MEIS2",0.064714376407941,0.0958697062697714
"TCF12(var.2)","TCF12",-0.237444222381202,0.529776506155373
"CEBPA","CEBPA",-0.543209105415247,-0.566116446279969
"CREB1","CREB1",0.2727000427614,-0.552520793661581
"CTCFL","CTCFL",0.147336133841515,-0.361046486002531
"E2F6","E2F6",-0.0403470433011265,0.146979008322974
"EBF1","EBF1",-0.192605279229841,-0.314306041799865
"EGR1","EGR1",0.257525762244923,-0.0109115184819483
"EHF","EHF",-0.341614741939245,0.0797820225104828
"ELF1","ELF1",0.3297292705064,-0.362985743731849
"ELF3","ELF3",-0.124740444824174,-0.651182827568005
"ESRRA","ESRRA",-0.101738995255472,-0.126883958497748
"ETV1","ETV1",0.226406995085826,-0.216211466827715
"FOXA1","FOXA1",0.080052973929797,-0.0837417762283863
"FOXK2","FOXK2",0.254865725624692,-0.15576096718524
"FOXP1","FOXP1",0.050588956778502,0.123428827972968
"GABPA","GABPA",0.455498514366808,-0.0217333496173149
"GATA6","GATA6",0.0245674781534017,0.238895580758492
"GRHL2","GRHL2",0.191762046492503,-0.110684624131474
"HNF4A","HNF4A",0.0155649370947743,0.414330662103984
"HNF4G","HNF4G",0.143370096158114,0.542824456387011
"JUNB","JUNB",0.474187255358668,-0.552030897875842
"KLF9","KLF9",-0.380106825425408,0.0944143788319833
"MAFF","MAFF",-0.34039876286674,-0.300637564586729
"MAFG","MAFG",-0.400408080039966,-0.330506559947761
"MAFK","MAFK",-0.0391677233516998,-0.577646288372978
"MEF2A","MEF2A",-0.181081262716337,0.150614313165419
"MITF","MITF",-0.398641067759904,-0.0173282813317271
"MXI1","MXI1",0.182773684335261,-0.0436945121614898
"MYOD1","MYOD1",0.114405775145267,0.428593847411297
"NFE2L1","NFE2L1",-0.320206973363885,-0.63613853333305
"NFYB","NFYB",-0.267235907709135,0.0867097115683034
"NR4A1","NR4A1",0.274388780100612,-0.28623939040702
"ONECUT1","ONECUT1",0.0202977294144345,0.0668581379291415
"OTX2","OTX2",-0.378747056900853,0.0197277599341196
"PBX2","PBX2",0.173702829916055,-0.169369247192286
"PKNOX1","PKNOX1",-0.112293169467058,-0.466308678387781
"PRDM1","PRDM1",-0.470469548894613,0.142462906421073
"RFX1","RFX1",-0.152419328932067,-0.11355346508714
"SNAI2","SNAI2",0.144459701130767,-0.375065332427316
"SPI1","SPI1",-0.556121047639835,-0.591417518749914
"SPIB","SPIB",-0.387770415879604,-0.37460834026231
"SREBF1(var.2)","SREBF1",-0.233737944947966,0.320631165337143
"TCF4","TCF4",0.438945044491785,0.492986725219404
"TCF7","TCF7",-0.739004717919463,-0.294910401917804
"TEAD1","TEAD1",0.180347992968194,0.138920462768933
"TEAD4","TEAD4",0.00974134914516137,0.299412114193422
"TFAP2A","TFAP2A",0.167501020928151,0.159658174941308
"USF1","USF1",-0.0264044761905773,-0.60983492732756
"USF2","USF2",0.0370074512032071,-0.512875685143919
"ZNF263","ZNF263",0.0781697122043453,0.352930020656755
"CREM","CREM",0.350688217561384,-0.159742569064383
