motifs	p_value	p_value_adjusted
FOXF2	0.588538849216624	0.729326573931189
FOXD1	0.0088338709365924	0.0263349359996528
IRF2	0.319042608367875	0.467830460530155
MZF1(var.2)	0.319042608367875	0.467830460530155
MAX::MYC	0.734273011827219	0.822802382047522
PPARG	0.294968748035842	0.441754143977848
PAX6	5.65455549669931e-12	8.93419768478492e-10
PBX1	0.734273011827219	0.822802382047522
RORA	0.000305355547365997	0.00153162465028024
RORA(var.2)	0.0103478281393266	0.0297264881093383
RREB1	0.0250127379372968	0.0619923544171435
RXRA::VDR	0.00453665879789043	0.014933168543056
SOX9	0.125041303363473	0.23107047873016
SRY	0.504686805615151	0.668683566349634
TAL1::TCF3	2.54454997351469e-10	1.14868255947235e-08
REL	0.112824702212826	0.213488658079359
RELA	0.0306614366659403	0.0736807147257577
NR1H2::RXRA	0.0286703259723917	0.0694239310902359
NFIC::TLX1	0.0103478281393266	0.0297264881093383
ZNF354C	0.00692471932688919	0.0213484029980194
CTCF	0.0577140313311012	0.121584226004187
EWSR1-FLI1	0.0911685356507088	0.179496930003888
REST	0.175792113374908	0.301085679276264
NFATC2	0.0480886511247446	0.105527873301523
INSM1	0.65982754665116	0.783855280984085
RARA::RXRA	0.0577140313311012	0.121584226004187
NR4A2	0.167742844696813	0.291245818264796
PLAG1	0.0233369967600984	0.0582963713532894
ARNT::HIF1A	0.850464086846431	0.911005598113465
DUX4	0.0151518427520432	0.0410985605978168
FOS	0.678166182806141	0.793705606543483
FOSL2	0.678166182806141	0.793705606543483
FOXH1	0.003183305797507	0.0113663800227369
JUN	0.554251959377095	0.704803296431235
JUN(var.2)	0.554251959377095	0.704803296431235
JUND(var.2)	0.623752449432045	0.752312114582161
MEF2C	0.00042823725437841	0.00201974585647131
MAF::NFE2	0.167742844696813	0.291245818264796
NR2C2	0.27211654157172	0.413407822772421
NRF1	0.240114735963582	0.374697563281442
POU2F2	0.00494568785521078	0.0161117253839856
SMAD2::SMAD3::SMAD4	0.000533438184172633	0.00246082432406645
STAT1::STAT2	9.12317236402906e-05	0.00055440816673715
TCF7L2	0.00290684027890252	0.0106192084177248
ZBTB33	0.00586225978838795	0.0188068435850822
ELK4	0.000132887052799493	0.000743226702383005
ESR2	0.344337969171039	0.497989923377795
IRF1	0.00135780624556486	0.00543122498225944
STAT1	0.989973414792091	0.99469506859873
STAT3	0.715398773608423	0.814652297154096
GATA1::TAL1	0.606033736468266	0.742273878775085
YY1	0.0286703259723917	0.0694239310902359
FOXP2	0.167742844696813	0.291245818264796
SREBF1	0.0577140313311012	0.121584226004187
SREBF2	0.00042823725437841	0.00201974585647131
THAP1	0.398561486227285	0.55605046202129
KLF5	0.118812813701301	0.222818095724694
DMRT3	2.39962371613429e-07	3.9909531278865e-06
FOXG1	3.76579259691433e-06	3.8386789052417e-05
LBX1	0.0012290884718243	0.00501150912382555
NFATC3	0.294968748035842	0.441754143977848
POU6F1	0.294968748035842	0.441754143977848
SHOX	0.175792113374908	0.301085679276264
ALX3	0.0088338709365924	0.0263349359996528
BARHL2	7.05103788404161e-05	0.000459407829145804
BHLHE41	0.909946258761045	0.947423452284976
CENPB	0.0175517237730708	0.0462195392690865
CREB3	0.537474742614957	0.691820849964669
DBP	0.00453665879789043	0.014933168543056
ELF4	1.17954027661148e-08	2.8671902108402e-07
ELF5	2.10914920026884e-09	7.01569628721005e-08
EN1	5.31149361471457e-07	7.45969769888801e-06
EN2	0.0729194658396839	0.148661620679614
ESX1	0.65982754665116	0.783855280984085
ETV6	1.95116091969107e-07	3.33279378714798e-06
FLI1	6.18555727427231e-05	0.000415880020993627
FOXI1	0.145220605662603	0.259998364812366
FOXL1	0.240114735963582	0.374697563281442
FOXO3	6.42928614530209e-07	8.6453379655977e-06
GCM1	0.0543455434325764	0.116035079220906
GRHL1	0.000117388136710704	0.00069335796636603
GSC	0.850464086846431	0.911005598113465
HEY2	0.870215969234562	0.924330239590325
HINFP	0.811246008048331	0.883978408769906
HNF1A	0.811246008048331	0.883978408769906
HNF1B	0.929900569633149	0.961861145676187
HOXC11	0.250480249465972	0.387998817800231
HSF1	0.152461453782591	0.270661906715161
IRF8	0.772485830234891	0.853515812427362
IRF9	0.65982754665116	0.783855280984085
ISX	8.02615749761416e-05	0.000512376923080015
JDP2	0.537474742614957	0.691820849964669
JDP2(var.2)	0.331537839747989	0.480577786056718
KLF13	0.138240180748002	0.25178038683786
LHX6	0.077182123594783	0.155843776715344
MEF2B	0.00241706679280306	0.00920232658464781
MEOX1	0.331537839747989	0.480577786056718
MIXL1	0.331537839747989	0.480577786056718
MLX	0.319042608367875	0.467830460530155
MLXIPL	0.384555730592934	0.541290026135265
MSC	9.12317236402906e-05	0.00055440816673715
MSX1	0.230048559542834	0.365303240279074
MYF6	7.76121669254961e-07	9.61782146998305e-06
NEUROD2	0.00415775988686126	0.0139771502579591
NEUROG2	0.000215393322325715	0.00112502958437894
NFIA	0.811246008048331	0.883978408769906
NFIX	0.520950906976572	0.684492667794581
NHLH1	1.07436554437287e-10	5.65832520036378e-09
NKX2-3	0.715398773608423	0.814652297154096
NKX2-8	0.696693174986757	0.804954454463676
NKX6-1	0.588538849216624	0.729326573931189
NKX6-2	0.0175517237730708	0.0462195392690865
OLIG2	0.00100399859898718	0.00428734536864797
PAX4	1.58135299020693e-07	2.93945614650229e-06
PAX7	0.0511389281040912	0.110306493384934
POU4F2	0.0140614876571102	0.038807249778575
SP4	0.37084850454708	0.526688213199448
SPDEF	0.00220092441716526	0.00843020746453601
SPIC	1.07436554437287e-10	5.65832520036378e-09
SRF	0.250480249465972	0.387998817800231
TBXT	0.00494568785521078	0.0161117253839856
TBX2	0.159967390212378	0.280831640595063
TBX20	0.00692471932688919	0.0213484029980194
TBX21	0.000905998383726454	0.00392185601722684
TFAP4	1.34315483990847e-06	1.57198862744843e-05
TFCP2	0.715398773608423	0.814652297154096
TFEB	0.034992289779623	0.0819078782989694
ZBTB7B	0.00453665879789043	0.014933168543056
ZBTB7C	0.000661496382287277	0.00290323412226083
ZIC1	0.319042608367875	0.467830460530155
ZIC3	0.696693174986757	0.804954454463676
ZBTB18	1.34315483990847e-06	1.57198862744843e-05
LBX2	0.0816407111945872	0.163799776111045
MEOX2	0.696693174986757	0.804954454463676
MNX1	0.0267889842356408	0.0658779690152724
MSX2	0.0103478281393266	0.0297264881093383
NOTO	0.384555730592934	0.541290026135265
OTX1	0.850464086846431	0.911005598113465
PDX1	0.0202693317172535	0.0520740554687162
PHOX2A	0.175792113374908	0.301085679276264
PITX3	0.37084850454708	0.526688213199448
PROP1	0.00111143167587284	0.00465181999438169
PRRX1	0.969926460734476	0.983938239460977
RAX2	0.94989804993212	0.966723941315781
RAX	0.537474742614957	0.691820849964669
RHOXF1	0.175792113374908	0.301085679276264
UNCX	0.791802995756954	0.868783842566658
VAX1	0.201622160927679	0.329264097432283
VAX2	0.94989804993212	0.966723941315781
VENTX	0.398561486227285	0.55605046202129
VSX1	1.91173170421258e-06	2.15752578046848e-05
VSX2	6.78546659603918e-11	5.36051861087095e-09
ESR1	0.37084850454708	0.526688213199448
ESRRB	0.0103478281393266	0.0297264881093383
NR2F1	0.0111857994327319	0.0317014584820026
NR3C1	0.101548307307038	0.196866657110577
NR3C2	0.0373419385851685	0.0855076274848785
RARA	0.0286703259723917	0.0694239310902359
RARA(var.2)	0.152461453782591	0.270661906715161
BCL6B	0.045189198324689	0.101275082770225
EGR2	0.0103478281393266	0.0297264881093383
EGR3	0.0202693317172535	0.0520740554687162
EGR4	3.2440184884564e-08	6.61361188614336e-07
GLIS1	0.0306614366659403	0.0736807147257577
GLIS2	0.184119225298399	0.311131952910663
GLIS3	0.00290684027890252	0.0106192084177248
HIC2	4.73930914400356e-05	0.000332804819890028
KLF14	0.00692471932688919	0.0213484029980194
KLF16	0.384555730592934	0.541290026135265
SP8	0.034992289779623	0.0819078782989694
ZBED1	0.00265191494127939	0.00991722037212174
ZIC4	0.138240180748002	0.25178038683786
ZNF143	0.850464086846431	0.911005598113465
ZNF410	0.606033736468266	0.742273878775085
CUX1	1.07436554437287e-10	5.65832520036378e-09
CUX2	5.65455549669931e-12	8.93419768478492e-10
ONECUT2	1.12169417388024e-06	1.3632898421006e-05
ONECUT3	0.427457606788456	0.587289581500662
E2F7	0.159967390212378	0.280831640595063
ELK3	2.37067521926894e-05	0.000182715455924142
ERF	0.000383031780405271	0.00184790904745138
ERG	0.000132887052799493	0.000743226702383005
ETS1	0.0012290884718243	0.00501150912382555
ETV2	5.21667237359042e-06	4.92080140314797e-05
ETV3	0.000132887052799493	0.000743226702383005
FEV	3.14246662992452e-05	0.000236433203584798
GCM2	0.034992289779623	0.0819078782989694
LEF1	0.00042823725437841	0.00201974585647131
HSF2	0.201622160927679	0.329264097432283
HSF4	0.734273011827219	0.822802382047522
IRF7	0.850464086846431	0.911005598113465
MEF2D	0.00135780624556486	0.00543122498225944
MEIS1	0.210804944028537	0.341612114425732
MEIS2	0.0398211590362618	0.0902042025480913
MEIS3	0.00265191494127939	0.00991722037212174
MYBL1	0.571275713107759	0.714943070661591
MYBL2	0.0373419385851685	0.0855076274848785
NFKB1	0.870215969234562	0.924330239590325
NFKB2	0.571275713107759	0.714943070661591
PAX1	5.65455549669931e-12	8.93419768478492e-10
PAX3	0.0373419385851685	0.0855076274848785
PAX9	5.65455549669931e-12	8.93419768478492e-10
PKNOX2	0.00100399859898718	0.00428734536864797
POU1F1	0.000191262167470221	0.0010157789062284
POU2F1	0.000383031780405271	0.00184790904745138
POU3F1	1.53412331542075e-05	0.000124303325044348
POU3F2	0.000383031780405271	0.00184790904745138
POU3F3	0.000169619757780044	0.000916236640316137
POU3F4	2.37067521926894e-05	0.000182715455924142
POU4F1	0.678166182806141	0.793705606543483
POU4F3	0.230048559542834	0.365303240279074
POU5F1B	2.37067521926894e-05	0.000182715455924142
POU6F2	0.0163140142641543	0.0436883771819725
PROX1	0.520950906976572	0.684492667794581
RFX2	0.306852830279773	0.45630820879251
SMAD3	0.0612500148536338	0.127755806559395
TGIF1	2.73166091126712e-05	0.000208001168183231
TGIF2	0.00111143167587284	0.00465181999438169
RFX4	0.0217573137806574	0.0550024892375018
RFX5	0.6416866045	0.766627474563327
RUNX2	0.0250127379372968	0.0619923544171435
EOMES	0.0543455434325764	0.116035079220906
MGA	1.32235625388051e-05	0.000111430553660331
TBR1	0.107071678693835	0.20568176575837
TBX15	7.16776543861552e-06	6.38032078479579e-05
TBX19	0.830803523307332	0.899088744401086
TBX1	5.21667237359042e-06	4.92080140314797e-05
TBX4	4.13907355438453e-05	0.000293920728805733
TBX5	4.13907355438453e-05	0.000293920728805733
TEAD3	1.60444054029995e-06	1.84364803903558e-05
TFAP2A(var.2)	0.0612500148536338	0.127755806559395
TFAP2B	0.0267889842356408	0.0658779690152724
TFAP2B(var.2)	0.554251959377095	0.704803296431235
TFAP2B(var.3)	0.0151518427520432	0.0410985605978168
TFAP2C	0.0202693317172535	0.0520740554687162
TFAP2C(var.3)	0.00815200899979166	0.0247695658070593
BHLHE40	0.890047371495279	0.935956636913505
BHLHE23	0.0911685356507088	0.179496930003888
BHLHE22	0.00415775988686126	0.0139771502579591
CLOCK	0.520950906976572	0.684492667794581
FIGLA	0.0217573137806574	0.0550024892375018
HES5	0.870215969234562	0.924330239590325
HES7	0.830803523307332	0.899088744401086
HEY1	0.909946258761045	0.947423452284976
MAX	0.753305541399458	0.835244038885013
MNT	1	1
OLIG1	0.0327671291176884	0.0778527278284926
OLIG3	0.00059435613548656	0.00268309341162504
SREBF2(var.2)	0.145220605662603	0.259998364812366
ATF7	0.210804944028537	0.341612114425732
CEBPB	0.184119225298399	0.311131952910663
CEBPE	0.138240180748002	0.25178038683786
CEBPG	0.131515406130276	0.241621327541669
CREB3L1	0.606033736468266	0.742273878775085
NFE2	0.283390153163928	0.428475064113882
TEF	0.0175517237730708	0.0462195392690865
XBP1	0.442341469768093	0.599913752990203
FOXB1	0.283390153163928	0.428475064113882
FOXC1	0.472961419073445	0.635982163520036
FOXC2	0.890047371495279	0.935956636913505
FOXO4	0.145220605662603	0.259998364812366
FOXO6	0.145220605662603	0.259998364812366
FOXP3	0.145220605662603	0.259998364812366
RXRB	0.753305541399458	0.835244038885013
RXRG	0.623752449432045	0.752312114582161
TP63	0.201622160927679	0.329264097432283
TP53	0.0649591191632913	0.133292738023377
TP73	0.734273011827219	0.822802382047522
GMEB2	0.192728050145377	0.321382922669864
MTF1	0.26114697808621	0.401569075791934
E2F1	0.850464086846431	0.911005598113465
E2F8	0.696693174986757	0.804954454463676
SOX21	0.00348284596816342	0.0122969757088228
TFAP2A(var.3)	0.00956484791834581	0.0282475882448344
ELK1	4.13907355438453e-05	0.000293920728805733
HOXD12	0.554251959377095	0.704803296431235
BARX1	2.94065158605848e-07	4.76536359586912e-06
BSX	0.0217573137806574	0.0550024892375018
DLX6	0.0962491212168717	0.187745199410688
DUXA	0.0163140142641543	0.0436883771819725
EMX2	0.734273011827219	0.822802382047522
EVX1	0.537474742614957	0.691820849964669
EVX2	0.00586225978838795	0.0188068435850822
GBX1	0.077182123594783	0.155843776715344
GBX2	7.16776543861552e-06	6.38032078479579e-05
GSC2	0.6416866045	0.766627474563327
GSX1	0.715398773608423	0.814652297154096
HESX1	0.086300959729002	0.171516372794746
HMBOX1	0.00290684027890252	0.0106192084177248
HOXA10	0.384555730592934	0.541290026135265
HOXB3	0.427457606788456	0.587289581500662
HOXC10	0.753305541399458	0.835244038885013
HOXC12	0.240114735963582	0.374697563281442
HOXC13	0.0373419385851685	0.0855076274848785
HOXD11	0.909946258761045	0.947423452284976
ISL2	0.003183305797507	0.0113663800227369
FOXK1	0.571275713107759	0.714943070661591
GATA2	0.0511389281040912	0.110306493384934
HIF1A	0.791802995756954	0.868783842566658
MYC	0.791802995756954	0.868783842566658
MYB	0.000661496382287277	0.00290323412226083
MYCN	0.909946258761045	0.947423452284976
NEUROD1	9.12317236402906e-05	0.00055440816673715
NFIC	0.0911685356507088	0.179496930003888
NFYA	0.107071678693835	0.20568176575837
NR1H4	0.442341469768093	0.599913752990203
NR2F2	0.003183305797507	0.0113663800227369
PAX5	1.13091109933986e-11	1.42947162956559e-09
PBX3	1.53412331542075e-05	0.000124303325044348
POU5F1	0.00415775988686126	0.0139771502579591
RBPJ	0.890047371495279	0.935956636913505
RELB	0.0649591191632913	0.133292738023377
SIX1	0.00149848702309645	0.00588225961861465
SIX2	0.27211654157172	0.413407822772421
SOX10	0.107071678693835	0.20568176575837
SOX13	0.00135780624556486	0.00543122498225944
TEAD2	0.042435159125534	0.0954413543321618
TFDP1	0.94989804993212	0.966723941315781
ZBTB7A	0.000150231926802956	0.000825622415125812
ZEB1	0.554251959377095	0.704803296431235
ZNF24	0.00815200899979166	0.0247695658070593
ZNF282	0.537474742614957	0.691820849964669
ZSCAN4	0.101548307307038	0.196866657110577
GATA3	0.00637411244204415	0.0201421953168595
FOS::JUN	0.734273011827219	0.822802382047522
FOS::JUN(var.2)	0.00059435613548656	0.00268309341162504
FOSB::JUN	0.00415775988686126	0.0139771502579591
FOSL1::JUN	0.588538849216624	0.729326573931189
FOSL1::JUN(var.2)	0.0543455434325764	0.116035079220906
FOSL2::JUN	0.537474742614957	0.691820849964669
FOSL2::JUN(var.2)	0.0649591191632913	0.133292738023377
JUN::JUNB	0.623752449432045	0.752312114582161
JUN::JUNB(var.2)	0.0120818896442075	0.0339366855783962
FOS::JUNB	0.488688466501726	0.65021286490335
FOSB::JUNB	0.623752449432045	0.752312114582161
FOSB::JUNB(var.2)	0.0327671291176884	0.0778527278284926
FOSL1::JUNB	0.678166182806141	0.793705606543483
FOSL2::JUNB	0.588538849216624	0.729326573931189
FOSL2::JUNB(var.2)	0.0286703259723917	0.0694239310902359
FOS::JUND	0.6416866045	0.766627474563327
FOSL1::JUND	0.678166182806141	0.793705606543483
FOSL1::JUND(var.2)	0.0480886511247446	0.105527873301523
FOSL2::JUND	0.537474742614957	0.691820849964669
FOSL2::JUND(var.2)	0.0398211590362618	0.0902042025480913
NR1H4::RXRA	0.715398773608423	0.814652297154096
NR4A2::RXRA	0.442341469768093	0.599913752990203
PPARA::RXRA	0.230048559542834	0.365303240279074
RARA::RXRG	0.26114697808621	0.401569075791934
RORB	0.000305355547365997	0.00153162465028024
RORC	6.18555727427231e-05	0.000415880020993627
SOX15	0.000661496382287277	0.00290323412226083
TFE3	0.357441973405624	0.512252442613049
VDR	0.909946258761045	0.947423452284976
IRF3	0.0140614876571102	0.038807249778575
IRF4	0.734273011827219	0.822802382047522
IRF5	0.357441973405624	0.512252442613049
TCF7L1	0.00815200899979166	0.0247695658070593
ARGFX	0.086300959729002	0.171516372794746
ARNT2	0.537474742614957	0.691820849964669
ATF6	0.870215969234562	0.924330239590325
ATOH1(var.2)	5.17391827947987e-09	1.4863256148324e-07
ATOH7	0.000191262167470221	0.0010157789062284
BACH2	0.678166182806141	0.793705606543483
BACH2(var.2)	0.145220605662603	0.259998364812366
BARX2	0.201622160927679	0.329264097432283
BHLHA15(var.2)	1.53803909510221e-09	5.40022615613666e-08
CDX4	0.0188688403122641	0.0492773019725245
CREB3L4	0.472961419073445	0.635982163520036
CREB3L4(var.2)	7.76121669254961e-07	9.61782146998305e-06
DLX5	0.989973414792091	0.99469506859873
DMRTA2	0.442341469768093	0.599913752990203
DMRTC2	0.0103478281393266	0.0297264881093383
DPRX	1.95116091969107e-07	3.33279378714798e-06
DRGX	0.00181962270455976	0.00701220456879125
ELF2	7.76121669254961e-07	9.61782146998305e-06
ETS2	8.02615749761416e-05	0.000512376923080015
FERD3L	1.53294999515518e-08	3.4600871319217e-07
FOXE1	0.112824702212826	0.213488658079359
FOXN3	0.00415775988686126	0.0139771502579591
GLI3	3.60934914089824e-05	0.000268365724358552
HES6	0.398561486227285	0.55605046202129
HNF4A(var.2)	0.0088338709365924	0.0263349359996528
HOXA1	9.77206710006383e-06	8.57770334338936e-05
HOXA4	0.118812813701301	0.222818095724694
HOXA6	0.472961419073445	0.635982163520036
HOXA7	2.54115724021667e-08	5.35337125272312e-07
HOXB4	0.27211654157172	0.413407822772421
HOXB6	0.734273011827219	0.822802382047522
HOXB7	0.0163140142641543	0.0436883771819725
HOXB8	0.00149848702309645	0.00588225961861465
HOXB9	0.6416866045	0.766627474563327
HOXC4	0.27211654157172	0.413407822772421
HOXC8	0.000342198753670065	0.00168960634624594
HOXD10	0.230048559542834	0.365303240279074
HOXD4	0.623752449432045	0.752312114582161
IKZF1	1.02698036931053e-07	1.96682301031592e-06
IRF6	0.989973414792091	0.99469506859873
KLF10	0.112824702212826	0.213488658079359
KLF11	0.077182123594783	0.155843776715344
KLF15	0.0002422645107928	0.00125500959689385
KLF17	0.201622160927679	0.329264097432283
KLF2	7.05103788404161e-05	0.000459407829145804
KLF3	9.0303251282288e-09	2.28286619241624e-07
KLF6	0.0577140313311012	0.121584226004187
LHX1	2.54115724021667e-08	5.35337125272312e-07
LHX5	0.37084850454708	0.526688213199448
MAF	0.240114735963582	0.374697563281442
MAFA	0.319042608367875	0.467830460530155
MAZ	0.152461453782591	0.270661906715161
MSANTD3	0.192728050145377	0.321382922669864
MSGN1	0.00637411244204415	0.0201421953168595
NFATC4	0.319042608367875	0.467830460530155
NFIC(var.2)	0.0480886511247446	0.105527873301523
NFIX(var.2)	0.159967390212378	0.280831640595063
NHLH2	5.17391827947987e-09	1.4863256148324e-07
NKX6-3	0.623752449432045	0.752312114582161
NR1D1	0.000478223858588006	0.00222233440167367
NR1D2	0.890047371495279	0.935956636913505
NR1I2	0.00692471932688919	0.0213484029980194
NR1I3	0.201622160927679	0.329264097432283
NR2C1	0.00265191494127939	0.00991722037212174
NR2C2(var.2)	0.086300959729002	0.171516372794746
NR2F1(var.2)	0.696693174986757	0.804954454463676
NR2F1(var.3)	0.94989804993212	0.966723941315781
NR2F6(var.3)	0.118812813701301	0.222818095724694
NR5A1	0.00453665879789043	0.014933168543056
NR6A1	0.0233369967600984	0.0582963713532894
OSR1	0.0111857994327319	0.0317014584820026
OVOL1	0.989973414792091	0.99469506859873
OVOL2	0.201622160927679	0.329264097432283
PAX3(var.2)	0.0511389281040912	0.110306493384934
PITX2	5.31149361471457e-07	7.45969769888801e-06
PLAGL2	0.870215969234562	0.924330239590325
POU6F1(var.2)	0.0175517237730708	0.0462195392690865
PPARD	0.427457606788456	0.587289581500662
RARB(var.3)	3.76579259691433e-06	3.8386789052417e-05
RARG(var.3)	0.000272152975727479	0.00139837951755908
RFX7	1	1
RXRB(var.2)	0.0327671291176884	0.0778527278284926
RXRG(var.2)	0.131515406130276	0.241621327541669
SMAD5	1	1
SNAI1	0.623752449432045	0.752312114582161
SNAI3	0.175792113374908	0.301085679276264
SOHLH2	0.929900569633149	0.961861145676187
SOX12	0.250480249465972	0.387998817800231
SOX14	0.0480886511247446	0.105527873301523
SOX18	0.0012290884718243	0.00501150912382555
SP9	0.0398211590362618	0.0902042025480913
TBX18	9.12317236402906e-05	0.00055440816673715
TBX3	0.00059435613548656	0.00268309341162504
TBX6	0.000132887052799493	0.000743226702383005
TCF21(var.2)	3.76579259691433e-06	3.8386789052417e-05
TFAP2E	0.0202693317172535	0.0520740554687162
TFAP4(var.2)	0.00111143167587284	0.00465181999438169
TGIF2LX	0.00692471932688919	0.0213484029980194
TGIF2LY	0.00538685639946348	0.0174589397151842
THAP11	0.94989804993212	0.966723941315781
THRB	0.606033736468266	0.742273878775085
THRB(var.2)	0.125041303363473	0.23107047873016
THRB(var.3)	0.504686805615151	0.668683566349634
TLX2	0.0511389281040912	0.110306493384934
VEZF1	0.357441973405624	0.512252442613049
ZBTB26	0.125041303363473	0.23107047873016
ZBTB32	0.791802995756954	0.868783842566658
ZBTB6	0.034992289779623	0.0819078782989694
ZFP57	0.41286311179603	0.573471399241958
ZIC5	0.753305541399458	0.835244038885013
ZKSCAN1	0.00165208425860327	0.00640562730943108
ZNF135	0.00380709400179043	0.0132932785034893
ZNF136	0.734273011827219	0.822802382047522
ZNF140	0.715398773608423	0.814652297154096
ZNF274	0.192728050145377	0.321382922669864
ZNF317	0.0188688403122641	0.0492773019725245
ZNF382	0.811246008048331	0.883978408769906
ZNF460	0.003183305797507	0.0113663800227369
ZNF528	0.00415775988686126	0.0139771502579591
ZNF682	0.830803523307332	0.899088744401086
ZNF684	0.488688466501726	0.65021286490335
ZNF75D	0.606033736468266	0.742273878775085
ZSCAN29	0.929900569633149	0.961861145676187
ASCL1	1.07436554437287e-10	5.65832520036378e-09
ATF3	0.192728050145377	0.321382922669864
BARHL1	0.442341469768093	0.599913752990203
BATF::JUN	0.623752449432045	0.752312114582161
BCL6	0.357441973405624	0.512252442613049
CDX1	0.159967390212378	0.280831640595063
E2F2	0.94989804993212	0.966723941315781
E2F3	0.000215393322325715	0.00112502958437894
E2F4	0.715398773608423	0.814652297154096
EMX1	6.56437347611823e-08	1.29646376153335e-06
FOXD2	0.537474742614957	0.691820849964669
GATA5	0.306852830279773	0.45630820879251
GFI1	0.45751085703953	0.619158161989257
GLI2	1.32235625388051e-05	0.000111430553660331
GSX2	0.0612500148536338	0.127755806559395
HES1	0.989973414792091	0.99469506859873
HES2	0.890047371495279	0.935956636913505
HOXA13	0.0649591191632913	0.133292738023377
HOXA2	5.31149361471457e-07	7.45969769888801e-06
HOXA5	7.16776543861552e-06	6.38032078479579e-05
HOXA9	0.0511389281040912	0.110306493384934
HOXB2	3.18944637335775e-06	3.47539673786569e-05
HOXB5	3.76579259691433e-06	3.8386789052417e-05
HOXC9	0.554251959377095	0.704803296431235
HOXD13	0.230048559542834	0.365303240279074
HOXD3	0.488688466501726	0.65021286490335
HOXD8	5.21667237359042e-06	4.92080140314797e-05
HOXD9	0.331537839747989	0.480577786056718
JUNB(var.2)	0.0140614876571102	0.038807249778575
LHX9	0.0649591191632913	0.133292738023377
LMX1A	0.294968748035842	0.441754143977848
LMX1B	0.398561486227285	0.55605046202129
NEUROG1	0.125041303363473	0.23107047873016
NRL	0.000132887052799493	0.000743226702383005
PITX1	0.0480886511247446	0.105527873301523
PRRX2	0.000150231926802956	0.000825622415125812
SOX4	0.830803523307332	0.899088744401086
SOX8	7.85983214041205e-10	3.10463369546276e-08
SP1	0.26114697808621	0.401569075791934
SP2	0.220279460321041	0.355144436027801
SP3	0.0373419385851685	0.0855076274848785
TCFL5	0.000661496382287277	0.00290323412226083
TFEC	0.753305541399458	0.835244038885013
ZNF740	0.230048559542834	0.365303240279074
ASCL1(var.2)	0.00380709400179043	0.0132932785034893
ATF2	0.240114735963582	0.374697563281442
BACH1	0.94989804993212	0.966723941315781
BATF	0.606033736468266	0.742273878775085
BHLHE22(var.2)	3.95818884768952e-11	3.57367907391397e-09
CEBPG(var.2)	0.0088338709365924	0.0263349359996528
EBF3	3.78855218278854e-10	1.59624331968157e-08
HAND2	4.37453376891149e-07	6.58263176655253e-06
MEIS1(var.2)	0.000117388136710704	0.00069335796636603
MEIS2(var.2)	2.05403028965367e-05	0.000164322423172293
MYF5	3.86771595974233e-09	1.22219824327858e-07
NEUROG2(var.2)	0.000132887052799493	0.000743226702383005
NFIB	0.042435159125534	0.0954413543321618
NFYC	0.192728050145377	0.321382922669864
NKX2-2	0.331537839747989	0.480577786056718
OSR2	1.95116091969107e-07	3.33279378714798e-06
PRDM4	0.00165208425860327	0.00640562730943108
TCF12(var.2)	0.588538849216624	0.729326573931189
ZBTB12	0.240114735963582	0.374697563281442
ZBTB14	4.37453376891149e-07	6.58263176655253e-06
ZFP42	0.0120818896442075	0.0339366855783962
ZKSCAN5	0.00415775988686126	0.0139771502579591
ZNF148	0.201622160927679	0.329264097432283
ZNF16	0.306852830279773	0.45630820879251
ZNF341	0.0151518427520432	0.0410985605978168
ZNF449	0.488688466501726	0.65021286490335
ZNF652	0.0962491212168717	0.187745199410688
FOXA3	0.571275713107759	0.714943070661591
ATF4	0.989973414792091	0.99469506859873
BATF3	0.41286311179603	0.573471399241958
CDX2	0.696693174986757	0.804954454463676
CEBPA	2.27262239967842e-06	2.51981992385397e-05
CEBPD	6.18555727427231e-05	0.000415880020993627
CREB1	0.753305541399458	0.835244038885013
CTCFL	0.0140614876571102	0.038807249778575
E2F6	0.94989804993212	0.966723941315781
EBF1	6.85332126199957e-09	1.80470793232655e-07
EGR1	0.000342198753670065	0.00168960634624594
EHF	1.53294999515518e-08	3.4600871319217e-07
ELF1	7.16776543861552e-06	6.38032078479579e-05
ELF3	6.42928614530209e-07	8.6453379655977e-06
ESRRA	0.0373419385851685	0.0855076274848785
ETV1	9.12317236402906e-05	0.00055440816673715
ETV4	5.21667237359042e-06	4.92080140314797e-05
ETV5	7.76121669254961e-07	9.61782146998305e-06
FOSL1	0.571275713107759	0.714943070661591
FOXA1	0.94989804993212	0.966723941315781
FOXA2	0.571275713107759	0.714943070661591
FOXK2	0.890047371495279	0.935956636913505
FOXP1	0.571275713107759	0.714943070661591
GABPA	1.53412331542075e-05	0.000124303325044348
GATA1	0.0816407111945872	0.163799776111045
GATA4	0.184119225298399	0.311131952910663
GATA6	0.0688470430285398	0.140813369559991
GRHL2	0.715398773608423	0.814652297154096
HLF	6.85332126199957e-09	1.80470793232655e-07
HNF4A	1.13780909159029e-05	9.85062117650768e-05
HNF4G	5.41834831539124e-05	0.000376307267618381
HOXB13	0.240114735963582	0.374697563281442
JUNB	0.6416866045	0.766627474563327
JUND	0.678166182806141	0.793705606543483
KLF4	0.167742844696813	0.291245818264796
KLF9	7.05103788404161e-05	0.000459407829145804
LHX2	0.000478223858588006	0.00222233440167367
MAFF	0.000169619757780044	0.000916236640316137
MAFG	0.0233369967600984	0.0582963713532894
MAFK	0.571275713107759	0.714943070661591
MEF2A	0.00348284596816342	0.0122969757088228
MITF	0.0962491212168717	0.187745199410688
MXI1	0.427457606788456	0.587289581500662
MYOD1	0.0480886511247446	0.105527873301523
MYOG	1.10263832185637e-09	4.09922011419543e-08
MZF1	0.442341469768093	0.599913752990203
NFE2L1	0.427457606788456	0.587289581500662
NFIL3	4.13907355438453e-05	0.000293920728805733
NFYB	0.678166182806141	0.793705606543483
NKX2-5	0.112824702212826	0.213488658079359
NR4A1	0.00290684027890252	0.0106192084177248
ONECUT1	0.696693174986757	0.804954454463676
OTX2	0.488688466501726	0.65021286490335
PBX2	0.000103557976076435	0.000623320389336259
PHOX2B	0.0111857994327319	0.0317014584820026
PKNOX1	0.000305355547365997	0.00153162465028024
POU2F3	0.0012290884718243	0.00501150912382555
PRDM1	0.772485830234891	0.853515812427362
RFX1	0.112824702212826	0.213488658079359
RFX3	0.537474742614957	0.691820849964669
RUNX3	0.27211654157172	0.413407822772421
SCRT1	0.909946258761045	0.947423452284976
SCRT2	0.929900569633149	0.961861145676187
SNAI2	0.220279460321041	0.355144436027801
SOX2	4.43698833437253e-06	4.45107401162451e-05
SPI1	3.95818884768952e-11	3.57367907391397e-09
SPIB	1.69636664900979e-10	8.24695170903223e-09
SREBF1(var.2)	0.0217573137806574	0.0550024892375018
TCF3	0.520950906976572	0.684492667794581
TCF4	0.184119225298399	0.311131952910663
TCF7	0.000816699217518271	0.00355968210670032
TEAD1	0.00956484791834581	0.0282475882448344
TEAD4	0.00637411244204415	0.0201421953168595
TFAP2A	0.969926460734476	0.983938239460977
TFAP2C(var.2)	0.0151518427520432	0.0410985605978168
TWIST1	4.37453376891149e-07	6.58263176655253e-06
USF1	0.210804944028537	0.341612114425732
USF2	0.125041303363473	0.23107047873016
YY2	0.184119225298399	0.311131952910663
ZNF263	0.94989804993212	0.966723941315781
CREM	0.00149848702309645	0.00588225961861465
