"motif","viper_tf","Correlation","factor","call"
"CEBPG(var.2)","CEBPG",-0.346709649269013,"Factor2","Little effect"
"FOS::JUN(var.2)","FOS",-0.559745122551319,"Factor2","MethylMinus"
"FOSB::JUN","JUN",-0.627416058297829,"Factor2","MethylMinus"
"FOSB::JUNB(var.2)","JUNB",-0.522414797360563,"Factor2","MethylMinus"
"FOSL1::JUN(var.2)","JUN",-0.637104641826885,"Factor2","MethylMinus"
"FOSL2::JUN(var.2)","JUN",-0.657637148704692,"Factor2","MethylMinus"
"FOSL2::JUNB(var.2)","JUNB",-0.536339747187638,"Factor2","MethylMinus"
"HNF4A(var.2)","HNF4A",0.297356861263734,"Factor8","Inconclusive"
"JUN::JUNB(var.2)","JUN",-0.619441533774184,"Factor2","MethylMinus"
"JUNB(var.2)","JUNB",-0.521756168503945,"Factor2","MethylMinus"
"MAF::NFE2","MAF",-0.125390212579406,"Factor2","MethylMinus"
"NR2C2(var.2)","NR2C2",-0.558998136197073,"Factor8","Inconclusive"
"NR2F1(var.2)","NR2F1",-0.094515437047626,"Factor8","MethylPlus"
"NR2F1(var.3)","NR2F1",-0.0580661709369406,"Factor8","MethylPlus"
"NR2F6(var.3)","NR2F6",-0.323891703236161,"Factor2","MethylPlus"
"RARA(var.2)","RARA",0.27205371099069,"Factor2","MethylPlus"
"RARA::RXRA","RARA",0.455220257520769,"Factor2","MethylPlus"
"RARA::RXRG","RARA",0.258663326665152,"Factor2","MethylPlus"
"RXRA::VDR","VDR",0.17902609946573,"Factor2","Inconclusive"
"SMAD2::SMAD3::SMAD4","SMAD3",0.512134021914091,"Factor2","Inconclusive"
"SREBF1(var.2)","SREBF1",0.123585703427232,"Factor2","MethylMinus"
"STAT1::STAT2","STAT1",-0.406195899289365,"Factor2","Inconclusive"
