"motif","correlation"
"ZBTB14",-0.181582927445757
"EGR1",0.09131778833621
"KLF9",-0.379072452384996
"TFDP1",0.286382435651391
"KLF15",-0.0679907261900849
"OLIG3",-0.0577988092238823
"OVOL2",-0.348672886884376
"MEF2B",-0.358740465580289
"SPIB",0.0725111070980584
"GSX2",0.375534469664419
"KLF6",0.0286206635997127
"KLF3",-0.267488573264197
"GATA5",-0.376512124475548
"GATA4",0
"HNF4A",-0.704342317587002
"HES5",-0.175836342599035
"NFE2",0.430621256551409
"SOX21",-0.0569479829454956
"THAP11",0.171565901071528
"ESX1",0
"UNCX",0
"GBX1",0.0182197189231596
"NOTO",0
"E2F6",0.0834692931421939
"ZNF684",-0.0706112653832266
"ZBTB6",0.0476914040323132
"SREBF2",0.194878764788063
"ZNF410",0.0982884177551196
"GABPA",0.111188844725681
"ETV1",0.252851556790747
"ELF1",0.182631954279424
"MYB",0.176795810896384
"PRDM4",-0.192896509206389
"IRF5",-0.552710890836503
"PLAG1",-0.380756578299355
"SPI1",-0.58667875514638
"SOX12",-0.174690683285905
"RFX7",0.17027323219761
"NR1H4",0
"LBX2",-0.243496298921174
"SCRT1",0.0020095848966239
"HOXB13",0
"HOXB8",0.136930647853228
"FOXP2",0.132940855708758
"PROX1",0.165441708881235
"SP8",-0.119450847043397
