"motif","viper_tf","factor"
"CEBPG(var.2)","CEBPG","Factor2"
"FOSL1::JUN(var.2)","JUN","Factor2"
"FOSB::JUNB(var.2)","JUNB","Factor2"
"FOSL2::JUNB(var.2)","JUNB","Factor2"
"FOSB::JUN","JUN","Factor2"
"FOSL2::JUN(var.2)","JUN","Factor2"
"JUN::JUNB(var.2)","JUN","Factor2"
"JUNB(var.2)","JUNB","Factor2"
"ASCL1(var.2)","ASCL1","Factor4"
"TCF12(var.2)","TCF12","Factor4"
"FOS::JUN(var.2)","FOS","Factor2"
"MAF::NFE2","MAF","Factor2"
"SREBF1(var.2)","SREBF1","Factor2"
"BHLHE22(var.2)","BHLHE22","Factor4"
"STAT1::STAT2","STAT1","Factor2"
"SMAD2::SMAD3::SMAD4","SMAD3","Factor2"
"RARA::RXRA","RARA","Factor2"
"NR2F6(var.3)","NR2F6","Factor2"
"HNF4A(var.2)","HNF4A","Factor8"
"ARNT::HIF1A","ARNT","Factor4"
"RARA::RXRG","RARA","Factor2"
"RARA(var.2)","RARA","Factor2"
"NR2F1(var.2)","NR2F1","Factor8"
"NR2C2(var.2)","NR2C2","Factor8"
"RXRA::VDR","VDR","Factor2"
"NR2F1(var.3)","NR2F1","Factor8"
