"motif","viper_tf","correlation"
"CEBPG(var.2)","CEBPG",-0.373573470552473
"CEBPG","CEBPG",-0.432626871678751
"CEBPB","CEBPB",-0.613272536281333
"CEBPA","CEBPA",-0.558058627635973
"FOSL1::JUN(var.2)","JUN",-0.653701932896209
"ATF7","ATF7",0.345074146431749
"FOSB::JUNB(var.2)","JUNB",-0.548576924716661
"FOSL2::JUNB(var.2)","JUNB",-0.564361930861923
"FOSB::JUN","JUN",-0.649018546066358
"FOSL2::JUN(var.2)","JUN",-0.674638541664764
"ATF3","ATF3",0.416528161460611
"JUN::JUNB(var.2)","JUN",-0.640213977094733
"JUNB(var.2)","JUNB",-0.551565408810886
"JUN","JUN",-0.629202015954982
"TCF4","TCF4",0.673903877189005
"ASCL1(var.2)","ASCL1",0.452532420232526
"IRF1","IRF1",-0.542755565918774
"MYOD1","MYOD1",0.629835303030951
"TCF12(var.2)","TCF12",0.513898972641291
"FOS::JUN(var.2)","FOS",-0.586203180887819
"SNAI2","SNAI2",-0.533712165252773
"ELF5","ELF5",0.351480389667119
"PKNOX1","PKNOX1",-0.153573001115285
"SPIB","SPIB",-0.513321104499369
"PBX3","PBX3",-0.359939141308483
"EHF","EHF",0.0275059052982569
"SPI1","SPI1",-0.66281281373931
"TCF7","TCF7",-0.157173444677528
"NFIC(var.2)","NFIC",0.108129718728061
"IKZF1","IKZF1",-0.563203988245786
"NFIC::TLX1","NFIC",0.188566736553547
"ELF3","ELF3",-0.593016211402462
"MAF::NFE2","MAF",-0.20798536016486
"CREM","CREM",-0.1965932756511
"ZBTB7A","ZBTB7A",0.434392322733264
"TCF7L2","TCF7L2",-0.140008998789911
"ASCL1","ASCL1",0.119921409943721
"ELF1","ELF1",-0.420929191992545
"SREBF1(var.2)","SREBF1",0.130568832143067
"EBF1","EBF1",0.0361365219200224
"GABPA","GABPA",0.0337252318484246
"BHLHE22(var.2)","BHLHE22",0.30417032705657
"CREB1","CREB1",-0.535958670530575
"NFKB1","NFKB1",0.529167810389965
"MAF","MAF",-0.218934742839749
"ETV1","ETV1",-0.324567743128584
"PROX1","PROX1",-0.34157657646303
"ETS2","ETS2",-0.430462034612095
"NR2F1","NR2F1",0.376704281341094
"LEF1","LEF1",0.113720236364471
"RARA","RARA",0.569534976881473
"ETS1","ETS1",-0.507114515551159
"MAFK","MAFK",-0.557796517731198
"NFE2L1","NFE2L1",-0.467366686589958
"ELK1","ELK1",-0.350554640722373
"ZBED1","ZBED1",0.196239748296635
"STAT1::STAT2","STAT1",-0.416597768556479
"POU5F1","POU5F1",-0.378907312033407
"CUX1","CUX1",0.148722701481479
"SMAD2::SMAD3::SMAD4","SMAD3",0.474100449082174
