"tf","n_targets","mean_activity","sd_activity"
"E2F4",232,0.401290446333474,6.51528797473214
"MYC",380,1.11094082880333,6.133865804569
"SPI1",102,-0.428340166749764,5.70020856779952
"THAP11",116,-1.17984192748363,5.60675287008526
"NFKB1",162,-0.820256788907485,4.79866803708863
"TEAD1",127,-0.543854047074864,4.79619802800591
"LYL1",84,0.333514472990492,4.59363509877342
"E2F1",316,-0.238267394565552,4.58506014302695
"TBX21",76,-0.56255431296198,4.42332095863727
"HIF1A",147,-0.274103298609797,4.35332217208741
"ZNF263",313,0.67374901172536,4.26681240086841
"STAT2",39,0.149135723473273,4.24220526268729
"SP1",316,-0.528727148554306,4.1417572111762
"RELA",142,-0.672029087740627,4.09556088739142
"STAT1",287,-0.110299616785618,3.77272892428758
"ARID2",30,-0.389979118648978,3.7450150668794
"NR2C2",88,0.867795558288602,3.74020038040394
"BATF",48,-0.117790555176492,3.73406566190038
"IKZF1",39,0.486375861688856,3.62815775797572
"ZBTB7A",87,0.447653485831902,3.50897919185614
"SREBF1",23,0.152330093344975,3.4357798008375
"JUN",120,-0.370355339607556,3.41307287104279
"PRDM14",194,-0.89537985728706,3.39463061168131
"IRF3",72,0.188712220229386,3.31409511460692
"ZEB2",53,-0.0694887434831908,3.07205769875046
"MAZ",72,-0.0473240054997186,3.05807701870009
"FOXM1",34,-0.311115424970417,3.0409371310306
"MNT",55,0.261816742395238,3.02449075443887
"MBD1",44,-0.328013389161769,2.92915191070328
"KLF9",68,-0.325187693573802,2.91874127431505
"CEBPA",144,-0.488693680087986,2.86675075647351
"STAT3",74,-0.385608196367351,2.85654866027721
"FOS",90,-0.218713730977241,2.83117402589287
"EGR1",124,-0.216923077514604,2.82863746978725
"ZNF384",65,-0.185603557992225,2.80056582146549
"SNAPC4",30,0.451811953554856,2.79816347631057
"ATF7",28,-0.0766196363784179,2.76873302180078
"ZBTB11",21,0.184421802835919,2.73802233052634
"ZNF740",38,-0.187553912553679,2.72844729936373
"BHLHE40",57,0.0931238827723307,2.72746106274319
"CEBPB",41,-0.390253969813165,2.70738539103769
"MAFB",53,-0.0135705036664656,2.70242153606934
"SIX5",25,0.0278838462695674,2.67493418909043
"TCF12",77,-0.178414464229978,2.67068959879882
"ARID3A",25,-0.147661344257126,2.66061806042304
"ZFX",54,0.088947534518505,2.65451831142375
"EBF1",73,-0.225189483481717,2.64702913217305
"ESRRA",68,-0.20918432614228,2.64176644782063
"IRF1",32,-0.264428340700165,2.63114824210392
"MEF2A",101,-0.117779433965859,2.59732525995323
"MXI1",76,-0.224695588813108,2.59654417713021
"NFATC1",35,-0.244030691160108,2.5924511970744
"BCL6",46,0.286457276198898,2.58763518287668
"IRF2",74,-0.100719830898244,2.58661470515429
"NFE2",48,-0.0289149948993786,2.5856595696918
"FOXP1",172,0.338627988951711,2.57369363190395
"FOXL2",22,-0.338887265146537,2.55895122400807
"TEAD4",70,-0.649242563062521,2.55438687582647
"PAX5",55,-0.0635905000493267,2.54835724747997
"RBPJ",60,-0.222320517719917,2.54523974699524
"SP3",74,-0.552923363947695,2.52905147883472
"SPIB",60,-0.0237448732838674,2.52581158679685
"ETS1",143,-0.324909479080412,2.51765673044356
"SP2",22,-0.190432064180228,2.51068347188592
"JUNB",52,-0.254357416725898,2.50399821617948
"E2F6",69,-0.102661651200824,2.50161848160141
"HMBOX1",27,0.246981421804507,2.48828991019158
"AR",134,0.239210542696816,2.48105328448368
"ELF1",50,0.0693791043753432,2.45460899477968
"IRF4",67,-0.123810688056745,2.44462352152098
"SNAI2",66,0.200766838113973,2.40002559846454
"TFAP2A",62,-0.0574395905658214,2.38935721309203
"PBX3",51,-0.603766274955915,2.38614768917564
"ATF3",48,0.0075329857912998,2.38539638647914
"CREB3",25,0.161796734851738,2.35819353127321
"KLF6",50,-0.257503760623505,2.35219036493543
"KLF5",82,-0.549532666836918,2.35214764456732
"KLF1",50,-0.0628498300024903,2.34331332566461
"MAF",39,0.248527272532687,2.33489260827617
"FOXK2",50,-0.247421973899804,2.32464984180079
"NRF1",78,-0.0545473382512373,2.32263745686881
"NR2F6",32,-0.222266051036967,2.31837030659729
"ARNT",63,-0.0141516545728506,2.31426464683955
"ESR1",154,-0.625954676643533,2.30974773450695
"RUNX2",65,-0.249213460597111,2.30053261849469
"NR2F1",67,-0.369360023172657,2.29668894059718
"RUNX1",21,-0.0105230591153693,2.29078775367959
"ZNF639",26,-0.39657844076458,2.28782462919853
"NFE2L1",30,0.0262015191167924,2.28634342136848
"THAP1",54,-0.130836030762326,2.27346854171454
"ETS2",30,-0.35582972002882,2.26335242562548
"HNF4G",56,-0.248922235247136,2.25938441083644
"NCOA3",23,-0.0218205584840003,2.2500014559285
"POU5F1",71,-0.725422720611112,2.23542138953822
"CLOCK",51,-0.10419064622891,2.2021418892164
"SMAD3",33,-0.305278387499963,2.16952062583987
"TP53",243,-0.244293945113917,2.1666072979675
"ELK1",31,-0.448871449652275,2.16385029395536
"REL",20,-0.346904617577913,2.16379216697268
"TCF4",62,-0.390471473896761,2.14734931249351
"MYOD1",45,-0.287157697536636,2.11983141178095
"ZKSCAN1",44,-0.305709934263254,2.11729457567502
"GRHL2",77,-0.515945576612327,2.10848215322514
"PBX2",44,-0.144358213120095,2.09819269181588
"SOX11",29,-0.412063032739077,2.0802460388395
"NCOA1",20,0.301538998210244,2.05003246566954
"BACH2",51,-0.292201168346787,2.04464530050323
"CEBPG",44,-0.00896912490106566,2.02938182720942
"MYBL2",27,-0.484989276336049,1.96694531672865
"TEAD2",30,-0.261272475006037,1.96604048847371
"BCL11A",36,-0.12678692589891,1.96522887553355
"TBP",45,-0.00430241830019051,1.95649492150526
"MEIS2",61,-0.601442542783533,1.94877066142207
"MAX",55,-0.262938394282683,1.92886413351534
"MEIS1",53,-0.569135217293325,1.92811494704687
"USF2",38,-0.222347044315699,1.91505355309836
"CREM",52,-0.0673441592508416,1.90222620667077
"CTCFL",53,-0.396501282838641,1.8969960404346
"NEUROD1",33,0.009344585029547,1.88963663515663
"ELF3",52,-0.359692068603078,1.88896141105884
"MAFK",50,-0.500679415588538,1.88712500780352
"TP73",42,-0.216683950313754,1.88278160357934
"E2F7",30,-0.0294196490387895,1.87039427304085
"ZNF143",50,-0.0745414713187,1.86465887388077
"FOXJ2",36,-0.19179902142301,1.85642971030055
"PPARG",41,-0.0920188658091112,1.85355849311527
"FOXO3",38,-0.27975874877903,1.85134406499611
"GATA6",52,-0.585379248297296,1.84062249061609
"RARA",37,-0.311755073921908,1.83240635351728
"RFX2",21,0.136261559901035,1.83152398164194
"BACH1",30,0.110832524392824,1.83133783445068
"CTCF",115,-0.0992048327059761,1.82491881661591
"CREB3L1",21,-0.0949748482673108,1.81810529010648
"SOX13",42,-0.372863388912081,1.81172108907532
"MAFF",42,-0.16536264828165,1.80685932727162
"GATA3",71,-0.455976324116206,1.76739595230435
"GABPA",54,0.274557309023019,1.76272237039545
"NR4A1",42,0.0555698299450671,1.75675531243106
"PRDM1",42,-0.120319542530046,1.74712709226226
"SMAD4",26,-0.253236182939983,1.74596171780329
"MEF2C",70,-0.262511556292385,1.74025270916336
"TFAP4",39,-0.366112769164665,1.72676666743009
"NR5A2",32,-0.416307730469415,1.72158885175205
"NFYB",76,-0.0343069165997176,1.72101799869595
"SP4",59,-0.0744275677726634,1.70504719182041
"FOXP2",36,0.153603683013647,1.69890292691134
"HOXA9",22,-0.310441542764917,1.68948600404462
"ASCL1",52,-0.349646214950483,1.68708239968717
"SIX2",38,-0.448932706534465,1.67012296593118
"FOXO1",43,-0.235180131275111,1.66706155293235
"AHR",44,-0.17867057086251,1.65027707877095
"ATF2",22,-0.150615854977208,1.64636744242611
"HBP1",39,0.0894202951396979,1.64384397029934
"MEF2B",36,-0.441073021850102,1.62697494298043
"SOX6",29,-0.163894918355026,1.61760345919596
"ELF5",20,0.481548583223203,1.59606451481763
"GFI1B",29,-0.129633354416175,1.59477243879973
"PKNOX1",34,-0.0330636356149685,1.58114055348663
"CREB1",73,-0.387829447471028,1.57228557853336
"ZBED1",22,0.247001524159375,1.56075091849071
"MAFG",36,-0.322152481768203,1.5538478314247
"PPARA",31,-0.27754361824962,1.526750296791
"GATA2",40,0.0490993171022909,1.51370899814816
"TCF7",60,-0.32330577497588,1.50097942010679
"KLF13",30,0.0268654878455375,1.4906304616042
"PDX1",51,-0.296868636600086,1.48133260557564
"LEF1",22,-0.137086036968981,1.47437675877765
"YY1",71,0.11342641712311,1.42746595515382
"OTX2",23,-0.0634341193155265,1.40345423809339
"NANOG",46,-0.578175074751384,1.39141465009232
"CUX1",40,-0.133749112403294,1.37731383605318
"TCF7L2",20,-0.42382246568417,1.37536535831482
"BHLHE22",21,0.251327298225456,1.34453541938031
"HOXB13",45,-0.137305435294668,1.34142442512668
"HNF1B",39,-0.411159814073816,1.33619409056927
"NFIC",28,0.0235105731728029,1.33463911896088
"VDR",23,-0.195647620991657,1.3302619850676
"USF1",59,-0.197190772743002,1.32923386665867
"POU4F2",28,-0.272973237020031,1.32268510718041
"STAT5A",20,-0.360617764243673,1.30846149151118
"POU2F1",32,-0.121066172962528,1.24961091873534
"MBD2",31,-0.328613303356312,1.23343538814443
"ONECUT1",54,-0.310299722835581,1.22053932990041
"RFX1",39,-0.187641357775302,1.21168193988336
"HNF4A",81,-0.382761713546408,1.19949762398337
"EOMES",21,0.0844143106640188,1.18135677493885
"EHF",20,0.0606271940524334,1.17641464232879
"PROX1",24,-0.327106947869672,1.16740058571961
"DUX4",37,-0.215436836064363,1.15815593925485
"FOXA1",30,0.0195190532011934,1.15538974632188
"WT1",29,-0.0513400575887799,1.14081391639302
"ETV1",29,-0.171764284495102,1.12052736552112
"MITF",35,-0.0497058008915225,1.09993759575705
"MYB",25,-0.183413148623803,1.08180958640518
"ZNF24",20,0.148488309458459,0.976800205878728
"HNF1A",24,0.107166118502207,0.904548695838709
