"current","residual_diff","residual_ratio","flank_meth","flank_residual","motif","group"
-0.0806502367138744,-0.0635414875797643,-0.855591678488159,0.786331143465298,0.0342432488334582,"ZBTB33","Bcell_mem"
-0.0394295805620193,-0.0337225782270824,-0.332858591432894,0.853479047448829,0.0253009422333609,"ZBTB33","Tcell"
-0.0679356464648331,-0.0554070234801556,-0.309686700263541,0.811687425022142,0.0423055555721886,"ZBTB33","Granulocytes"
-0.189290436207665,-0.14151344516964,29.703807740874,0.747694963558037,-0.00493012796236528,"ERG","Bcell_mem"
-0.171810941230786,-0.139175482675261,8.64151246115128,0.810295119030523,-0.0182130806411448,"ERG","Tcell"
-0.266072577393291,-0.204009162113038,63.9128859106619,0.76679864060987,-0.00324272458908874,"ERG","Granulocytes"
0.00354109600693808,0.00267684683105544,1.06915476729181,0.79084583926483,0.0387080592688566,"NFYA","Bcell_mem"
0.00360317114416864,0.00301885386560015,1.13557633915271,0.850373205941662,0.0222668194499613,"NFYA","Tcell"
0.0210635600961414,0.0170407219466796,1.34805965510094,0.818160975013294,0.0489591990825186,"NFYA","Granulocytes"
-0.0164421704657146,-0.0128118944943682,0.425669090270187,0.77479912546787,0.0223075134514271,"ZNF282","Bcell_mem"
-0.00934235771451886,-0.00790792143430571,0.465635827985854,0.843193191097888,0.0147987493332475,"ZNF282","Tcell"
-0.0263978419070831,-0.0214340526444224,0.415852640121553,0.806438489103458,0.0366928862759604,"ZNF282","Granulocytes"
-0.0351587355090587,-0.0275015667834568,0.0386050302048959,0.781568954485619,0.0286058983534291,"MAFA","Bcell_mem"
-0.0377723412703559,-0.031971276402697,-0.836014799909829,0.846056254898079,0.0174134088702701,"MAFA","Tcell"
-0.0708387312840635,-0.0576823446830786,-0.346705824389744,0.812795071664595,0.0428321788161993,"MAFA","Granulocytes"
-0.0339551168572207,-0.0264928323427404,-0.0226969120926696,0.778816167056891,0.0259048717459507,"ZNF528","Bcell_mem"
-0.0252634010299737,-0.0213095620414386,-0.501628858972203,0.842764054555445,0.014190964640906,"ZNF528","Tcell"
-0.0444847722253718,-0.0360505156274733,0.0537196783939468,0.807878984633554,0.0380970784283957,"ZNF528","Granulocytes"
-0.206653608667783,-0.155484205356945,722.023241532157,0.752394146797519,-0.000215643818951723,"SPIB","Bcell_mem"
-0.107532992199889,-0.0900967270910723,-8.80876354273374,0.837671314420679,0.00918532970017565,"SPIB","Tcell"
-0.280641510021179,-0.220850775582837,-12.1723051503658,0.786731715327142,0.0167662966399396,"SPIB","Granulocytes"
-0.0236063195947365,-0.0189821824334225,0.625708368146011,0.806089675025536,0.0507149527746521,"TBX4","Bcell_mem"
-0.0217045083857164,-0.0188813227835919,0.528125275965196,0.870117814673885,0.0400134226774122,"TBX4","Tcell"
0.0171391294595776,0.0142259996363873,1.22749896909283,0.834358463554285,0.062532149895511,"TBX4","Granulocytes"
-0.0390861751989697,-0.0309491884470456,0.140375111329281,0.788140704982626,0.0360031321276701,"MYB","Bcell_mem"
-0.0319710005815007,-0.0273197854758868,-0.11080663533409,0.852880405994818,0.0245945465275961,"MYB","Tcell"
-0.0510794469127079,-0.0415851847995458,-0.00441138874029585,0.811393549382366,0.0414025420915436,"MYB","Granulocytes"
-0.133311823985107,-0.1055450020041,-1.76461396574852,0.790894159139158,0.0381771210417523,"FOS::JUND","Bcell_mem"
-0.0943134957638515,-0.0808084933439315,-1.91261646368879,0.856337298861403,0.0277442960140342,"FOS::JUND","Tcell"
-0.0703374129208244,-0.060014879897231,0.248140789489527,0.85012025497679,0.0798219654135567,"FOS::JUND","Granulocytes"
-0.1235065481386,-0.097666557433191,-1.61503136735122,0.789763836161321,0.0373481399315366,"JUN::JUNB","Bcell_mem"
-0.0821506010068984,-0.0702135792985366,-1.73094841958675,0.854139956297584,0.0257103278827805,"JUN::JUNB","Tcell"
-0.0675567228065224,-0.0576609295435337,0.280122278720552,0.850236260408006,0.0800982275726664,"JUN::JUNB","Granulocytes"
0.0050524565923169,0.00386239357314487,1.11986250945535,0.784080399815619,0.0322235333691542,"NEUROG1","Bcell_mem"
0.00689046397365534,0.00583120491914518,1.24754597430592,0.851700101834276,0.0235560482673774,"NEUROG1","Tcell"
-0.0133678616616463,-0.0109889239277361,0.753382967354155,0.814466976224472,0.0445586576476118,"NEUROG1","Granulocytes"
-0.00553706581682845,-0.00447241872092363,0.872571411283911,0.786798164053837,0.0350974515686444,"NEUROD2","Bcell_mem"
0.002663713511178,0.00223181269846412,1.08449697663249,0.854462690269346,0.02641292963855,"NEUROD2","Tcell"
-0.0229346074301588,-0.0188374080047419,0.598986693726285,0.816747664914406,0.0469745210695932,"NEUROD2","Granulocytes"
-0.0490588108795895,-0.0379386582122771,-0.863067211590563,0.774944515010645,0.0203635477970156,"BHLHE22(var.2)","Bcell_mem"
-0.0216404928798294,-0.0181430267961532,-0.880470056100367,0.839184950583531,0.00964813384679861,"BHLHE22(var.2)","Tcell"
-0.0289506735801223,-0.0233804839377431,0.391915158987532,0.809307878375126,0.0384493780486524,"BHLHE22(var.2)","Granulocytes"
-0.00919205152938962,-0.00704554674870173,0.891754450158396,0.82058859633473,0.0650885579962547,"SREBF1(var.2)","Bcell_mem"
0.0025418670241879,0.00244438181737881,1.04866284736145,0.880565478357154,0.0502309657144131,"SREBF1(var.2)","Tcell"
0.0182385070843956,0.0155249660528304,1.24217760954264,0.837159997441527,0.0641057035873369,"SREBF1(var.2)","Granulocytes"
-0.0208220608323544,-0.0163955633279532,0.459703288210088,0.782481966812589,0.0303454804928157,"GATA3","Bcell_mem"
-0.0488086721345117,-0.0409959235893081,-2.61822285013269,0.839563175312059,0.0113304031529746,"GATA3","Tcell"
-0.0602269739723303,-0.047954913057449,-0.861588321989694,0.79550291724583,0.025760213733074,"GATA3","Granulocytes"
-0.10610774153277,-0.0825615472134791,-2.29937993505884,0.777179627589336,0.0250233525203294,"IRF8","Bcell_mem"
-0.0705857091016105,-0.0597192935807739,-2.45895440847681,0.845626470299385,0.0172651288592936,"IRF8","Tcell"
-0.052826560465123,-0.0437127799717976,0.210543821311736,0.82564015077421,0.0553707490698589,"IRF8","Granulocytes"
-0.028794315020147,-0.0226702325789587,0.283280520650306,0.783687015354575,0.0316305517460308,"FOXP3","Bcell_mem"
-0.0270448440018843,-0.0229170919011616,-0.262118328664528,0.846394188922298,0.0181576413088071,"FOXP3","Tcell"
-0.0269215510411382,-0.0219638909492951,0.500423998734817,0.813884665673872,0.0439650641617518,"FOXP3","Granulocytes"
-0.0484245458377714,-0.0381390753780874,-0.139017936017409,0.785573320254669,0.0334841745437664,"SIX2","Bcell_mem"
-0.031341446418474,-0.0267330003199415,-0.12511821985396,0.852025112684014,0.0237601701298655,"SIX2","Tcell"
-0.0395702419353196,-0.0324480423044572,0.338478811590649,0.819062563024415,0.0490506470132568,"SIX2","Granulocytes"
-0.00500372644776248,-0.00402394889790374,0.883186221897588,0.786217020886552,0.0344475537327104,"BHLHE23","Bcell_mem"
6.96885775297584e-06,-1.98628665527556e-05,0.999212855590581,0.853369682363964,0.0252340819741443,"BHLHE23","Tcell"
-0.0146182765500243,-0.0119043578098871,0.726459210647271,0.813539669105875,0.0435194979076285,"BHLHE23","Granulocytes"
-0.0147845881404176,-0.0114325608213911,0.695696903900092,0.79341006400652,0.0375696500230074,"SP9","Bcell_mem"
-0.0156483525102233,-0.0132391078172449,0.38904099083364,0.852050527247937,0.0216693879926729,"SP9","Tcell"
-0.00573912648267338,-0.00446230121946751,0.909137552874992,0.821422609485203,0.049110511114986,"SP9","Granulocytes"
-0.0406582573858075,-0.0312179622113211,-1.09374598051764,0.771045879621165,0.0149101001276205,"TFAP2C(var.3)","Bcell_mem"
-0.0160743099667712,-0.0134030233349138,-1.74899458688879,0.835285517396987,0.00487560921321525,"TFAP2C(var.3)","Tcell"
-0.0204725857408532,-0.0162313747486331,0.464298505803547,0.802036159018929,0.0302992896687362,"TFAP2C(var.3)","Granulocytes"
0.0225605762435306,0.0178041393731071,1.44680913041982,0.792032397326793,0.0398473042759411,"VENTX","Bcell_mem"
0.0207600699112505,0.0177448989950673,1.66430577075063,0.855085106217408,0.026711944674237,"VENTX","Tcell"
0.0142249718088354,0.0117489414170864,1.2342647994934,0.820507794960264,0.050152397810057,"VENTX","Granulocytes"
0.00605775043253953,0.00477826039911308,1.12483461162738,0.790121710880168,0.0382767273981338,"SOX21","Bcell_mem"
-0.00903500115085532,-0.00772642509248116,0.732524012499526,0.857087614176882,0.0288864251504725,"SOX21","Tcell"
-0.0114885707336795,-0.00922166397052147,0.815132719372994,0.820047685412654,0.0498826181639324,"SOX21","Granulocytes"
-0.00803557260678656,-0.00634115870321812,0.829459294572191,0.789147876237068,0.0371826695996773,"GATA6","Bcell_mem"
-0.0285459388043114,-0.0242262166774676,-0.151539758424124,0.849277561026811,0.0210381070216985,"GATA6","Tcell"
-0.0450499785701534,-0.0364433701725719,0.162568944168117,0.813646978473525,0.0435180543147758,"GATA6","Granulocytes"
0.0144094589541275,0.011333763999297,1.35501083186093,0.783746303020612,0.0319251216642784,"DLX5","Bcell_mem"
0.00864066404824682,0.00736518578943855,1.36166112691838,0.848567194098342,0.0203648809375656,"DLX5","Tcell"
-0.00696237785810261,-0.00537940328103457,0.856949594180226,0.807837634732727,0.0376049494596468,"DLX5","Granulocytes"
-0.0590719662370935,-0.0471255960475658,-0.0125788605808747,0.799689478222598,0.0465401736912933,"MEF2C","Bcell_mem"
0.00342762865825375,0.00305928253693725,1.07682738086605,0.868880870452557,0.0398202112638877,"MEF2C","Tcell"
-0.0170629267112313,-0.0137811107001945,0.776638846368075,0.833569889783756,0.0616987800972064,"MEF2C","Granulocytes"
-0.0773601108294015,-0.0599964008414046,-1.4061778945007,0.776801052746627,0.0249343163606173,"POU1F1","Bcell_mem"
-0.00316646764940076,-0.00262122595480172,0.90890700887675,0.857054636901899,0.0287752759293541,"POU1F1","Tcell"
-0.012953563627223,-0.0100693311846797,0.783909068522162,0.817052561239108,0.0465976573649616,"POU1F1","Granulocytes"
0.00475055415362968,0.00393090542335221,1.10941198855751,0.788067593710089,0.0359275567072418,"MIXL1","Bcell_mem"
0.00698534424313335,0.00607183652178742,1.23275081367514,0.854497060199173,0.0260872837603141,"MIXL1","Tcell"
0.0261179587353957,0.0220023701004173,1.4617997006047,0.818156826079586,0.0476448340516605,"MIXL1","Granulocytes"
-0.0205424588898863,-0.0159292888089251,0.664177028606777,0.800402189632812,0.0474335890211427,"PHOX2B","Bcell_mem"
-0.0233903010158346,-0.0200248303203731,0.482290190972944,0.867640084028331,0.0386796424777159,"PHOX2B","Tcell"
0.00544875885839446,0.00596967937235461,1.09385186719775,0.83508519436764,0.0636074651533144,"PHOX2B","Granulocytes"
