"motif","side","current","residual_diff","residual_ratio","flank_meth","flank_residual","package","expected"
"ZBTB33","all",-0.0626718212469089,-0.0508903630956674,-0.499378990061531,0.817165871978756,0.0339499155463359,-0.0650584684345679,0.995212384831216
"ZBTB33","left",-0.0509417880618015,-0.0413251053999486,-0.162965033627298,0.81829888131192,0.0350335122461449,-0.0650584684345679,0.995212384831216
"ZBTB33","right",-0.0743991228754872,-0.0604556207913863,-0.876622441077085,0.816032862645593,0.0328663188465269,-0.0650584684345679,0.995212384831216
"ERG","all",-0.209057984943914,-0.16156602998598,34.0860687042291,0.774929574399477,-0.00879531106419961,-0.165468315348871,0.997027378164134
"ERG","left",-0.200471312762995,-0.154691004605966,22.723375381303,0.773371717047227,-0.0104222487078343,-0.165468315348871,0.997027378164134
"ERG","right",-0.217331497455985,-0.168231131856538,70.112167288958,0.776487431751726,-0.00716837342056489,-0.165468315348871,0.997027378164134
"NFYA","all",0.00940260908241604,0.0075788075477784,1.18426358718182,0.819793340073262,0.0366446926004455,0.0140930637390422,0.997219103856477
"NFYA","left",0.00562983923660765,0.00447032384387794,1.09925945800581,0.822651352459104,0.0394910595058378,0.0140930637390422,0.997219103856477
"NFYA","right",0.013210916512098,0.0106763697184077,1.29272447743825,0.81693532768742,0.0337983256950532,0.0140930637390422,0.997219103856477
"ZNF282","all",-0.0173941233624388,-0.0140512895243654,0.435719186125865,0.808143601889738,0.024599716353545,-0.0245077199133011,0.997439360464785
"ZNF282","left",-0.0148098865033498,-0.0119061190572543,0.432295587532885,0.8049675133881,0.0213540798955295,-0.0245077199133011,0.997439360464785
"ZNF282","right",-0.0199563184119164,-0.0161964599914765,0.434732853857711,0.811319690391377,0.0278453528115605,-0.0245077199133011,0.997439360464785
"MAFA","all",-0.0479232693544927,-0.0390517292897441,-0.381371864698226,0.813473427016098,0.0296171620132995,-0.0518211120234148,0.997627213020763
"MAFA","left",-0.0428526047938876,-0.0349258243361892,-0.324529599666873,0.811489732381024,0.0276455664363316,-0.0518211120234148,0.997627213020763
"MAFA","right",-0.052955981578188,-0.043177634243299,-0.426922238610166,0.815457121651172,0.0315887575902674,-0.0518211120234148,0.997627213020763
"ZNF528","all",-0.0345677633708554,-0.0279509700038841,-0.156868697556975,0.809819735415297,0.0260643049384175,-0.0374780344513114,0.997769151568584
"ZNF528","left",-0.0332186337882868,-0.0269788563688106,-0.0157445931649693,0.811972680157902,0.0282015810533042,-0.0374780344513114,0.997769151568584
"ZNF528","right",-0.0359231502961166,-0.0289230836389576,-0.339375383279339,0.807666790672692,0.0239270288235307,-0.0374780344513114,0.997769151568584
"SPIB","all",-0.19827603696295,-0.155477236010285,233.680724279686,0.792265725515113,0.00857866084038784,-0.229588644472515,0.997936263256204
"SPIB","left",-0.197301146167263,-0.15471541916177,21.2277697417838,0.791857274386213,0.00822039149931297,-0.229588644472515,0.997936263256204
"SPIB","right",-0.209108081487334,-0.163984515665144,-47.7311400832453,0.792674176644014,0.00893693018146271,-0.229588644472515,0.997936263256204
"TBX4","all",-0.00939056617362507,-0.0078791685268757,0.79377753773468,0.836855317751235,0.0510868417825251,0.0234131882015663,0.998106013207534
"TBX4","left",-0.00595904789666742,-0.0051429077233535,0.845171517554912,0.839741451110671,0.0522989104883992,0.0234131882015663,0.998106013207534
"TBX4","right",-0.0126210132552467,-0.0104359598072435,0.743725630832984,0.8339691843918,0.049874773076651,0.0234131882015663,0.998106013207534
"MYB","all",-0.0407122075643928,-0.0332847195741594,0.00838569575163186,0.81747155345327,0.0340000735822699,-0.0384675311275635,0.998359041981005
"MYB","left",-0.0392993142372198,-0.0319243738207845,-0.0441326817359675,0.814112640740084,0.0307238394346723,-0.0384675311275635,0.998359041981005
"MYB","right",-0.0422200565286063,-0.0347321511636353,0.0521305167802454,0.820830466166455,0.0372763077298676,-0.0384675311275635,0.998359041981005
"FOS::JUND","all",-0.0993209108899275,-0.0821227917484208,-1.14302987998259,0.83245057099245,0.0485811274897811,-0.0912528712632074,0.998553507046955
"FOS::JUND","left",-0.0908093324058267,-0.0751142519225186,-1.02016494108453,0.831908205539821,0.0478022739161513,-0.0912528712632074,0.998553507046955
"FOS::JUND","right",-0.107817270244747,-0.0891313315743231,-1.25883648035839,0.83299293644508,0.0493599810634109,-0.0912528712632074,0.998553507046955
"JUN::JUNB","all",-0.0910712906506735,-0.0751803554250871,-1.02195250273914,0.831380017622304,0.0477188984623278,-0.0852883781571203,0.998859516935024
"JUN::JUNB","left",-0.0897661275093403,-0.0742649221608641,-0.963978416666294,0.832617432752103,0.0491054397501397,-0.0852883781571203,0.998859516935024
"JUN::JUNB","right",-0.0982825646035245,-0.0809037810522288,-1.22971714634106,0.830142602492504,0.046332357174516,-0.0852883781571203,0.998859516935024
"NEUROG1","all",-0.000474980365224679,-0.000431775145148682,1.04026381703847,0.816749159291456,0.0334460797613811,0.00088774783121458,0.9990085983715
"NEUROG1","left",-0.00261435960925608,-0.00221033756733561,0.951368830963225,0.818719018221812,0.0354001564744666,0.00088774783121458,0.9990085983715
"NEUROG1","right",0.00169429573178337,0.00135476519935182,1.15833220544379,0.814779300361099,0.0314920030482956,0.00088774783121458,0.9990085983715
"NEUROD2","all",-0.00860265324526976,-0.0070260046757338,0.852018360547561,0.819336173079197,0.0361616340922626,-0.013679518407339,0.99922344770774
"NEUROD2","left",-0.011020690140105,-0.00905241183403451,0.769599980221497,0.822170756298063,0.0390107296917218,-0.013679518407339,0.99922344770774
"NEUROD2","right",-0.00609568745191191,-0.00496531883238482,0.976100053167583,0.81650158986033,0.0333125384928033,-0.013679518407339,0.99922344770774
"BHLHE22(var.2)","all",-0.0332166591131804,-0.0264873896487245,-0.450540702901133,0.807812447989767,0.0228203532308222,-0.0301143241587286,0.999364928342018
"BHLHE22(var.2)","left",-0.0320133446213083,-0.0254890596121653,-0.586196605178399,0.806346579146181,0.0213555252673332,-0.0301143241587286,0.999364928342018
"BHLHE22(var.2)","right",-0.0344393051568465,-0.0275060022038458,-0.351918558874779,0.809278316833354,0.0242851811943113,-0.0301143241587286,0.999364928342018
"SREBF1(var.2)","all",0.00386277419306461,0.00364126704050251,1.06086496902083,0.846104690711137,0.0598084090993349,0.04604981708281,0.999625291347113
"SREBF1(var.2)","left",0.01055436283798,0.00924405201329741,1.1469830874922,0.845273416935256,0.0594514702668964,0.04604981708281,0.999625291347113
"SREBF1(var.2)","right",0.00136885479601726,0.00156488899110805,1.0345216717205,0.846935964487018,0.0601653479317734,0.04604981708281,0.999625291347113
"GATA3","all",-0.0432859023130655,-0.0351154666582368,-1.00670262797077,0.805849353123493,0.0224786991262881,-0.0542148927704919,0.999945805136423
"GATA3","left",-0.0345922891039356,-0.0281930184952147,-0.304026781279448,0.808453670260333,0.0251575995457463,-0.0542148927704919,0.999945805136423
"GATA3","right",-0.0514962553406658,-0.0416014898856916,-2.30931142785722,0.803245035986652,0.0197997987068299,-0.0542148927704919,0.999945805136423
"IRF8","all",-0.0765066703665013,-0.0619978735886835,-1.51593017407464,0.81614874955431,0.032553076816494,-0.0612375998884115,1.00023964123919
"IRF8","left",-0.0741830812220692,-0.0599630306882958,-1.590896784067,0.814998209127966,0.031265745222463,-0.0612375998884115,1.00023964123919
"IRF8","right",-0.0794161334448002,-0.0645105379958733,-1.46654675730571,0.817299289980654,0.0338404084105249,-0.0612375998884115,1.00023964123919
"FOXP3","all",-0.0275869033543898,-0.0225170718098052,0.173862063573532,0.814655289983582,0.0312510857388632,-0.0252426629822868,1.00052732423106
"FOXP3","left",-0.0257093588362484,-0.0209348040954795,0.164947822431253,0.812527595866703,0.0291166824029643,-0.0252426629822868,1.00052732423106
"FOXP3","right",-0.0294858973800655,-0.0241233454207209,0.180312003594083,0.81678298410046,0.0333854890747621,-0.0252426629822868,1.00052732423106
"SIX2","all",-0.0397787447305217,-0.0324400393341621,0.0247808852397599,0.818886998654366,0.0354316638956296,-0.0300854387478236,1.00082191221169
"SIX2","left",-0.0413254377941706,-0.0335967607595144,-0.0641262815621906,0.817350478373053,0.0339412199469828,-0.0300854387478236,1.00082191221169
"SIX2","right",-0.0321312233811285,-0.0263091865934809,0.255933312091966,0.82042351893568,0.0369221078442763,-0.0300854387478236,1.00082191221169
"BHLHE23","all",-0.00653834471334462,-0.00531605652478121,0.86961942937848,0.817708790785464,0.0344003778714944,-0.012067685836683,1.00105921378609
"BHLHE23","left",-0.00774675573886585,-0.00640773041082515,0.817632843298852,0.817941653100544,0.0346868899557422,-0.012067685836683,1.00105921378609
"BHLHE23","right",-0.00535391253829753,-0.00425658911080911,0.932294402006892,0.817475928470384,0.0341138657872466,-0.012067685836683,1.00105921378609
"SP9","all",-0.0120573557111048,-0.0097113232860345,0.664625149202908,0.822294400246554,0.0361165163768888,0.0121524341807322,1.00166970824008
"SP9","left",-0.0143330119559236,-0.0115340607463347,0.598893148969748,0.822596026893403,0.0357534129639082,0.0121524341807322,1.00166970824008
"SP9","right",-0.0112223049742779,-0.00908097416490131,0.693882245973177,0.821992773599704,0.0364796197898694,0.0121524341807322,1.00166970824008
"TFAP2C(var.3)","all",-0.025735051031144,-0.0202841200982893,-0.792814020534294,0.802789185345694,0.0166949996698573,-0.0199603374298156,1.00218936280406
"TFAP2C(var.3)","left",-0.0306712590806627,-0.0241624723602593,-2.23096959406257,0.800594152254401,0.0144924369990745,-0.0199603374298156,1.00218936280406
"TFAP2C(var.3)","right",-0.0208238465212068,-0.0164057678363194,-0.151871020418092,0.804984218436986,0.0188975623406402,-0.0199603374298156,1.00218936280406
"VENTX","all",0.0191818726545388,0.0157659932617536,1.44845990022129,0.822541766168155,0.0389038822534117,-0.00162815138716599,1.00293859939856
"VENTX","left",0.0099338858257935,0.00825786151044505,1.27614781236779,0.82401993170635,0.0405599293631612,-0.00162815138716599,1.00293859939856
"VENTX","right",0.0281638331308601,0.0230081211657186,1.63481786625776,0.821063600629961,0.0372478351436621,-0.00162815138716599,1.00293859939856
"SOX21","all",-0.00482194048399842,-0.00405660955462985,0.8908304478333,0.822419003489901,0.0390152569041796,-0.00979166388480496,1.00445552187398
"SOX21","left",0.00028282773103927,0.000143695965123072,1.0038373320259,0.822185354330789,0.0388355491173007,-0.00979166388480496,1.00445552187398
"SOX21","right",-0.00992440105698722,-0.00825691507438277,0.777813640627322,0.822652652649014,0.0391949646910585,-0.00979166388480496,1.00445552187398
"GATA6","all",-0.0272104966604171,-0.0223369151844192,0.280162826772061,0.817357471912468,0.0339129436453839,-0.0340120139026833,1.00568932639324
"GATA6","left",-0.015040219943499,-0.0123771960735231,0.62893468398841,0.81805227829117,0.0344696242559121,-0.0340120139026833,1.00568932639324
"GATA6","right",-0.038815762388242,-0.0318186161261596,-0.0580198755957205,0.816662665533766,0.0333562630348557,-0.0340120139026833,1.00568932639324
"DLX5","all",0.00536258171475723,0.00443984883590032,1.19120718431985,0.813383710617227,0.0299649840204969,0.00448567052461519,1.00667061854908
"DLX5","left",0.00113125366292403,0.000940474378540133,1.1165378690754,0.811917287703232,0.0285095683691194,0.00448567052461519,1.00667061854908
"DLX5","right",0.0093368252118858,0.00772379763635887,1.26266645624062,0.814850133531221,0.0314203996718745,0.00448567052461519,1.00667061854908
"MEF2C","all",-0.024235754763357,-0.019282474736941,0.61362912221775,0.83404674615297,0.0493530550174625,0.0258711734814057,1.00797654202823
"MEF2C","left",-0.0306863377433293,-0.0246157703471199,0.499190385291956,0.833907301329544,0.0496169056964097,0.0258711734814057,1.00797654202823
"MEF2C","right",-0.0182861081254791,-0.0143716328710314,0.720981683693301,0.834186190976396,0.0490892043385152,0.0258711734814057,1.00797654202823
"POU1F1","all",-0.0311600473686751,-0.0242289859936286,0.0955460609660698,0.816969416962544,0.0334357498849777,-0.02037178233286,1.00985708155051
"POU1F1","left",-0.0263983645509874,-0.0201838239632897,0.122008446931409,0.816850058378428,0.0332486718258786,-0.02037178233286,1.00985708155051
"POU1F1","right",-0.0415881720347666,-0.0328727502759535,-0.0825443990656658,0.817088775546661,0.0336228279440767,-0.02037178233286,1.00985708155051
"MIXL1","all",0.0126179523773862,0.0106683706818523,1.26798750094578,0.820240493329616,0.0365532248397388,0.014025524822737,1.01262388489845
"MIXL1","left",0.0143302122833377,0.0120604541756083,1.31689938789389,0.820724348026392,0.0370617405061852,0.014025524822737,1.01262388489845
"MIXL1","right",0.0110113083509621,0.0093626780590146,1.22208997069324,0.81975663863284,0.0360447091732924,0.014025524822737,1.01262388489845
"PHOX2B","all",-0.0128280003491088,-0.00999481325231452,0.746773028925825,0.834375822676261,0.0499068988840577,0.00950095123100669,1.01897087915138
"PHOX2B","left",0.00412786669966721,0.00390540715982377,1.04933877972396,0.831260474735792,0.046633937106958,0.00950095123100669,1.01897087915138
"PHOX2B","right",-0.0189540383584404,-0.0149251416142563,0.679603830207158,0.83749117061673,0.0531798606611573,0.00950095123100669,1.01897087915138
