"","motifs","p_value","p_value_adjusted","isDiff","correlation","qValue","oddsRatio"
"1","AHR",NA,NA,NA,NA,1.67516985675568e-105,4.83907680603849
"2","AIRE",NA,NA,NA,NA,1,0.867662038472982
"3","ALX3",0.418122961491168,0.579503753645653,"FALSE",NA,NA,NA
"4","AP1_1",NA,NA,NA,NA,0.367848864602144,1.29239148556855
"5","AP1_2",NA,NA,NA,NA,0.000812411067971249,2.40035455410634
"6","ARGFX",0.614537109635401,0.724603457629801,"FALSE",NA,NA,NA
"7","ARI5A",NA,NA,NA,NA,1,0.451725727052511
"8","ARI5B",NA,NA,NA,NA,0.26758437246197,1.40554991026337
"9","ARNT::HIF1A",0.3166681348448,0.482251231860032,"FALSE",NA,NA,NA
"10","ARNT2",0.26451398668316,0.421090276029615,"FALSE",NA,NA,NA
"11","ASCL1",3.93193660219495e-15,6.21245983146802e-13,"TRUE",0.321572088550432,NA,NA
"12","ASCL1(var.2)",2.85306757988069e-06,3.2784340190629e-05,"TRUE",NA,NA,NA
"13","ATF2",0.422481256137685,0.581717110847531,"FALSE",-0.0592408063533441,NA,NA
"14","ATF3",0.210845238075386,0.34974853140064,"FALSE",0.355864202798255,NA,NA
"15","ATF4",0.810809886902552,0.871482735582335,"FALSE",-0.334953645654014,NA,NA
"16","ATF6",0.791223263406934,0.851879220567602,"FALSE",-0.215930408703887,NA,NA
"17","ATF7",0.211399481590878,0.349749927658207,"FALSE",0.505453000767702,NA,NA
"18","ATOH1(var.2)",7.55535649419354e-10,2.17044786560469e-08,"TRUE",NA,NA,NA
"19","ATOH7",0.00933695700850007,0.0292126575711487,"TRUE",NA,NA,NA
"20","BACH1",0.954383757464938,0.974427358187142,"FALSE",-0.300628604169244,NA,NA
"21","BACH2",0.553859063522785,0.675331733588867,"FALSE",0.183482749373217,NA,NA
"22","BACH2(var.2)",0.54618471690976,0.6735975648631,"FALSE",NA,NA,NA
"23","BARHL1",0.446589310905022,0.605674773587927,"FALSE",NA,NA,NA
"24","BARHL2",0.00612574414649585,0.0206967709815054,"TRUE",NA,NA,NA
"25","BARX1",0.000519539717420297,0.00250648169014983,"TRUE",NA,NA,NA
"26","BARX2",0.663419786984325,0.763008480039487,"FALSE",NA,NA,NA
"27","BATF",0.508346852410558,0.645978333243532,"FALSE",0.28142785012307,1,0.96551658289065
"28","BATF::JUN",0.510036690329941,0.645978333243532,"FALSE",NA,NA,NA
"29","BATF3",0.437274744323078,0.598176706519882,"FALSE",NA,NA,NA
"30","BCL6",0.960442331394598,0.975702264369618,"FALSE",0.135319489474647,NA,NA
"31","BCL6_1",NA,NA,NA,NA,1,0.776690790682264
"32","BCL6_2",NA,NA,NA,NA,0.00630905145043646,1.80330635703496
"33","BCL6B",0.61745983553345,0.726693884650168,"FALSE",NA,NA,NA
"34","BHLHA15(var.2)",1.29650897529997e-09,3.41414030162325e-08,"TRUE",NA,NA,NA
"35","BHLHE22",0.130719056862538,0.242271096589806,"FALSE",-0.0528404915132456,NA,NA
"36","BHLHE22(var.2)",9.9319222121435e-14,6.97441648674966e-12,"TRUE",NA,NA,NA
"37","BHLHE23",0.698017474611586,0.787762578490218,"FALSE",NA,NA,NA
"38","BHLHE40",0.500201347003533,0.641231747071466,"FALSE",0.0480738006919921,NA,NA
"39","BHLHE41",0.427360141956908,0.587155673297317,"FALSE",NA,NA,NA
"40","BSX",0.371504831376043,0.533616030521952,"FALSE",NA,NA,NA
"41","CCAAT_CEBP",NA,NA,NA,NA,1,0.791333446107672
"42","CDX1",0.717887682533624,0.802462933775096,"FALSE",NA,NA,NA
"43","CDX2",0.354191628477982,0.51459565332893,"FALSE",0.162136728546081,NA,NA
"44","CDX4",0.353722016353667,0.51459565332893,"FALSE",NA,NA,NA
"45","CEBPA",0.0050099495077065,0.0172080874395136,"TRUE",-0.603136833865263,NA,NA
"46","CEBPB",0.132651122920522,0.244418395585335,"FALSE",-0.555094361165351,NA,NA
"47","CEBPD",0.0121616596305591,0.0371312506594849,"TRUE",-0.530436250630067,NA,NA
"48","CEBPE",0.111512778279862,0.21486608497827,"FALSE",NA,NA,NA
"49","CEBPG",0.108546516166187,0.211081225283169,"FALSE",-0.218026974447404,NA,NA
"50","CEBPG(var.2)",0.0385107232530609,0.0904787252636969,"FALSE",NA,NA,NA
"51","CENBP",NA,NA,NA,NA,1.89944568737406e-52,6.0818474727212
"52","CENPB",0.0270326925263803,0.0705977755234394,"FALSE",NA,NA,NA
"53","CLOCK",0.656321243137129,0.758309004867762,"FALSE",0.126823233341246,NA,NA
"54","CPEB1",NA,NA,NA,NA,1,0.425790926565652
"55","CREB_ATF_1",NA,NA,NA,NA,3.91042169774158e-09,1.46579238688505
"56","CREB_ATF_2",NA,NA,NA,NA,0.0114091246063588,1.27522965937887
"57","CREB_ATF_3",NA,NA,NA,NA,1,0.917038283689319
"58","CREB1",0.670319217522942,0.767466930207426,"FALSE",-0.414412180949089,NA,NA
"59","CREB3",0.580735043187699,0.695122248664064,"FALSE",0.0826021743833357,NA,NA
"60","CREB3_XBP1",NA,NA,NA,NA,2.9957249867634e-10,3.75229272146432
"61","CREB3L1",0.646390772618695,0.750953985836425,"FALSE",-0.169832236440285,NA,NA
"62","CREB3L4",0.379510275692196,0.539873212751403,"FALSE",NA,NA,NA
"63","CREB3L4(var.2)",9.23048700903736e-07,1.29417640243279e-05,"TRUE",NA,NA,NA
"64","CREM",0.00449349109264965,0.0156899799478154,"TRUE",-0.136440554372883,NA,NA
"65","CTCF",0.000114465478577914,0.000713592592276865,"TRUE",0.0234145223102983,3.95671789281915e-16,11.8813901146069
"66","CTCFL",8.1252707425162e-06,7.90026324503113e-05,"TRUE",0.228288902955537,NA,NA
"67","CUX_1",NA,NA,NA,NA,1,0.461248987635994
"68","CUX_2",NA,NA,NA,NA,1,0.820115932754489
"69","CUX_3",NA,NA,NA,NA,1,0.785661485139656
"70","CUX_4",NA,NA,NA,NA,1,0.502682635296703
"71","CUX1",1.51239608254719e-11,6.82738802978445e-10,"TRUE",-0.32402131696644,NA,NA
"72","CUX2",1.71849368593853e-11,7.24058673008768e-10,"TRUE",NA,NA,NA
"73","DBP",0.00615663440589085,0.0206967709815054,"TRUE",NA,NA,NA
"74","DDIT3CEBPA",NA,NA,NA,NA,1,0.828686781054145
"75","DLX5",0.337506100159652,0.499540644732787,"FALSE",NA,NA,NA
"76","DLX6",0.67417034696527,0.769089637693232,"FALSE",NA,NA,NA
"77","DMRT1",NA,NA,NA,NA,0.994261020724145,1.04696802151462
"78","DMRT3",1.80512196252588e-06,2.19391746214684e-05,"TRUE",NA,1,0.550057355350739
"79","DMRTA2",0.431869560365197,0.592064126140574,"FALSE",NA,NA,NA
"80","DMRTC2",0.0286105139928938,0.0741059214897905,"FALSE",NA,NA,NA
"81","DPRX",8.66608268653318e-09,1.82565475262966e-07,"TRUE",NA,NA,NA
"82","DRGX",0.000110344073641386,0.000704418732740972,"TRUE",NA,NA,NA
"83","DUX4",0.0592315767472518,0.129083987945735,"FALSE",-0.192179739163679,NA,NA
"84","DUXA",0.0499814416962518,0.113219609863911,"FALSE",NA,NA,NA
"85","E2F_1",NA,NA,NA,NA,5.48033835130461e-10,1.50445895025228
"86","E2F_2",NA,NA,NA,NA,6.97472942391409e-11,32.4829395398309
"87","E2F_3",NA,NA,NA,NA,0.203174392258001,1.40082869587974
"88","E2F_4",NA,NA,NA,NA,4.87116349608777e-193,7.86179283446686
"89","E2F1",0.662232087923833,0.763008480039487,"FALSE",-0.160567502220902,NA,NA
"90","E2F2",0.408660346129431,0.570139820648566,"FALSE",0.0588029769233936,NA,NA
"91","E2F3",1.06324038077256e-05,9.88188118600381e-05,"TRUE",-0.121289197932805,NA,NA
"92","E2F4",0.30680803321109,0.471782669073988,"FALSE",0.0607693389864295,NA,NA
"93","E2F6",0.198552831095878,0.332852491386194,"FALSE",0.325322205230462,NA,NA
"94","E2F7",0.0146037596133118,0.0436417669256011,"TRUE",-0.147621987814337,NA,NA
"95","E2F8",0.583163544065975,0.695327035227186,"FALSE",NA,NA,NA
"96","EBF1",2.4289171543883e-11,9.59422275983378e-10,"TRUE",0.201759616079645,1.53800459160923e-19,9.06702512947245
"97","EBF3",1.1205375868016e-12,7.08179754858609e-11,"TRUE",NA,NA,NA
"98","EBOX_CACCTG",NA,NA,NA,NA,8.33432186357668e-08,9.64061671550039
"99","EBOX_CACGTG_1",NA,NA,NA,NA,5.303059268543e-42,3.13080462925627
"100","EBOX_CACGTG_2",NA,NA,NA,NA,1.06318468856648e-11,6.84492351539656
"101","EBOX_CAGATGG",NA,NA,NA,NA,1.06853569524123e-06,Inf
"102","EBOX_CAGCTG",NA,NA,NA,NA,7.40303951930189e-06,17.1029667471789
"103","EBOX_CATATG",NA,NA,NA,NA,1,0.87724029159877
"104","EGR",NA,NA,NA,NA,7.46661620420875e-155,6.88660145651649
"105","EGR1",0.000471159702320897,0.00233793570963794,"TRUE",-0.297223354056021,NA,NA
"106","EGR2",0.0627509865190068,0.135817203698672,"FALSE",NA,NA,NA
"107","EGR3",0.0208256481256916,0.0574751511591141,"FALSE",NA,NA,NA
"108","EGR4",2.13576069802905e-08,4.35419600372373e-07,"TRUE",NA,NA,NA
"109","EHF",6.54535823679183e-08,1.21666658989778e-06,"TRUE",-0.0431123634025684,NA,NA
"110","ELF1",3.76778319084899e-06,4.17557285737487e-05,"TRUE",-0.355681184256994,NA,NA
"111","ELF2",1.27995019611815e-06,1.63480339038012e-05,"TRUE",NA,NA,NA
"112","ELF3",9.83867563853001e-07,1.32298787309595e-05,"TRUE",-0.494199295904053,NA,NA
"113","ELF4",1.59281026159677e-07,2.64909496139253e-06,"TRUE",NA,NA,NA
"114","ELF5",6.21436421631853e-08,1.19014490445858e-06,"TRUE",0.224470151685502,NA,NA
"115","ELK1",1.27121504485108e-05,0.0001100558778556,"TRUE",-0.0535012342693458,NA,NA
"116","ELK3",3.28118843833236e-05,0.000256013715188402,"TRUE",NA,NA,NA
"117","ELK4",3.73267608002772e-05,0.000280839438402086,"TRUE",-0.247626743282629,NA,NA
"118","EMX1",5.56326965525258e-11,1.95332579006646e-09,"TRUE",NA,NA,NA
"119","EMX2",0.161391860410549,0.282547522934811,"FALSE",NA,NA,NA
"120","EN1",8.65101771547548e-09,1.82565475262966e-07,"TRUE",NA,NA,NA
"121","EN2",0.226533722803537,0.368044505943021,"FALSE",NA,NA,NA
"122","EOMES",0.0240081032533164,0.0640216086755103,"FALSE",-0.397692791189511,NA,NA
"123","ERF",0.000465079229726927,0.0023327783586303,"TRUE",NA,NA,NA
"124","ERG",0.000157427406242105,0.000912790098578074,"TRUE",-0.304628486594644,NA,NA
"125","ESR1",0.333306865531453,0.497024216917517,"FALSE",0.0459144487269861,NA,NA
"126","ESR2",0.190557543616525,0.322011677983005,"FALSE",0.386578613509474,NA,NA
"127","ESRRA",0.0443197833760868,0.103358313998844,"FALSE",-0.00273839507725086,NA,NA
"128","ESRRB",0.022906817939084,0.0620764526218455,"FALSE",NA,NA,NA
"129","ESX1",0.547541551995507,0.6735975648631,"FALSE",NA,NA,NA
"130","ETS_1",NA,NA,NA,NA,1.65245288479917e-08,7.38288099005391
"131","ETS_2",NA,NA,NA,NA,1.01781947032251e-20,8.48621859946342
"132","ETS1",0.00100392446047917,0.00437572592429542,"TRUE",-0.45274504656782,NA,NA
"133","ETS2",0.000115168424702912,0.000713592592276865,"TRUE",-0.30488851569093,NA,NA
"134","ETV1",4.94442924049599e-05,0.00035918152643603,"TRUE",-0.168997708159195,NA,NA
"135","ETV2",2.15874686350132e-05,0.000174913848427287,"TRUE",NA,NA,NA
"136","ETV3",0.000130149866532831,0.000790910727391822,"TRUE",NA,NA,NA
"137","ETV4",4.50871033531805e-06,4.74917488653501e-05,"TRUE",-0.443068289929676,NA,NA
"138","ETV5",1.25139044386037e-06,1.63480339038012e-05,"TRUE",NA,NA,NA
"139","ETV6",1.04057395212777e-07,1.87897925069928e-06,"TRUE",NA,NA,NA
"140","EVI1_MECOM",NA,NA,NA,NA,1,0.567896374830178
"141","EVX1",0.563737808537169,0.678632942848554,"FALSE",NA,NA,NA
"142","EVX2",0.00471129762437602,0.0163601104318991,"TRUE",NA,NA,NA
"143","EWSR1_FLI1",NA,NA,NA,NA,2.79343941669544e-05,2.75389460539691
"144","EWSR1-FLI1",0.0155536863916115,0.0457206037185975,"TRUE",NA,NA,NA
"145","FERD3L",4.67328910417031e-12,2.46126559486303e-10,"TRUE",NA,NA,NA
"146","FEV",4.87908115178503e-05,0.000358555731154435,"TRUE",NA,NA,NA
"147","FEZF1",NA,NA,NA,NA,0.828088571834353,1.0887098619227
"148","FIGLA",0.085855076621994,0.175033575564839,"FALSE",NA,NA,NA
"149","FLI1",0.000114247137226976,0.000713592592276865,"TRUE",-0.258705032610565,NA,NA
"150","FOS",0.507778488665976,0.645978333243532,"FALSE",-0.409485944880455,NA,NA
"151","FOS::JUN",0.58526145173991,0.695327035227186,"FALSE",NA,NA,NA
"152","FOS::JUN(var.2)",0.0150676695764956,0.0445232931742877,"TRUE",NA,NA,NA
"153","FOS::JUNB",0.444777885090798,0.60451531909115,"FALSE",NA,NA,NA
"154","FOS::JUND",0.466950252345711,0.617765894436977,"FALSE",NA,NA,NA
"155","FOSB::JUN",0.0355694901385829,0.0865820285328882,"FALSE",NA,NA,NA
"156","FOSB::JUNB",0.521085121196355,0.655105256229984,"FALSE",NA,NA,NA
"157","FOSB::JUNB(var.2)",0.0772590777420111,0.160617556358391,"FALSE",NA,NA,NA
"158","FOSL1",0.46918928691416,0.617765894436977,"FALSE",-0.4584610037772,NA,NA
"159","FOSL1::JUN",0.419760315099699,0.580500041888424,"FALSE",NA,NA,NA
"160","FOSL1::JUN(var.2)",0.103727274512553,0.202332214481276,"FALSE",NA,NA,NA
"161","FOSL1::JUNB",0.560921284136409,0.678428911994695,"FALSE",NA,NA,NA
"162","FOSL1::JUND",0.562494857413323,0.678428911994695,"FALSE",NA,NA,NA
"163","FOSL1::JUND(var.2)",0.0960749413513652,0.190704539161114,"FALSE",NA,NA,NA
"164","FOSL2",0.530347643725797,0.658506308123191,"FALSE",-0.0943721236614149,NA,NA
"165","FOSL2::JUN",0.416135287019311,0.578016486585065,"FALSE",NA,NA,NA
"166","FOSL2::JUN(var.2)",0.133542492142488,0.245243903837626,"FALSE",NA,NA,NA
"167","FOSL2::JUNB",0.52972601913305,0.658506308123191,"FALSE",NA,NA,NA
"168","FOSL2::JUNB(var.2)",0.102239852543572,0.200048256370085,"FALSE",NA,NA,NA
"169","FOSL2::JUND",0.45013265238926,0.607871445106864,"FALSE",NA,NA,NA
"170","FOSL2::JUND(var.2)",0.122287030793092,0.230678190005945,"FALSE",NA,NA,NA
"171","FOX_1",NA,NA,NA,NA,1,0.955505129360621
"172","FOX_2",NA,NA,NA,NA,1,0.551153895608202
"173","FOX_3",NA,NA,NA,NA,1,0.52139598972453
"174","FOX_4",NA,NA,NA,NA,1,0.968908223262388
"175","FOX_5",NA,NA,NA,NA,1,0.398173018780316
"176","FOX_6",NA,NA,NA,NA,1,0.389070602753216
"177","FOX_7",NA,NA,NA,NA,1.82542526931603e-06,2.90150356168358
"178","FOX_8",NA,NA,NA,NA,0.0858241938759756,1.47496817741945
"179","FOX_9",NA,NA,NA,NA,0.467085114622471,1.07325980600495
"180","FOXA1",0.549956617201234,0.6735975648631,"FALSE",-0.0515712398067492,NA,NA
"181","FOXA2",0.341567520524397,0.503384500186365,"FALSE",0.195873491484778,NA,NA
"182","FOXA3",0.314594953921223,0.480251234005345,"FALSE",NA,NA,NA
"183","FOXB1",0.608506452149326,0.718833790202568,"FALSE",NA,NA,NA
"184","FOXC1",0.94140500528745,0.96752515157072,"FALSE",NA,NA,NA
"185","FOXC2",0.47424476244794,0.619261755923756,"FALSE",NA,NA,NA
"186","FOXD1",0.0106788011816864,0.0329219626674429,"TRUE",NA,NA,NA
"187","FOXD2",0.751493328101095,0.82342811619818,"FALSE",NA,NA,NA
"188","FOXE1",0.0173236702464543,0.0493178360169329,"TRUE",NA,NA,NA
"189","FOXF2",0.0625721426823951,0.135817203698672,"FALSE",NA,NA,NA
"190","FOXG1",0.000183735249628926,0.00101860243653931,"TRUE",NA,NA,NA
"191","FOXH1",0.00918818598218484,0.0288902166206011,"TRUE",NA,NA,NA
"192","FOXI1",0.0369885592353776,0.0878825918675136,"FALSE",NA,NA,NA
"193","FOXK1",0.585306934716555,0.695327035227186,"FALSE",NA,NA,NA
"194","FOXK2",0.343823030512885,0.504167413652304,"FALSE",0.14198004463133,NA,NA
"195","FOXL1",0.496831992181631,0.640030014202176,"FALSE",NA,NA,NA
"196","FOXN3",0.00298503775019264,0.0109682782448939,"TRUE",NA,NA,NA
"197","FOXO3",7.78808370613105e-05,0.000529254720674713,"TRUE",0.0168847852723684,NA,NA
"198","FOXO4",0.0369885592353776,0.0878825918675136,"FALSE",-0.0111118522529895,NA,NA
"199","FOXO6",0.0369885592353776,0.0878825918675136,"FALSE",NA,NA,NA
"200","FOXP1",0.293844260912088,0.461964111682686,"FALSE",-0.0163790467055552,NA,NA
"201","FOXP2",0.961193073091992,0.975702264369618,"FALSE",0.605628241478916,NA,NA
"202","FOXP3",0.0369885592353776,0.0878825918675136,"FALSE",NA,NA,NA
"203","GABPA",7.92988494560734e-06,7.85817112582222e-05,"TRUE",0.00101390843642133,NA,NA
"204","GATA",NA,NA,NA,NA,1,0.970992323404976
"205","GATA1",0.0742348001697138,0.156911015743342,"FALSE",0.118870504013462,NA,NA
"206","GATA1::TAL1",0.925835904997026,0.959462008579188,"FALSE",NA,NA,NA
"207","GATA2",0.033916960493499,0.0837324962183256,"FALSE",-0.392614853587646,NA,NA
"208","GATA3",0.0136245517089322,0.0410034127621197,"TRUE",-0.204496927841357,NA,NA
"209","GATA4",0.12366241790354,0.231226769571117,"FALSE",-0.144228594734471,NA,NA
"210","GATA5",0.193607610748624,0.325425558492368,"FALSE",NA,NA,NA
"211","GATA6",0.0279474842873462,0.0726864611917811,"FALSE",-0.307523437456103,NA,NA
"212","GBX1",0.673353691330945,0.769089637693232,"FALSE",NA,NA,NA
"213","GBX2",0.0313175962369609,0.0785425429434892,"FALSE",NA,NA,NA
"214","GC_TRACT",NA,NA,NA,NA,0.00186329996378806,Inf
"215","GCM",NA,NA,NA,NA,1.25382335113687e-70,3.22827386907433
"216","GCM1",0.00319036429273676,0.0116549724451424,"TRUE",NA,NA,NA
"217","GCM2",0.0358931827145834,0.0865820285328882,"FALSE",NA,NA,NA
"218","GFI",NA,NA,NA,NA,1,1.03365176944739
"219","GFI1",0.545624006484914,0.6735975648631,"FALSE",NA,NA,NA
"220","GLI",NA,NA,NA,NA,3.26684482243411e-09,7.91352726313907
"221","GLI2",0.00114317043845992,0.00481940022633873,"TRUE",-0.419896442326905,NA,NA
"222","GLI3",0.00353868361770439,0.0127070911726658,"TRUE",NA,NA,NA
"223","GLIS",NA,NA,NA,NA,5.63017482086826e-129,4.89737556637025
"224","GLIS1",0.0356605585767809,0.0865820285328882,"FALSE",NA,NA,NA
"225","GLIS2",0.17102185796133,0.296939050086706,"FALSE",NA,NA,NA
"226","GLIS3",0.00754709728679447,0.0244603358218159,"TRUE",NA,NA,NA
"227","GMEB2",0.305595266074875,0.471283344067622,"FALSE",NA,NA,NA
"228","GMEB2_1",NA,NA,NA,NA,1.16469119399564e-16,2.95050441163192
"229","GMEB2_2",NA,NA,NA,NA,1.9657261243298e-130,7.53865708700022
"230","GMEB2_3",NA,NA,NA,NA,0.000156710115819283,5.80408033175108
"231","GRHL",NA,NA,NA,NA,9.04660776229118e-06,1.33692951021295
"232","GRHL1",0.0457226105738718,0.105286453469084,"FALSE",NA,NA,NA
"233","GRHL2",0.280561927734448,0.443287845820428,"FALSE",-0.053065961414452,NA,NA
"234","GSC",0.737194439310257,0.815949011635871,"FALSE",NA,NA,NA
"235","GSC2",0.973461110894481,0.984438210653599,"FALSE",NA,NA,NA
"236","GSX1",0.453609481220707,0.611260537593788,"FALSE",NA,NA,NA
"237","GSX2",0.501344080915518,0.641395666272484,"FALSE",NA,NA,NA
"238","HAND1",NA,NA,NA,NA,8.84795369550488e-05,2.41751539386326
"239","HAND2",3.73085532746164e-06,4.17557285737487e-05,"TRUE",NA,NA,NA
"240","HD_1",NA,NA,NA,NA,1,0.657175794136283
"241","HD_10",NA,NA,NA,NA,1,0.534332016664285
"242","HD_11",NA,NA,NA,NA,1,0.382421897533537
"243","HD_12",NA,NA,NA,NA,4.69058585781909e-06,2.84247786794011
"244","HD_13",NA,NA,NA,NA,1,0.598654219774957
"245","HD_14",NA,NA,NA,NA,1,0.52809734042587
"246","HD_15",NA,NA,NA,NA,1,0.814137296186385
"247","HD_16",NA,NA,NA,NA,1,0.64687870095074
"248","HD_17",NA,NA,NA,NA,1,0.582839141300053
"249","HD_18",NA,NA,NA,NA,1,0.278324899110348
"250","HD_19",NA,NA,NA,NA,1,0.591146535918644
"251","HD_2",NA,NA,NA,NA,1,0.402700179828645
"252","HD_20",NA,NA,NA,NA,1,0.925879872848238
"253","HD_21",NA,NA,NA,NA,0.0638125302003384,1.59966616413783
"254","HD_22",NA,NA,NA,NA,1.80358361737439e-05,7.03171184867947
"255","HD_23",NA,NA,NA,NA,1,0.61200794189436
"256","HD_24",NA,NA,NA,NA,1,1.0030036270851
"257","HD_25",NA,NA,NA,NA,1,0.743731750656451
"258","HD_3",NA,NA,NA,NA,1,0.956914537336156
"259","HD_4",NA,NA,NA,NA,1,0.600212792229172
"260","HD_5",NA,NA,NA,NA,1,0.385688649591872
"261","HD_6",NA,NA,NA,NA,1,0.607301009351476
"262","HD_7",NA,NA,NA,NA,1,0.542254156383319
"263","HD_8",NA,NA,NA,NA,1,0.387079699726929
"264","HD_9",NA,NA,NA,NA,1,0.403489684661367
"265","HEN1",NA,NA,NA,NA,3.01384623415069e-18,6.87617718038875
"266","HES1",0.730039790512753,0.809447627375544,"FALSE",NA,NA,NA
"267","HES2",0.555923171498178,0.675660469974709,"FALSE",NA,NA,NA
"268","HES5",0.462089852777953,0.615110563029668,"FALSE",NA,NA,NA
"269","HES6",0.720918820174829,0.802469720997723,"FALSE",NA,NA,NA
"270","HES7",0.326445531920643,0.491222800413919,"FALSE",NA,NA,NA
"271","HESX1",0.00413415185777891,0.014596558514616,"TRUE",NA,NA,NA
"272","HEY1",0.836544619623471,0.888565041347956,"FALSE",NA,NA,NA
"273","HEY2",0.907442991385631,0.947940447199536,"FALSE",NA,NA,NA
"274","HIC_1",NA,NA,NA,NA,9.44948662581213e-08,3.99111143000531
"275","HIC_2",NA,NA,NA,NA,9.9335879175043e-37,2.27663218160278
"276","HIC2",2.94538073331942e-05,0.000232685077932234,"TRUE",NA,NA,NA
"277","HIF",NA,NA,NA,NA,1.49724178682058e-53,4.46754186192025
"278","HIF1A",0.305737612448932,0.471283344067622,"FALSE",0.362135344295434,NA,NA
"279","HINFP",0.224381971111374,0.365488159129867,"FALSE",-0.416659509773862,NA,NA
"280","HINFP1_1",NA,NA,NA,NA,1.2914785653294e-181,6.68822572769223
"281","HINFP1_2",NA,NA,NA,NA,4.99395786566602e-224,30.9067863404433
"282","HINFP1_3",NA,NA,NA,NA,1.28162579954591e-289,30.4447566786783
"283","HLF",0.000164561484062808,0.000945480526615403,"TRUE",NA,NA,NA
"284","HLTF",NA,NA,NA,NA,0.0629471314145341,1.67488300313998
"285","HMBOX1",0.202905995811947,0.338355117026783,"FALSE",0.00772317122428715,NA,NA
"286","HNF1A",0.342492618797685,0.503384500186365,"FALSE",0.118304702372969,NA,NA
"287","HNF1B",0.349167440844208,0.510773321715018,"FALSE",0.00547664608457631,NA,NA
"288","HNF4A",3.52144824394643e-05,0.00027124709395646,"TRUE",-0.0319643086840338,NA,NA
"289","HNF4A(var.2)",0.0185758780731984,0.0519467032843424,"FALSE",NA,NA,NA
"290","HNF4G",2.23784015432804e-05,0.000179027212346243,"TRUE",0.397459684113875,NA,NA
"291","HOMEZ",NA,NA,NA,NA,1,0.844755097786415
"292","HOXA1",0.000149990963653642,0.000885927934851418,"TRUE",NA,NA,NA
"293","HOXA10",0.718661424868204,0.802462933775096,"FALSE",NA,NA,NA
"294","HOXA13",0.764323320184076,0.834287285589527,"FALSE",NA,NA,NA
"295","HOXA2",1.40335062341955e-05,0.000119853728919075,"TRUE",NA,NA,NA
"296","HOXA4",0.63972597405333,0.744579770905533,"FALSE",NA,NA,NA
"297","HOXA5",0.000102068107167709,0.000658235140101963,"TRUE",NA,NA,NA
"298","HOXA6",0.914754500897395,0.950863231195976,"FALSE",NA,NA,NA
"299","HOXA7",2.80320594825658e-06,3.2784340190629e-05,"TRUE",NA,NA,NA
"300","HOXA9",0.22012800892352,0.360426983427568,"FALSE",-0.193348241108394,NA,NA
"301","HOXB13",0.00867588881355707,0.0274158086508403,"TRUE",-0.274863912470608,NA,NA
"302","HOXB2",1.84228878237411e-06,2.19684247256686e-05,"TRUE",NA,NA,NA
"303","HOXB3",0.162015950861393,0.282856577194476,"FALSE",NA,NA,NA
"304","HOXB4",0.140342801324208,0.252697009791736,"FALSE",NA,NA,NA
"305","HOXB5",1.21674226181928e-05,0.000108307198516872,"TRUE",NA,NA,NA
"306","HOXB6",0.590232347596929,0.699862746118685,"FALSE",NA,NA,NA
"307","HOXB7",0.297592479459581,0.464401021356451,"FALSE",NA,NA,NA
"308","HOXB8",0.0528199690328061,0.118797153910342,"FALSE",NA,NA,NA
"309","HOXB9",0.151922363973022,0.267262017296287,"FALSE",NA,NA,NA
"310","HOXC10",0.441621954042903,0.601519558092919,"FALSE",NA,NA,NA
"311","HOXC11",0.862604984648167,0.908610583829403,"FALSE",NA,NA,NA
"312","HOXC12",0.939593232020238,0.96752515157072,"FALSE",NA,NA,NA
"313","HOXC13",0.513240334805857,0.648735783194603,"FALSE",NA,NA,NA
"314","HOXC4",0.184497475597188,0.315995676361579,"FALSE",NA,NA,NA
"315","HOXC8",0.00619202374447939,0.0207056032090528,"TRUE",NA,NA,NA
"316","HOXC9",0.183286131587487,0.314774008595902,"FALSE",NA,NA,NA
"317","HOXD10",0.15204875017985,0.267262017296287,"FALSE",NA,NA,NA
"318","HOXD11",0.182680094681667,0.314774008595902,"FALSE",NA,NA,NA
"319","HOXD12",0.30467496569218,0.471283344067622,"FALSE",NA,NA,NA
"320","HOXD13",0.517181667695964,0.652412802362973,"FALSE",NA,NA,NA
"321","HOXD3",0.887401487845766,0.930079171340836,"FALSE",NA,NA,NA
"322","HOXD4",0.551332793615744,0.673969681944197,"FALSE",NA,NA,NA
"323","HOXD8",0.000283415619594124,0.00153092881695288,"TRUE",NA,NA,NA
"324","HOXD9",0.978498997003082,0.984731474691,"FALSE",NA,NA,NA
"325","HSF",NA,NA,NA,NA,1,0.997626650063292
"326","HSF1",0.0450983698279206,0.104403552129105,"FALSE",0.418235928151224,NA,NA
"327","HSF2",0.0726478518590701,0.154590715067112,"FALSE",NA,NA,NA
"328","HSF4",0.394916106320503,0.555873004887656,"FALSE",NA,NA,NA
"329","HSFY2",NA,NA,NA,NA,0.416155168947626,1.50648401906435
"330","IKZF1",8.96111652983116e-07,1.28714219246666e-05,"TRUE",-0.478314827385996,NA,NA
"331","INSM1",0.724816091286926,0.805068136543651,"FALSE",NA,7.76380277122951e-97,4.18599692687337
"332","IRF_1",NA,NA,NA,NA,1,0.729878024863473
"333","IRF_2",NA,NA,NA,NA,0.00739125175600441,1.59804365578786
"334","IRF_3",NA,NA,NA,NA,1.36401518833803e-06,1.47849344601934
"335","IRF_4",NA,NA,NA,NA,0.536668068413776,1.25984283482773
"336","IRF1",0.00772589030926975,0.0249120544666249,"TRUE",-0.574522850254124,NA,NA
"337","IRF2",0.767921384895202,0.83429961324838,"FALSE",0.0301170502505694,NA,NA
"338","IRF3",0.0751433187952356,0.157776004912256,"FALSE",-0.288188325939857,NA,NA
"339","IRF4",0.927434075530113,0.959462008579188,"FALSE",-0.166587372095573,NA,NA
"340","IRF5",0.562044102740029,0.678428911994695,"FALSE",NA,NA,NA
"341","IRF6",0.977217356886907,0.984731474691,"FALSE",NA,NA,NA
"342","IRF7",0.914565198225234,0.950863231195976,"FALSE",NA,NA,NA
"343","IRF8",0.951033001644988,0.972577438575457,"FALSE",NA,NA,NA
"344","IRF9",0.976400941025328,0.984731474691,"FALSE",-0.154627983365236,NA,NA
"345","ISL2",0.151745376223088,0.267262017296287,"FALSE",NA,NA,NA
"346","ISX",0.0871265417038402,0.177054579925489,"FALSE",NA,NA,NA
"347","JDP2",0.528791235966145,0.658506308123191,"FALSE",NA,NA,NA
"348","JDP2(var.2)",0.45733457918329,0.613663384381825,"FALSE",NA,NA,NA
"349","JUN",0.776197572719413,0.841435447613498,"FALSE",-0.61930794223985,NA,NA
"350","JUN::JUNB",0.554584129323769,0.675331733588867,"FALSE",NA,NA,NA
"351","JUN::JUNB(var.2)",0.0230959851815562,0.0621134580201852,"FALSE",NA,NA,NA
"352","JUN(var.2)",0.406962472416431,0.570139820648566,"FALSE",NA,NA,NA
"353","JUNB",0.488679188731356,0.634179152522007,"FALSE",-0.27216143967558,NA,NA
"354","JUNB(var.2)",0.0162134098874199,0.047220622344928,"TRUE",NA,NA,NA
"355","JUND",0.549177394265678,0.6735975648631,"FALSE",0.0602982157988592,NA,NA
"356","JUND(var.2)",0.961807770098531,0.975702264369618,"FALSE",NA,NA,NA
"357","KAISO",NA,NA,NA,NA,1.74605205718742e-237,11.1216246396882
"358","KLF_SP_1",NA,NA,NA,NA,1.13466097134539e-35,9.56871726088715
"359","KLF_SP_2",NA,NA,NA,NA,0.00868628992484353,Inf
"360","KLF_SP_3",NA,NA,NA,NA,1.83459094315749e-86,3.5987088523125
"361","KLF10",0.111006894348529,0.214545434948839,"FALSE",NA,NA,NA
"362","KLF11",0.0795121515565959,0.16422117576395,"FALSE",NA,NA,NA
"363","KLF13",0.193318440629277,0.325425558492368,"FALSE",0.113180708244391,NA,NA
"364","KLF14",0.0193531453366918,0.0538818848140494,"FALSE",NA,NA,NA
"365","KLF15",0.0179215165398325,0.0507910244536957,"FALSE",NA,NA,NA
"366","KLF16",0.386105179865382,0.545902625670966,"FALSE",NA,NA,NA
"367","KLF17",0.509644587564871,0.645978333243532,"FALSE",NA,NA,NA
"368","KLF2",0.0123926162270758,0.0376544877668841,"TRUE",NA,NA,NA
"369","KLF3",0.0221824628070132,0.0609535499740536,"FALSE",0.140990289361748,NA,NA
"370","KLF4",0.247578023952554,0.398140740809197,"FALSE",0.020627110035615,NA,NA
"371","KLF5",0.256211756263363,0.408903611006175,"FALSE",-0.17583623399269,NA,NA
"372","KLF6",0.0883759377419981,0.178876456804207,"FALSE",0.274866969843271,NA,NA
"373","KLF9",0.000136152713739657,0.000811778444183615,"TRUE",0.0516089624608514,NA,NA
"374","LBX1",0.045812934658225,0.105286453469084,"FALSE",NA,NA,NA
"375","LBX2",0.549962568780632,0.6735975648631,"FALSE",NA,NA,NA
"376","LEF1",0.00706783749683224,0.0232649650937395,"TRUE",-0.0548641204181711,0.250248925741869,1.15163279773062
"377","LHX1",1.52965689340023e-07,2.61281934224038e-06,"TRUE",NA,NA,NA
"378","LHX2",0.204489141539705,0.34009773013972,"FALSE",-0.417537980742849,NA,NA
"379","LHX5",0.92808368205674,0.959462008579188,"FALSE",NA,NA,NA
"380","LHX6",0.361928282911509,0.521963885577323,"FALSE",NA,NA,NA
"381","LHX9",0.449340162262788,0.607871445106864,"FALSE",NA,NA,NA
"382","LIN54",NA,NA,NA,NA,1,0.576986579317801
"383","LMX1A",0.032770043108135,0.0816439907819077,"FALSE",NA,NA,NA
"384","LMX1B",0.0577279459809165,0.12712216675937,"FALSE",NA,NA,NA
"385","MAF",0.664010544338161,0.763008480039487,"FALSE",-0.277085120330486,0.0766534119317355,1.7100757515834
"386","MAF::NFE2",0.185249044543769,0.316425395004492,"FALSE",NA,NA,NA
"387","MAFA",0.25003040437402,0.40069546934067,"FALSE",NA,NA,NA
"388","MAFF",0.000450108968531831,0.00229037579737699,"TRUE",-0.112688763621057,NA,NA
"389","MAFG",0.00279121549130046,0.0103160712894848,"TRUE",-0.0450837511046213,NA,NA
"390","MAFK",0.0715877324027963,0.152849482697862,"FALSE",-0.0635948026122152,NA,NA
"391","MAX",0.819260702712212,0.876096047570419,"FALSE",-0.25759343452896,NA,NA
"392","MAX::MYC",0.819057341248917,0.876096047570419,"FALSE",NA,NA,NA
"393","MAZ",0.743472934468709,0.820025994038786,"FALSE",0.0126077451424399,NA,NA
"394","MBD2",NA,NA,NA,NA,1.66104356905422e-256,10.338812486633
"395","MECP2",NA,NA,NA,NA,5.54950922958816e-229,8.75447203228165
"396","MEF2",NA,NA,NA,NA,1,0.794277148960131
"397","MEF2A",7.42413951696702e-05,0.000515610568650896,"TRUE",0.144673513522696,NA,NA
"398","MEF2B",0.000131758572486668,0.000793061122014992,"TRUE",-0.367953956387668,NA,NA
"399","MEF2C",1.60277605930153e-05,0.000132754766167121,"TRUE",-0.0241879870898695,NA,NA
"400","MEF2D",6.16350963585696e-05,0.00043946731649168,"TRUE",NA,NA,NA
"401","MEIS1",0.494271930557934,0.638813619862197,"FALSE",0.0622826106815394,NA,NA
"402","MEIS1(var.2)",0.000480761434480951,0.00235535834567411,"TRUE",NA,NA,NA
"403","MEIS2",0.0768904306703641,0.160378720078119,"FALSE",0.155329066560413,NA,NA
"404","MEIS2(var.2)",0.000702975789970581,0.00326676984751035,"TRUE",NA,NA,NA
"405","MEIS3",0.000526773770687558,0.00252212896268588,"TRUE",NA,NA,NA
"406","MEOX1",0.995534327958598,0.996067111508946,"FALSE",NA,NA,NA
"407","MEOX2",0.478379525831528,0.623372907887682,"FALSE",NA,NA,NA
"408","MFZ1",NA,NA,NA,NA,6.48107654120991e-28,2.72257083906744
"409","MGA",9.61898586040236e-06,9.0734314384691e-05,"TRUE",NA,NA,NA
"410","MIES",NA,NA,NA,NA,0.000221707695371985,1.29875570022842
"411","MITF",0.102154649706048,0.200048256370085,"FALSE",0.099525571485879,NA,NA
"412","MIXL1",0.165397543139957,0.287964868497115,"FALSE",NA,NA,NA
"413","MLX",0.323721067762983,0.488285715575669,"FALSE",NA,NA,NA
"414","MLXIPL",0.421666928298929,0.581717110847531,"FALSE",NA,NA,NA
"415","MNT",0.996067111508946,0.996067111508946,"FALSE",0.128569512941583,NA,NA
"416","MNX1",0.0376804311633878,0.0891619960438218,"FALSE",NA,NA,NA
"417","MSANTD3",0.499404306398077,0.641231747071466,"FALSE",NA,NA,NA
"418","MSC",1.12127778803282e-05,0.000102526550161212,"TRUE",NA,NA,NA
"419","MSGN1",0.440020270694006,0.600632421336095,"FALSE",NA,NA,NA
"420","MSX1",0.854692670161719,0.901779244644752,"FALSE",NA,NA,NA
"421","MSX2",0.268405288192602,0.426211412406342,"FALSE",NA,NA,NA
"422","MTF1",0.137380390328213,0.249495421515604,"FALSE",NA,5.60650080459687e-09,3.40029189713998
"423","MXI1",0.151633845109594,0.267262017296287,"FALSE",0.0123258243845968,NA,NA
"424","MYB",0.0245740877470288,0.0652555607400092,"FALSE",-0.14144443154843,NA,NA
"425","MYB_1",NA,NA,NA,NA,0.102530448195295,2.05497051994128
"426","MYB_2",NA,NA,NA,NA,0.272914425825116,1.56449855972392
"427","MYB_3",NA,NA,NA,NA,0.175387464274504,1.76946562589069
"428","MYB_4",NA,NA,NA,NA,0.0265712707929644,2.51384197722636
"429","MYB_5",NA,NA,NA,NA,1.32003770828303e-05,2.53387841559938
"430","MYBL1",0.139615409757222,0.252207282345079,"FALSE",NA,NA,NA
"431","MYBL2",0.319217325170969,0.48380179738142,"FALSE",-0.13675346174765,NA,NA
"432","MYC",0.717210283604371,0.802462933775096,"FALSE",0.0255921157468522,NA,NA
"433","MYCN",0.85030433794878,0.90015467601948,"FALSE",-0.0656684185306355,NA,NA
"434","MYF5",1.01003887393004e-09,2.77541116662516e-08,"TRUE",NA,NA,NA
"435","MYF6",7.67594502455215e-05,0.000527304049512713,"TRUE",NA,NA,NA
"436","MYOD1",0.000910245688105522,0.00410910910630493,"TRUE",0.608888240385317,NA,NA
"437","MYOG",5.51698594935158e-11,1.95332579006646e-09,"TRUE",NA,NA,NA
"438","MZF1",0.878039139022198,0.923329011417686,"FALSE",NA,3.823859204523e-09,4.82472267117525
"439","MZF1(var.2)",0.294680091213266,0.462128579768695,"FALSE",NA,NA,NA
"440","NEUROD1",2.89020317838485e-07,4.56652102184806e-06,"TRUE",0.0681082306999673,NA,NA
"441","NEUROD2",0.0529345968135342,0.118797153910342,"FALSE",NA,NA,NA
"442","NEUROG1",0.71792343801064,0.802462933775096,"FALSE",NA,NA,NA
"443","NEUROG2",0.00383248557619279,0.0136074768772688,"TRUE",NA,NA,NA
"444","NEUROG2(var.2)",1.49420607226781e-05,0.000125911765023101,"TRUE",NA,NA,NA
"445","NFAC_2",NA,NA,NA,NA,1,0.774575464265442
"446","NFAT_1",NA,NA,NA,NA,1,0.76054031724677
"447","NFAT_2",NA,NA,NA,NA,1,0.666464511729128
"448","NFAT_3",NA,NA,NA,NA,0.467085114622471,1.32185554058163
"449","NFAT_4",NA,NA,NA,NA,1,0.839812343219701
"450","NFATC2",0.0169266354984869,0.0484055820590214,"TRUE",-0.0325034769549453,NA,NA
"451","NFATC3",0.0909055582052425,0.181811116410485,"FALSE",NA,NA,NA
"452","NFATC4",0.150666664190008,0.267262017296287,"FALSE",NA,NA,NA
"453","NFE2",0.307913971762804,0.472334053772068,"FALSE",0.221768358304265,NA,NA
"454","NFE2L1",0.462306198479577,0.615110563029668,"FALSE",-0.274373042728274,NA,NA
"455","NFI_1",NA,NA,NA,NA,1.77763110876373e-29,2.55157430608902
"456","NFI_2",NA,NA,NA,NA,0.000352793029312339,2.14014640697404
"457","NFI_3",NA,NA,NA,NA,1.05453495030841e-12,6.59657070216566
"458","NFIA",0.413081928269703,0.575039160058265,"FALSE",NA,NA,NA
"459","NFIB",0.000960736539401194,0.00424605239791297,"TRUE",NA,NA,NA
"460","NFIC",0.010088351929049,0.0312541098978381,"TRUE",-0.258207533182937,NA,NA
"461","NFIC::TLX1",0.000101818553466163,0.000658235140101963,"TRUE",NA,NA,NA
"462","NFIC(var.2)",9.26140338932293e-05,0.000616127046531799,"TRUE",NA,NA,NA
"463","NFIL3",0.00994229200163092,0.0309533425863583,"TRUE",NA,NA,NA
"464","NFIX",0.385663978962953,0.545902625670966,"FALSE",NA,NA,NA
"465","NFIX(var.2)",0.00263571821628405,0.00997469408797319,"TRUE",NA,NA,NA
"466","NFKB_1",NA,NA,NA,NA,2.87789087589339e-27,3.2121941097669
"467","NFKB_2",NA,NA,NA,NA,2.55641217271056e-19,2.29850223918454
"468","NFKB_3",NA,NA,NA,NA,1.03676821119322e-11,1.87475229326453
"469","NFKB1",0.0962575126461951,0.190704539161114,"FALSE",0.535278728428558,NA,NA
"470","NFKB2",0.00812034770431821,0.0259194936824703,"TRUE",-0.37142906470653,NA,NA
"471","NFY",NA,NA,NA,NA,0.679094457983316,1.13105725937363
"472","NFYA",0.0900283554918096,0.180628319589916,"FALSE",0.401013701089294,NA,NA
"473","NFYB",0.336158986334676,0.499540644732787,"FALSE",0.184927546762147,NA,NA
"474","NFYC",0.110555270507744,0.214328009082497,"FALSE",NA,NA,NA
"475","NHLH1",6.45035268294598e-16,2.03831144781093e-13,"TRUE",NA,NA,NA
"476","NHLH2",9.74100946102734e-16,2.05210599312309e-13,"TRUE",NA,NA,NA
"477","NKX2-2",0.0937685992290902,0.186945598463044,"FALSE",NA,NA,NA
"478","NKX2-3",0.470906791127999,0.618738236991467,"FALSE",NA,NA,NA
"479","NKX2-5",0.0289503163648794,0.0746799997657296,"FALSE",NA,NA,NA
"480","NKX2-8",0.558102720924152,0.677007523270756,"FALSE",NA,NA,NA
"481","NKX6-1",0.852794644989247,0.901281297045492,"FALSE",NA,NA,NA
"482","NKX6-2",0.0250697409665034,0.066293206237783,"FALSE",NA,NA,NA
"483","NKX6-3",0.582834307975059,0.695327035227186,"FALSE",NA,NA,NA
"484","NOTO",0.678170972745325,0.770870602113391,"FALSE",NA,NA,NA
"485","NR_1",NA,NA,NA,NA,6.17883834425119e-05,4.73717335286099
"486","NR_10",NA,NA,NA,NA,0.0129452047429693,1.91390873007238
"487","NR_11",NA,NA,NA,NA,4.13681428253812e-05,4.4068420215813
"488","NR_12",NA,NA,NA,NA,0.000526695302423005,7.03744372793279
"489","NR_13",NA,NA,NA,NA,0.0109994694283495,1.18827374075566
"490","NR_14",NA,NA,NA,NA,1,0.646296240576444
"491","NR_15",NA,NA,NA,NA,1.00685715499061e-45,2.86660764949671
"492","NR_16",NA,NA,NA,NA,1.32009894230134e-05,16.3704357424629
"493","NR_17",NA,NA,NA,NA,4.20814207206515e-10,8.59200819342901
"494","NR_18",NA,NA,NA,NA,5.65293354996129e-16,6.42252139041257
"495","NR_19",NA,NA,NA,NA,2.46727835925727e-20,4.19217664460071
"496","NR_2",NA,NA,NA,NA,1,0.961095704421689
"497","NR_20",NA,NA,NA,NA,1.68929289713987e-07,1.62010296477253
"498","NR_3",NA,NA,NA,NA,0.00197671929978669,Inf
"499","NR_4",NA,NA,NA,NA,4.3445289714305e-06,2.72909252464898
"500","NR_5",NA,NA,NA,NA,0.0333114686183348,1.7200888198222
"501","NR_6",NA,NA,NA,NA,1,0.850475909309694
"502","NR_7",NA,NA,NA,NA,0.0137984403442402,1.91319760874357
"503","NR_8",NA,NA,NA,NA,2.12305926693055e-06,1.65083360336281
"504","NR_9",NA,NA,NA,NA,0.106737823517671,1.67380622210494
"505","NR1D1",0.0649668750691421,0.14013332779419,"FALSE",NA,NA,NA
"506","NR1D2",0.787830704648106,0.849674070541985,"FALSE",NA,NA,NA
"507","NR1H2::RXRA",0.054290700772683,0.120392010134511,"FALSE",NA,NA,NA
"508","NR1H4",0.139671754463256,0.252207282345079,"FALSE",NA,NA,NA
"509","NR1H4::RXRA",0.530253419104942,0.658506308123191,"FALSE",NA,NA,NA
"510","NR1I2",0.00443657953766492,0.0155773237100235,"TRUE",NA,NA,NA
"511","NR1I3",0.0671840813345172,0.144422923140867,"FALSE",NA,NA,NA
"512","NR2C1",0.0116581406245464,0.0357667226927833,"TRUE",NA,NA,NA
"513","NR2C2",0.274910554510229,0.435447294362067,"FALSE",-0.286843055408915,NA,NA
"514","NR2C2(var.2)",0.0378092008540257,0.0891619960438218,"FALSE",NA,NA,NA
"515","NR2E3",NA,NA,NA,NA,1,0.738340764870896
"516","NR2F1",0.101836449386724,0.200048256370085,"FALSE",0.325570184564923,NA,NA
"517","NR2F1(var.2)",0.389721059894931,0.549785066637493,"FALSE",NA,NA,NA
"518","NR2F1(var.3)",0.650822086945684,0.75333252554885,"FALSE",NA,NA,NA
"519","NR2F2",0.0026285959982938,0.00997469408797319,"TRUE",-0.395127534901553,NA,NA
"520","NR2F6(var.3)",0.151687831044669,0.267262017296287,"FALSE",NA,NA,NA
"521","NR3C1",0.784299054866181,0.84731111568449,"FALSE",-0.0352734226369048,NA,NA
"522","NR3C2",0.137086915406766,0.249495421515604,"FALSE",NA,NA,NA
"523","NR4A1",0.00483391630640762,0.0166941809051892,"TRUE",0.12637225526752,NA,NA
"524","NR4A2",0.219436784044284,0.360426983427568,"FALSE",NA,NA,NA
"525","NR4A2::RXRA",0.302556789820656,0.470975101395701,"FALSE",NA,NA,NA
"526","NR5A1",0.0159263031093352,0.0465991831717586,"TRUE",0.173239174352001,NA,NA
"527","NR6A1",0.00742354742298722,0.0241839276872573,"TRUE",NA,NA,NA
"528","NRF1",0.912357313291946,0.950863231195976,"FALSE",0.168647803873488,3.59899636618493e-206,7.42132072529892
"529","NRL",0.000723998383817503,0.00333990495308512,"TRUE",NA,NA,NA
"530","OCT4SOX2",NA,NA,NA,NA,1,0.494936150914514
"531","OLIG1",0.331842881177175,0.496977964227428,"FALSE",NA,NA,NA
"532","OLIG2",0.0789441022610669,0.163582533209817,"FALSE",NA,NA,NA
"533","OLIG3",0.122759048877541,0.230678190005945,"FALSE",NA,NA,NA
"534","ONECUT1",0.133875232316426,0.245243903837626,"FALSE",-0.37323513211443,NA,NA
"535","ONECUT2",0.000172419212273889,0.000981702181595477,"TRUE",NA,NA,NA
"536","ONECUT3",0.0684531219429821,0.146652112094796,"FALSE",NA,NA,NA
"537","OSR1",0.11594477129404,0.222726733914387,"FALSE",NA,NA,NA
"538","OSR2",1.13557887836786e-05,0.000102526550161212,"TRUE",NA,1.71063494253597e-75,3.82722516890839
"539","OTX1",0.201183402252618,0.33637013286681,"FALSE",NA,NA,NA
"540","OTX2",0.12597536740613,0.234165977060807,"FALSE",-0.343931736016027,NA,NA
"541","OVOL1",0.468589283335489,0.617765894436977,"FALSE",NA,0.775031471319596,1.1726508009833
"542","OVOL2",0.331011561735659,0.496910467973721,"FALSE",NA,NA,NA
"543","P53_LIKE_1",NA,NA,NA,NA,3.12134559201606e-06,3.04177421269661
"544","P53_LIKE_2",NA,NA,NA,NA,0.614891098002043,1.19628158167381
"545","P53_LIKE_3",NA,NA,NA,NA,0.492670153656517,1.22996356679996
"546","PAX_1",NA,NA,NA,NA,0.000248775862658369,2.19230882515032
"547","PAX_2",NA,NA,NA,NA,5.22408499299473e-54,6.76250832165782
"548","PAX_HALFSITE",NA,NA,NA,NA,1.80715326290955e-05,4.26318374758998
"549","PAX1",2.68116910359975e-12,1.54045352134095e-10,"TRUE",NA,NA,NA
"550","PAX3",0.000122875875046643,0.000753956825528914,"TRUE",NA,NA,NA
"551","PAX3(var.2)",0.497238507869096,0.640030014202176,"FALSE",NA,NA,NA
"552","PAX4",7.20069737657795e-10,2.1670670199987e-08,"TRUE",NA,NA,NA
"553","PAX5",5.03142584189326e-10,1.58993056603827e-08,"TRUE",-0.181763068960797,NA,NA
"554","PAX6",5.46586370697338e-12,2.65725066369783e-10,"TRUE",0.0407684634350674,NA,NA
"555","PAX7",0.00030855223115426,0.00165258483126689,"TRUE",NA,NA,NA
"556","PAX9",1.62245308934398e-14,1.46484336066485e-12,"TRUE",NA,NA,NA
"557","PBX1",0.461702042742926,0.615110563029668,"FALSE",NA,NA,NA
"558","PBX2",0.00178606712048604,0.00718977337673363,"TRUE",0.0454950345094548,NA,NA
"559","PBX3",1.78991564752953e-07,2.90058125445811e-06,"TRUE",0.270898288860179,NA,NA
"560","PDX1",0.134633325047766,0.245919830723088,"FALSE",0.0272612094004468,NA,NA
"561","PHOX2A",0.152237857953581,0.267262017296287,"FALSE",NA,NA,NA
"562","PHOX2B",0.00338802240683438,0.0122517687364626,"TRUE",NA,NA,NA
"563","PITX1",0.0571384826805821,0.126264059629818,"FALSE",NA,NA,NA
"564","PITX2",0.00727711289368607,0.0238297168332104,"TRUE",NA,NA,NA
"565","PITX3",0.189371871698645,0.321728556219203,"FALSE",NA,NA,NA
"566","PKNOX1",0.0011438449904285,0.00481940022633873,"TRUE",-0.256605927788221,NA,NA
"567","PKNOX2",9.14820976859524e-05,0.000615071124867255,"TRUE",NA,NA,NA
"568","PLAG1",0.231326560039051,0.37390891545954,"FALSE",NA,1.47515109482865e-14,6.59612871746639
"569","PLAGL2",0.310414063028168,0.475016193302185,"FALSE",NA,NA,NA
"570","POU_1",NA,NA,NA,NA,1,0.464487064304903
"571","POU_2",NA,NA,NA,NA,1,0.399346609272804
"572","POU_3",NA,NA,NA,NA,1,0.408037185414371
"573","POU1F1",0.000744517100651601,0.00340967251892617,"TRUE",NA,NA,NA
"574","POU2F1",0.00115714067470108,0.00484313183053697,"TRUE",0.025660910035314,NA,NA
"575","POU2F2",0.00151098586222255,0.0061609229995139,"TRUE",0.0329945796826449,NA,NA
"576","POU2F3",0.000981313110461129,0.00430687420702384,"TRUE",NA,NA,NA
"577","POU3F1",0.000655832373289423,0.00307026711051048,"TRUE",NA,NA,NA
"578","POU3F2",0.00107133045701114,0.0046375400604866,"TRUE",NA,NA,NA
"579","POU3F3",0.000895561144236983,0.00407190390760988,"TRUE",NA,NA,NA
"580","POU3F4",0.000379471659360629,0.00196578761242555,"TRUE",NA,NA,NA
"581","POU4F1",0.3746020457365,0.53684465511444,"FALSE",NA,NA,NA
"582","POU4F2",0.0825556080704249,0.169399819157495,"FALSE",-0.283883359694766,NA,NA
"583","POU4F3",0.994923068798564,0.996067111508946,"FALSE",NA,NA,NA
"584","POU5F1",0.00183293634940204,0.00733174539760817,"TRUE",-0.259262572367661,NA,NA
"585","POU5F1B",0.000511907834998141,0.00248865962860635,"TRUE",NA,NA,NA
"586","POU6F1",0.721206964440992,0.802469720997723,"FALSE",NA,NA,NA
"587","POU6F1(var.2)",0.18884808012081,0.321703468022512,"FALSE",NA,NA,NA
"588","POU6F2",0.0183332668722019,0.0515832737280643,"FALSE",NA,NA,NA
"589","PPARA::RXRA",0.122980634184668,0.230678190005945,"FALSE",NA,NA,NA
"590","PPARD",0.143170406230868,0.257055956641785,"FALSE",NA,NA,NA
"591","PPARG",0.23479347181258,0.378544577003955,"FALSE",0.0958976275061377,NA,NA
"592","PRDM1",0.886228566894307,0.930079171340836,"FALSE",0.267968721336707,0.0432519028370901,1.60393804839244
"593","PRDM14",NA,NA,NA,NA,1.53186597556296e-17,1.74914851384282
"594","PRDM16",NA,NA,NA,NA,7.98400411767296e-14,5.78360199599483
"595","PRDM4",0.00863148738851488,0.0274125629625196,"TRUE",NA,0.00118487084451876,2.11656486699654
"596","PRDM5",NA,NA,NA,NA,6.23509308023156e-10,4.65631809672442
"597","PRDM9",NA,NA,NA,NA,1.05028924879646e-07,3.0481901398157
"598","PROP1",0.0168890625154967,0.0484055820590214,"TRUE",NA,NA,NA
"599","PROX1",0.648054946323503,0.751505919406338,"FALSE",-0.326950259353466,0.00791812568247518,2.31709367447575
"600","PRRX1",0.221866621126732,0.362324817964068,"FALSE",NA,NA,NA
"601","PRRX2",0.0128097419665602,0.0387356790567754,"TRUE",NA,NA,NA
"602","RARA",0.182971744427217,0.314774008595902,"FALSE",0.283994650435335,NA,NA
"603","RARA::RXRA",0.0996618185907586,0.196832091716748,"FALSE",NA,NA,NA
"604","RARA::RXRG",0.12138804497187,0.230678190005945,"FALSE",NA,NA,NA
"605","RARA(var.2)",0.15180837230438,0.267262017296287,"FALSE",NA,NA,NA
"606","RARB(var.3)",6.32070501842919e-05,0.00044385395240525,"TRUE",NA,NA,NA
"607","RARG(var.3)",0.00108918291169893,0.00465110540671435,"TRUE",NA,NA,NA
"608","RAX",0.0885891312970203,0.178876456804207,"FALSE",NA,NA,NA
"609","RAX2",0.349944380225637,0.510773321715018,"FALSE",NA,NA,NA
"610","RBPJ",0.973534622877373,0.984438210653599,"FALSE",0.28471869425312,4.06088275898333e-05,3.02886740955747
"611","REL",0.0477140078358462,0.109258162870488,"FALSE",0.120592996083106,NA,NA
"612","REL_HALFSITE",NA,NA,NA,NA,4.54186407804143e-08,3.80769493639365
"613","RELA",0.0229840030277086,0.0620764526218455,"FALSE",-0.0923808728790343,NA,NA
"614","RELB",0.0256801409033381,0.0676243710454571,"FALSE",-0.0388458868183016,NA,NA
"615","REST",0.336875119188616,0.499540644732787,"FALSE",0.224639295243185,NA,NA
"616","REST_NRSF",NA,NA,NA,NA,1.74419821988922e-53,4.50947925557402
"617","RFX_1",NA,NA,NA,NA,1.47921921072497e-09,4.99231041664809
"618","RFX_2",NA,NA,NA,NA,5.03553669042218e-06,2.74381468955819
"619","RFX_3",NA,NA,NA,NA,8.47111145555473e-93,4.70174991411922
"620","RFX1",0.378220662131052,0.539583427690349,"FALSE",-0.308140883780982,NA,NA
"621","RFX2",0.748370844009911,0.822557171155242,"FALSE",-0.306030959776277,NA,NA
"622","RFX3",0.943030843936018,0.96752515157072,"FALSE",NA,NA,NA
"623","RFX4",0.0358039860222124,0.0865820285328882,"FALSE",NA,NA,NA
"624","RFX5",0.960533658334407,0.975702264369618,"FALSE",-0.0525471238109995,NA,NA
"625","RFX7",0.56600261777621,0.680063981814762,"FALSE",NA,NA,NA
"626","RHOXF1",0.000631030070494256,0.00297620152651022,"TRUE",NA,NA,NA
"627","RORA",0.00188711949964709,0.00750100329419473,"TRUE",NA,NA,NA
"628","RORA(var.2)",0.0183642984000229,0.0515832737280643,"FALSE",NA,NA,NA
"629","RORB",0.00130085400593105,0.00533856968667807,"TRUE",NA,NA,NA
"630","RORC",0.000206855954477366,0.00113680837591039,"TRUE",NA,NA,NA
"631","RREB1",0.0355392286129103,0.0865820285328882,"FALSE",NA,NA,NA
"632","RUNX_1",NA,NA,NA,NA,1.45001166486444e-06,3.93682652989359
"633","RUNX_2",NA,NA,NA,NA,2.78332821127179e-145,5.39710016115321
"634","RUNX2",0.0265012286314092,0.0694969979047744,"FALSE",-0.0934572826627323,NA,NA
"635","RUNX3",0.466605840860414,0.617765894436977,"FALSE",-0.133582121564056,NA,NA
"636","RXRA::VDR",0.00358742030935056,0.0128093199746303,"TRUE",NA,NA,NA
"637","RXRB",0.297598755774308,0.464401021356451,"FALSE",NA,NA,NA
"638","RXRB(var.2)",0.60504071509848,0.716078149704568,"FALSE",NA,NA,NA
"639","RXRG",0.3334466265396,0.497024216917517,"FALSE",NA,NA,NA
"640","RXRG(var.2)",0.942841761969252,0.96752515157072,"FALSE",NA,NA,NA
"641","SCRT1",0.695365128998246,0.786673466935692,"FALSE",NA,0.221647211003167,1.36517667738044
"642","SCRT2",0.929099286788708,0.959462008579188,"FALSE",NA,NA,NA
"643","SHOX",0.0224842186847123,0.061250112968699,"FALSE",NA,NA,NA
"644","SIX_1",NA,NA,NA,NA,4.95069215117026e-07,1.39600329459606
"645","SIX_2",NA,NA,NA,NA,1,0.710857884753325
"646","SIX1",0.00339249925455847,0.0122517687364626,"TRUE",NA,NA,NA
"647","SIX2",0.945524563830116,0.968511384668774,"FALSE",-0.453775031322362,NA,NA
"648","SMAD",NA,NA,NA,NA,8.85685321301329e-53,4.34912053487188
"649","SMAD_1",NA,NA,NA,NA,1.58279801298574e-07,4.03078503685295
"650","SMAD_2",NA,NA,NA,NA,0.0918639600786924,1.15187669554979
"651","SMAD2::SMAD3::SMAD4",0.000319090225410026,0.00168581219072179,"TRUE",NA,NA,NA
"652","SMAD3",0.0150759252204076,0.0445232931742877,"TRUE",-0.255548003137346,NA,NA
"653","SMAD5",0.827343611900544,0.881755755010361,"FALSE",0.00719588153461245,NA,NA
"654","SMARCA1",NA,NA,NA,NA,1,0.974644967510272
"655","SMARCA5",NA,NA,NA,NA,0.251677971604376,1.14755938448256
"656","SNAI1",0.467887728743252,0.617765894436977,"FALSE",NA,NA,NA
"657","SNAI2",0.835121861336051,0.888547165596606,"FALSE",-0.639418377492326,8.40112246116143e-06,2.8000628538281
"658","SNAI3",0.768294897010375,0.83429961324838,"FALSE",NA,NA,NA
"659","SOHLH2",0.62260910936084,0.731392113598607,"FALSE",NA,NA,NA
"660","SOX_1",NA,NA,NA,NA,1,0.574996571859451
"661","SOX_2",NA,NA,NA,NA,1,0.401779091485507
"662","SOX_3",NA,NA,NA,NA,1,0.443342015241299
"663","SOX_4",NA,NA,NA,NA,1,0.607974354764376
"664","SOX_5",NA,NA,NA,NA,1,0.448350408650492
"665","SOX_6",NA,NA,NA,NA,1,0.592609407343328
"666","SOX_7",NA,NA,NA,NA,1,0.769478781397333
"667","SOX_8",NA,NA,NA,NA,1,0.718770107354616
"668","SOX10",0.0800516053292605,0.16479679012408,"FALSE",0.269077489803188,NA,NA
"669","SOX12",0.0889623164334274,0.179057910783204,"FALSE",NA,NA,NA
"670","SOX13",0.00210972663553683,0.00818004437827778,"TRUE",-0.406455808782273,NA,NA
"671","SOX14",0.67661138003231,0.77048358951427,"FALSE",NA,NA,NA
"672","SOX15",0.00117244334716424,0.00487489602241972,"TRUE",NA,NA,NA
"673","SOX18",0.0328126165484249,0.0816439907819077,"FALSE",NA,NA,NA
"674","SOX2",0.000320090922288948,0.00168581219072179,"TRUE",0.0191173195700846,NA,NA
"675","SOX21",0.00047350596650895,0.00233793570963794,"TRUE",NA,NA,NA
"676","SOX4",0.521389151714687,0.655105256229984,"FALSE",NA,NA,NA
"677","SOX8",5.27142406371055e-07,7.93223811491683e-06,"TRUE",NA,NA,NA
"678","SOX9",0.02924203031569,0.075125866502098,"FALSE",-0.343991709733525,NA,NA
"679","SP1",0.626700341863525,0.73483231179545,"FALSE",0.228348756928075,NA,NA
"680","SP2",0.491981595506264,0.637156492540899,"FALSE",-0.174793814719039,NA,NA
"681","SP3",0.0298883837444486,0.0761671714777882,"FALSE",0.16605159053273,NA,NA
"682","SP4",0.474068661820511,0.619261755923756,"FALSE",-0.306490847604609,NA,NA
"683","SP8",0.0353716477161847,0.0865820285328882,"FALSE",NA,NA,NA
"684","SP9",0.0195583398906712,0.0542143456618605,"FALSE",NA,NA,NA
"685","SPDEF",0.000950009240521894,0.00422821014091434,"TRUE",NA,NA,NA
"686","SPDEF_1",NA,NA,NA,NA,2.08932269095359e-57,3.25951678469017
"687","SPDEF_2",NA,NA,NA,NA,1,0.838447687706064
"688","SPI",NA,NA,NA,NA,6.83976919315252e-25,2.60684694009538
"689","SPI1",3.52800477733698e-08,6.96780943524053e-07,"TRUE",-0.595347199121462,NA,NA
"690","SPIB",1.76148941796001e-09,4.4530452486029e-08,"TRUE",-0.340641720516607,NA,NA
"691","SPIC",7.10321286233178e-09,1.60329661749775e-07,"TRUE",NA,NA,NA
"692","SPZ1",NA,NA,NA,NA,1.59777838695937e-06,1.57936549430088
"693","SREBF1",0.000180295689999642,0.00100837943433428,"TRUE",0.173182689788466,3.28544429253064e-35,5.20810188925624
"694","SREBF1(var.2)",0.318944432428848,0.48380179738142,"FALSE",NA,NA,NA
"695","SREBF2",5.36783804372481e-06,5.56143220267882e-05,"TRUE",0.0807857036013746,NA,NA
"696","SREBF2(var.2)",0.825108791786888,0.880859385826543,"FALSE",NA,NA,NA
"697","SRF",0.0305089189664664,0.077436292316493,"FALSE",-0.251943036267591,1,0.976580065972609
"698","SRY",0.303798309033731,0.471283344067622,"FALSE",NA,NA,NA
"699","STAT_1",NA,NA,NA,NA,0.0198696425055896,1.25013421171536
"700","STAT_2",NA,NA,NA,NA,0.0852187913216772,1.58839927202102
"701","STAT1",0.819193304719038,0.876096047570419,"FALSE",0.0638758958496096,NA,NA
"702","STAT1::STAT2",0.00579523535730138,0.0196913373430886,"TRUE",NA,NA,NA
"703","STAT3",0.408362507372071,0.570139820648566,"FALSE",-0.0765201420435632,NA,NA
"704","TAL1::TCF3",1.19221752548173e-10,3.96569197949712e-09,"TRUE",NA,NA,NA
"705","TATA",NA,NA,NA,NA,1,0.6066011440571
"706","TBR1",0.0403777091129533,0.0945137487384684,"FALSE",NA,NA,NA
"707","TBX_1",NA,NA,NA,NA,0.0109597864711716,1.77362233881697
"708","TBX_2",NA,NA,NA,NA,0.0166683477340351,1.68436999345412
"709","TBX_3",NA,NA,NA,NA,1.71907835225469e-05,5.14899909743383
"710","TBX_4",NA,NA,NA,NA,0.00163271326843633,3.37597151603782
"711","TBX1",8.58630067130423e-06,8.22203337009738e-05,"TRUE",NA,NA,NA
"712","TBX15",5.602725469865e-06,5.71116531766884e-05,"TRUE",NA,NA,NA
"713","TBX18",0.00230187556613961,0.00881688095636504,"TRUE",NA,NA,NA
"714","TBX19",0.250434668337919,0.40069546934067,"FALSE",NA,NA,NA
"715","TBX2",0.0733180022238368,0.155493212770016,"FALSE",NA,NA,NA
"716","TBX20",0.00804203824633222,0.0257998384349338,"TRUE",NA,NA,NA
"717","TBX21",0.00560632094072053,0.019152404511002,"TRUE",-0.240138145847335,NA,NA
"718","TBX3",0.0021317100437121,0.00821488260747589,"TRUE",NA,NA,NA
"719","TBX4",3.56226405037756e-05,0.00027124709395646,"TRUE",NA,NA,NA
"720","TBX5",3.8752823073769e-05,0.000288138637442612,"TRUE",NA,NA,NA
"721","TBX6",0.00193020719427356,0.00762431841738058,"TRUE",NA,NA,NA
"722","TBXT",0.0746605307946976,0.15728485154083,"FALSE",NA,NA,NA
"723","TCF_LEF",NA,NA,NA,NA,1,0.950012027734714
"724","TCF12(var.2)",0.0582610357619927,0.127408216614461,"FALSE",NA,NA,NA
"725","TCF21(var.2)",6.18870113413917e-05,0.00043946731649168,"TRUE",NA,NA,NA
"726","TCF3",0.0540373173560764,0.120252058341691,"FALSE",0.280451510148157,NA,NA
"727","TCF4",0.00683408799737209,0.0226133173525611,"TRUE",0.408303851223884,NA,NA
"728","TCF7",0.00274961800368252,0.0102825951380317,"TRUE",-0.361881276259915,NA,NA
"729","TCF7L1",0.0335949716728341,0.0832628317538476,"FALSE",NA,NA,NA
"730","TCF7L2",0.0293835962619503,0.0751839386135733,"FALSE",-0.36269929609551,NA,NA
"731","TCFL5",0.122994359565196,0.230678190005945,"FALSE",NA,NA,NA
"732","TEAD",NA,NA,NA,NA,1,0.891407836725786
"733","TEAD1",1.6174235751374e-05,0.000132754766167121,"TRUE",-0.777333171037557,NA,NA
"734","TEAD2",0.000246791104269336,0.00134458601636397,"TRUE",-0.526835436380089,NA,NA
"735","TEAD3",3.39315514889926e-09,8.24797713117051e-08,"TRUE",NA,NA,NA
"736","TEAD4",7.95764164640224e-06,7.85817112582222e-05,"TRUE",-0.269385105463001,NA,NA
"737","TEF",0.0446465149047983,0.10373749051409,"FALSE",NA,NA,NA
"738","TFAP2_1",NA,NA,NA,NA,1.82862730490514e-12,15.1115866497282
"739","TFAP2_2",NA,NA,NA,NA,1.60856429075984e-20,7.51082200119017
"740","TFAP2A",0.0536049140117814,0.119711327404402,"FALSE",0.0841463172547448,NA,NA
"741","TFAP2A(var.2)",4.49936533418093e-06,4.74917488653501e-05,"TRUE",NA,NA,NA
"742","TFAP2A(var.3)",4.51488859085339e-14,3.56676198677418e-12,"TRUE",NA,NA,NA
"743","TFAP2B",3.83201306531238e-06,4.17557285737487e-05,"TRUE",NA,NA,NA
"744","TFAP2B(var.2)",4.06063654425509e-07,6.25932267309564e-06,"TRUE",NA,NA,NA
"745","TFAP2B(var.3)",7.24461691250109e-15,9.15719577740138e-13,"TRUE",NA,NA,NA
"746","TFAP2C",9.41963837213737e-07,1.29417640243279e-05,"TRUE",0.0274853633706018,NA,NA
"747","TFAP2C(var.2)",0.638616291781046,0.744579770905533,"FALSE",NA,NA,NA
"748","TFAP2C(var.3)",5.7548787606479e-16,2.03831144781093e-13,"TRUE",NA,NA,NA
"749","TFAP2E",1.22169692822952e-14,1.28685409773509e-12,"TRUE",NA,NA,NA
"750","TFAP4",5.63173171618663e-09,1.31824238689998e-07,"TRUE",-0.262439307107265,NA,NA
"751","TFAP4(var.2)",0.0530075908270829,0.118797153910342,"FALSE",NA,NA,NA
"752","TFCP2",0.362566686342476,0.521963885577323,"FALSE",NA,1.38046869474665e-93,3.76352796437099
"753","TFDP1",0.459675760875308,0.615110563029668,"FALSE",0.111458865789095,NA,NA
"754","TFE3",0.285869297785335,0.450547122694094,"FALSE",NA,NA,NA
"755","TFEB",0.0482089288385673,0.109992935111822,"FALSE",NA,NA,NA
"756","TFEC",0.510000227252564,0.645978333243532,"FALSE",NA,NA,NA
"757","TGIF1",1.2933571126425e-06,1.63480339038012e-05,"TRUE",NA,NA,NA
"758","TGIF2",0.000156767161628975,0.000912790098578074,"TRUE",0.277396288068002,NA,NA
"759","TGIF2LX",0.000917650012427512,0.00411315466563254,"TRUE",NA,NA,NA
"760","TGIF2LY",0.00123415320873379,0.00509794005176312,"TRUE",NA,NA,NA
"761","THAP1",0.760255676197645,0.831283023108844,"FALSE",-0.358010825474595,7.53780362105148e-14,4.80653715542779
"762","THAP11",0.0306400496387936,0.0774580454868702,"FALSE",-0.152424798996936,NA,NA
"763","THRB",0.178654147639041,0.309340880295546,"FALSE",NA,NA,NA
"764","THRB(var.2)",0.132079201231566,0.244076184732016,"FALSE",NA,NA,NA
"765","THRB(var.3)",0.751769023807515,0.82342811619818,"FALSE",NA,NA,NA
"766","TLX2",0.0146393268801067,0.0436417669256011,"TRUE",NA,NA,NA
"767","TP53",0.125338318437286,0.233669077440604,"FALSE",0.100204624338661,NA,NA
"768","TP63",0.320085221322127,0.483956602573168,"FALSE",-0.265202662110245,NA,NA
"769","TP73",0.695807702558626,0.786673466935692,"FALSE",0.0482579755595771,NA,NA
"770","TWIST1",9.79208768211438e-05,0.000644645772405863,"TRUE",-0.30446693227647,NA,NA
"771","UNCX",0.190496257196529,0.322011677983005,"FALSE",NA,NA,NA
"772","USF1",0.213414865809627,0.352162389534424,"FALSE",-0.263282144070257,NA,NA
"773","USF2",0.116297979121789,0.222728250924153,"FALSE",-0.287240731819934,NA,NA
"774","VAX1",0.0581190845105845,0.127408216614461,"FALSE",NA,NA,NA
"775","VAX2",0.380132246320212,0.539873212751403,"FALSE",NA,NA,NA
"776","VDR",0.522685823753538,0.655431429786183,"FALSE",0.14523331665363,NA,NA
"777","VENTX",0.0494049329304505,0.112316250403038,"FALSE",NA,NA,NA
"778","VEZF1",0.741054685877075,0.81878769488516,"FALSE",NA,NA,NA
"779","VSX1",0.00266712133411844,0.0100334564473979,"TRUE",NA,NA,NA
"780","VSX2",1.22462553689805e-07,2.14989816477658e-06,"TRUE",NA,NA,NA
"781","XBP1",0.485543708988954,0.631406633911562,"FALSE",0.0478353209645356,NA,NA
"782","YY1",0.0311534841859041,0.0784422390657028,"FALSE",-0.0492302771162829,0.130138195767683,1.46563296860225
"783","YY2",0.985547746251273,0.990248291940866,"FALSE",NA,NA,NA
"784","ZBED1",0.000451150099585296,0.00229037579737699,"TRUE",0.210164059367467,0.0014658119614557,2.53305793645311
"785","ZBTB12",0.377300512097041,0.539488515034683,"FALSE",NA,NA,NA
"786","ZBTB14",0.0233240129504935,0.0624609160369148,"FALSE",NA,1.26442637618364e-304,16.3306594483821
"787","ZBTB18",7.89487166322342e-07,1.16036253282726e-05,"TRUE",NA,NA,NA
"788","ZBTB26",0.0764096142995973,0.15990356369982,"FALSE",NA,NA,NA
"789","ZBTB32",0.230861509807326,0.37390891545954,"FALSE",NA,NA,NA
"790","ZBTB33",0.0020077364403528,0.0078813008093352,"TRUE",0.200766258838951,NA,NA
"791","ZBTB48",NA,NA,NA,NA,3.2254203038826e-37,3.2214703752135
"792","ZBTB49",NA,NA,NA,NA,6.68509565515662e-06,2.81729803807142
"793","ZBTB6",0.693016542488029,0.786331157724299,"FALSE",NA,2.05938833108334e-71,3.32000795792966
"794","ZBTB7A",1.26999305751428e-05,0.0001100558778556,"TRUE",0.402434601771431,4.34256387830986e-18,6.19482086959277
"795","ZBTB7B",0.00204284566415611,0.00796962012189299,"TRUE",NA,NA,NA
"796","ZBTB7C",0.000323905953357972,0.00169180630183668,"TRUE",NA,NA,NA
"797","ZEB1",0.578015374687543,0.69317972827804,"FALSE",-0.523754732796528,NA,NA
"798","ZFN121",NA,NA,NA,NA,6.23759177955787e-07,3.20508059622036
"799","ZFP42",0.00277747057448362,0.0103160712894848,"TRUE",NA,NA,NA
"800","ZFP57",0.768131872958387,0.83429961324838,"FALSE",NA,NA,NA
"801","ZFX",NA,NA,NA,NA,1.19200277238672e-15,15.3547683211878
"802","ZIC",NA,NA,NA,NA,3.7805310914565e-11,6.19960037584267
"803","ZIC_2",NA,NA,NA,NA,1.26311325910488e-11,5.44021087592177
"804","ZIC1",0.000178875475288986,0.00100837943433428,"TRUE",NA,NA,NA
"805","ZIC3",0.123004034860765,0.230678190005945,"FALSE",NA,NA,NA
"806","ZIC4",1.74087314093381e-06,2.15731730405916e-05,"TRUE",NA,NA,NA
"807","ZIC5",0.00153142874380255,0.00620424978258467,"TRUE",NA,NA,NA
"808","ZIM3",NA,NA,NA,NA,1,0.936979502162813
"809","ZKSCAN1",0.000622182348946338,0.00295653567318861,"TRUE",-0.0497291351021267,2.46655805503409e-05,2.46146048312844
"810","ZKSCAN5",0.000453001542202728,0.00229037579737699,"TRUE",NA,NA,NA
"811","ZNF134",NA,NA,NA,NA,7.91996562603033e-08,3.08265542154442
"812","ZNF135",0.405363002248251,0.569309816490877,"FALSE",NA,NA,NA
"813","ZNF136",0.747698687006819,0.822557171155242,"FALSE",NA,1,0.993336849135264
"814","ZNF140",0.455859787152606,0.612985926554142,"FALSE",NA,0.0850776689122976,1.47518047485241
"815","ZNF143",0.890497411479765,0.93177874843578,"FALSE",-0.164855092771279,0.0630237624027494,1.55787680877398
"816","ZNF143_1",NA,NA,NA,NA,4.18600423183703e-26,6.21318514181505
"817","ZNF146",NA,NA,NA,NA,1,0.497728445178199
"818","ZNF148",0.342482571407408,0.503384500186365,"FALSE",NA,NA,NA
"819","ZNF16",0.220134201903546,0.360426983427568,"FALSE",NA,NA,NA
"820","ZNF232",NA,NA,NA,NA,1,0.820809346613834
"821","ZNF24",0.022292227321399,0.0609899899009704,"FALSE",-0.144596896651453,1,0.754642266830564
"822","ZNF250",NA,NA,NA,NA,1,0.542693740453847
"823","ZNF257",NA,NA,NA,NA,2.51434617524354e-07,1.60986855143997
"824","ZNF263",0.0830066036317108,0.169774024256444,"FALSE",0.575018294175267,NA,NA
"825","ZNF274",0.473972469079973,0.619261755923756,"FALSE",-0.0396847650325927,0.00217033273648703,1.22774341195736
"826","ZNF28",NA,NA,NA,NA,1,0.805139827649024
"827","ZNF282",0.714992856915703,0.802462933775096,"FALSE",NA,6.05223591524482e-06,1.58656425185171
"828","ZNF306",NA,NA,NA,NA,0.0037321013010136,2.10615771297603
"829","ZNF317",0.11816767651054,0.225625291705925,"FALSE",NA,0.780473547645289,1.11847999370093
"830","ZNF320",NA,NA,NA,NA,8.03187841779522e-18,10.1424357536325
"831","ZNF324",NA,NA,NA,NA,9.36047098673518e-12,6.87389684204946
"832","ZNF329",NA,NA,NA,NA,1.69888914118002e-08,3.25974352799667
"833","ZNF331",NA,NA,NA,NA,8.28314397560214e-12,4.4082216810689
"834","ZNF332",NA,NA,NA,NA,4.36955027763773e-13,6.0074628719032
"835","ZNF335",NA,NA,NA,NA,5.35902481258003e-14,17.0113168792756
"836","ZNF341",0.00108708045011131,0.00465110540671435,"TRUE",NA,NA,NA
"837","ZNF354",NA,NA,NA,NA,1,0.907742425238564
"838","ZNF354C",0.0165161791018103,0.0478817669373584,"TRUE",NA,NA,NA
"839","ZNF382",0.634616819620539,0.742736722222557,"FALSE",NA,5.09851618712556e-06,1.59093873734095
"840","ZNF384_1",NA,NA,NA,NA,0.44858805251769,1.24129813537921
"841","ZNF384_2",NA,NA,NA,NA,1,0.74188085574268
"842","ZNF41",NA,NA,NA,NA,1.85659980147211e-19,1.79014941207824
"843","ZNF410",0.360167624091458,0.520883154292451,"FALSE",NA,1,0.630302388352994
"844","ZNF418",NA,NA,NA,NA,0.117089365785877,1.42635656389747
"845","ZNF423",NA,NA,NA,NA,2.91098553863193e-11,4.0140778987283
"846","ZNF431",NA,NA,NA,NA,0.0029438347776338,1.92283646892457
"847","ZNF435",NA,NA,NA,NA,0.386064234694185,1.16734549231699
"848","ZNF436",NA,NA,NA,NA,7.52369937380965e-55,4.36750597484854
"849","ZNF449",0.669588780632563,0.767466930207426,"FALSE",NA,3.84830700397237e-12,4.87939689632524
"850","ZNF460",0.842632298961228,0.893529551918618,"FALSE",NA,NA,NA
"851","ZNF490",NA,NA,NA,NA,1,0.871831502858277
"852","ZNF524",NA,NA,NA,NA,1.57430338321705e-11,4.2519022803933
"853","ZNF528",0.00645957979815115,0.0214866022759554,"TRUE",NA,2.01655811615401e-06,2.71454655708026
"854","ZNF53",NA,NA,NA,NA,3.93487058834733e-05,2.41123451182512
"855","ZNF547",NA,NA,NA,NA,1.54360783201707e-53,2.73066039106108
"856","ZNF549",NA,NA,NA,NA,1.77252666188672e-23,2.51939019032025
"857","ZNF554",NA,NA,NA,NA,8.13917694993629e-11,4.62483290129335
"858","ZNF563",NA,NA,NA,NA,1.59558261734347e-16,6.78419709068485
"859","ZNF57",NA,NA,NA,NA,9.26175908276744e-80,3.41166109470788
"860","ZNF586",NA,NA,NA,NA,0.0120409956722745,1.3696705424902
"861","ZNF652",0.778788583140501,0.842798603672597,"FALSE",NA,1,0.872731883947052
"862","ZNF667",NA,NA,NA,NA,3.49004739055409e-15,5.70709390619812
"863","ZNF680",NA,NA,NA,NA,0.237077532114529,1.33263437488085
"864","ZNF682",0.639532655709868,0.744579770905533,"FALSE",NA,NA,NA
"865","ZNF684",0.35503789361641,0.514642084324704,"FALSE",NA,NA,NA
"866","ZNF708",NA,NA,NA,NA,8.03847709461916e-10,3.61982272854051
"867","ZNF713",NA,NA,NA,NA,1,0.963636727597664
"868","ZNF740",0.548576190350712,0.6735975648631,"FALSE",-0.317375390890291,NA,NA
"869","ZNF75D",0.527214531288304,0.658506308123191,"FALSE",NA,NA,NA
"870","ZNF768",NA,NA,NA,NA,4.54186407804143e-08,3.54451428383319
"871","ZNF784",NA,NA,NA,NA,0.144942781867595,1.50756088326037
"872","ZNF85",NA,NA,NA,NA,1,0.759051187566347
"873","ZNF85_1",NA,NA,NA,NA,1,0.637794315943169
"874","ZSCAN29",0.717713540235322,0.802462933775096,"FALSE",NA,NA,NA
"875","ZSCAN3",NA,NA,NA,NA,9.03191578502823e-15,6.92632888655029
"876","ZSCAN4",0.0169172150372857,0.0484055820590214,"TRUE",NA,0.134828532479129,1.43746602072046
