"motifs","p_value","p_value_adjusted","mean_difference"
"FOXF2",0.0998031793552347,0.177383038773094,0.00352663267079556
"FOXD1",0.242451989371159,0.308930760650348,0.00877622274207196
"IRF2",0.0152702024700962,0.0990875808611135,0.0361145503096403
"MZF1(var.2)",0.0201251817688632,0.101065560189426,0.0220998833236882
"MAX::MYC",0.0507593580914766,0.129947365282275,0.0573016612267814
"PPARG",0.0536649720548634,0.129947365282275,0.0199789214940789
"PAX6",0.0236684251987048,0.101065560189426,0.00823157385109841
"PBX1",0.105765919971023,0.184143419894453,0.0109857278616755
"RORA",0.0138364298795543,0.0990875808611135,0.0305310813713668
"RORA(var.2)",0.00823359215076372,0.0981817026279749,0.0282646772354872
"RREB1",0.119757403548736,0.196820309320911,0.0130312465712241
"RXRA::VDR",0.0648220680607255,0.140134693622413,0.0131882972667616
"SOX9",0.0766582356137931,0.149530879345424,0.00734452202012037
"SRY",0.504214088913098,0.545656342796367,0.00375925799583515
"TAL1::TCF3",0.563920331215214,0.598987645929437,0.00166921288065752
"REL",0.0457464886668053,0.126135594020352,0.0297324439414396
"RELA",0.00515268113252244,0.0960669142263513,0.0368362980684846
"NR1H2::RXRA",0.0316235348159227,0.112436162525994,0.0197656469276201
"NFIC::TLX1",0.180092212437325,0.250150062110745,0.00284398754195647
"ZNF354C",0.00493944660172639,0.0960669142263513,0.0165102455210882
"CTCF",0.0380602250369608,0.11757733217382,0.0103190240936759
"EWSR1-FLI1",0.369287709419657,0.422807667306564,0.00606457513672187
"REST",0.00144999112357652,0.0960669142263513,0.00828534189613001
"NFATC2",0.0388062986418429,0.117911445873292,0.0257469057404924
"INSM1",0.0263769119364946,0.103541666732078,0.0191315515577727
"RARA::RXRA",0.0165073924544334,0.0990875808611135,0.00697750992319118
"NR4A2",0.0325150626984233,0.112909448491228,0.0161239187719151
"PLAG1",0.0137979577260866,0.0990875808611135,0.0135147662639992
"ARNT::HIF1A",0.081726855634679,0.156519311397325,0.0200088793471629
"DUX4",0.0890188982988775,0.163546348037473,0.0165586989183397
"FOS",0.0106266230525295,0.0990875808611135,0.0782513980485991
"FOSL2",0.0228339029388416,0.101065560189426,0.0667409588453632
"FOXH1",0.115736997523971,0.19350736093955,0.00734351507829195
"JUN",0.00220614657126143,0.0960669142263513,0.0162760678682297
"JUN(var.2)",0.0028218051663562,0.0960669142263513,0.0861273023051759
"JUND(var.2)",0.0485414438406018,0.129947365282275,0.0164218901685195
"MEF2C",0.0158173254635035,0.0990875808611135,0.0145251581527459
"MAF::NFE2",0.0153176364112479,0.0990875808611135,0.0234076288410496
"NR2C2",0.0290561765625648,0.109306568973458,0.0189900175569074
"NRF1",0.0438168888390244,0.124739971830015,0.0252686360127929
"POU2F2",0.00102672167081789,0.0960669142263513,0.0190302389718442
"SMAD2::SMAD3::SMAD4",0.0640686101846441,0.139625384954121,0.00934164244837155
"STAT1::STAT2",0.0194427191344312,0.101065560189426,0.0203208379810967
"TCF7L2",0.185623444605096,0.255586093661047,0.0106285732984393
"ZBTB33",0.0405542623526097,0.120330017872532,0.0301751095865681
"ELK4",0.762972674555499,0.785242128666107,0.0015168173470001
"ESR2",0.0214802299031393,0.101065560189426,0.0180690428210123
"IRF1",0.0348572605158955,0.114747731025343,0.00900136699292164
"STAT1",0.045903776304875,0.126135594020352,0.0202704483140563
"STAT3",0.0245860105146377,0.101065560189426,0.0199539950648458
"GATA1::TAL1",0.051342914053261,0.129947365282275,0.00514844076093168
"YY1",0.251563626341737,0.314828142273223,0.00474600617289556
"FOXP2",0.13292511246971,0.210548047821696,0.0125211796157845
"SREBF1",0.145459589459844,0.222591914137097,0.00367114371688759
"SREBF2",0.327066206726152,0.389276539832256,0.00256494772476168
"THAP1",0.0201057772459685,0.101065560189426,0.0089033905985218
"KLF5",0.0154732723301193,0.0990875808611135,0.0232856508639526
"DMRT3",0.461349838549679,0.507967069622643,0.00215696881365229
"FOXG1",0.0741106910541074,0.146827450615034,0.0123352128654138
"LBX1",0.352731484378793,0.408722003609635,0.00261101445927303
"NFATC3",0.0629782822658455,0.138801196621203,0.0294711841393875
"POU6F1",0.610540452592241,0.640764646556369,0.00425231231986323
"SHOX",0.193662020658942,0.262648920721998,0.00743843726091348
"ALX3",0.0174500562952559,0.0993552754828986,0.00606658184474779
"BARHL2",0.00952945525495945,0.0990875808611135,0.0200521593089863
"BHLHE41",0.0615323676010796,0.137415040013718,0.0271310995807164
"CENPB",0.0651892403876416,0.140134693622413,0.019166497028076
"CREB3",0.0290261821535917,0.109306568973458,0.0262633830654442
"DBP",0.208013524570125,0.276656159341246,0.00705688784618741
"ELF4",0.0222966586710952,0.101065560189426,0.0143602194375381
"ELF5",0.1908884805927,0.259953421285846,0.0102871787712615
"EN1",0.167152310688061,0.243972887655553,0.00969560709518807
"EN2",0.225733268838979,0.291745247252013,0.00229275254386963
"ESX1",0.277622255156215,0.341356547195969,0.00694598054542023
"ETV6",0.235725371951615,0.3028016973037,0.00947007373657816
"FLI1",0.614515698103839,0.643003180797395,0.00290573822298734
"FOXI1",0.0518448747713728,0.129947365282275,0.00751960457423789
"FOXL1",0.224151838758333,0.291201005568756,0.00360605749865578
"FOXO3",0.106618152615314,0.184610061514736,0.0154656280358255
"GCM1",0.150806606664706,0.228560612499027,0.00873558782298289
"GRHL1",0.371327072349523,0.424373796970884,0.00654436173712497
"GSC",0.0278765134972351,0.106132268254534,0.00621490169064304
"HEY2",0.0557096337753165,0.133872580022814,0.0412872099779324
"HINFP",0.123547329086889,0.200724709467644,0.0133866956468921
"HNF1A",0.0707083084883983,0.144292931649696,0.00993800831765135
"HNF1B",0.240387606563744,0.307540419733372,0.00354915088842883
"HOXC11",0.00960269425171142,0.0990875808611135,0.0116867213469599
"HSF1",0.0631519264183261,0.138801196621203,0.0176649277410206
"IRF8",0.0319654638960051,0.112436162525994,0.0435750795428969
"IRF9",0.001691331832654,0.0960669142263513,0.0381303214956739
"ISX",0.472155099083917,0.515374823179681,0.00294536383899541
"JDP2",0.00386743035379128,0.0960669142263513,0.077391934849771
"JDP2(var.2)",0.0800551952741047,0.15462584929936,0.00469099796098271
"KLF13",0.0180831873400736,0.0996693971473468,0.0223232734649939
"LHX6",0.827405140936311,0.842061270646938,0.0020132837249266
"MEF2B",0.0706375932410037,0.144292931649696,0.0101550992013595
"MEOX1",0.965477544636012,0.967007619984088,0.000116403878653693
"MIXL1",0.162181744777784,0.24004417494042,0.01036880635932
"MLX",0.0368706099149535,0.116275531401752,0.0304580366653368
"MLXIPL",0.00760148710199975,0.0960669142263513,0.037937037999477
"MSC",0.136477054932709,0.214028532797697,0.00931737327371512
"MSX1",0.0339943697306584,0.114278945052001,0.00799729783454745
"MYF6",0.198593425655517,0.26761416847396,0.00729853550397791
"NEUROD2",0.0367964308590473,0.116275531401752,0.00225749654777385
"NEUROG2",0.618458024423184,0.646058630471822,0.00190790171565441
"NFIA",0.141381116203293,0.220080949360791,0.00798907823317252
"NFIX",0.0129464354218052,0.0990875808611135,0.0096008641520729
"NHLH1",0.0723381055526742,0.145135500664413,0.00463849942686001
"NKX2-3",0.0492525166350713,0.129947365282275,0.0050857029592406
"NKX2-8",0.13236896829869,0.21019393960998,0.00134805757685508
"NKX6-1",0.161832344397521,0.24004417494042,0.00954942690312244
"NKX6-2",0.183198479943898,0.253351070732042,0.00919076907541061
"OLIG2",0.088806584565796,0.163546348037473,0.00526015488700604
"PAX4",0.353576375839964,0.408722003609635,0.00577401625301899
"PAX7",0.787340731713265,0.806481916438872,0.0022849524578592
"POU4F2",0.0923762715159776,0.168733536410687,0.00438786749524051
"SP4",0.128316896958417,0.206351854650685,0.0121973360492039
"SPDEF",0.123389332863263,0.200724709467644,0.00817164760100209
"SPIC",0.148315363029446,0.225868215505084,0.0113486171680667
"SRF",0.17219032420037,0.246766439496545,0.00517756102458605
"TBXT",0.426423283264927,0.475314656045716,0.00264357273253768
"TBX2",0.0160564516627588,0.0990875808611135,0.027807455150783
"TBX20",0.00710558183828625,0.0960669142263513,0.0212551155285371
"TBX21",0.0196998734724677,0.101065560189426,0.0134791732709479
"TFAP4",0.0479530618623848,0.129947365282275,0.00696688432793102
"TFCP2",0.433471258059504,0.479779045698085,0.00938516371515075
"TFEB",0.0408669132085653,0.120612232950037,0.0190481754995663
"ZBTB7B",0.225632001265998,0.291745247252013,0.00877829868817998
"ZBTB7C",0.529893837598533,0.569545757418832,0.00370104981283292
"ZIC1",0.0592671965749861,0.136508539708502,0.00347677734559315
"ZIC3",0.0147523910388343,0.0990875808611135,0.00373690552436529
"ZBTB18",0.459032860276777,0.506298023900389,0.00137678041988581
"LBX2",0.110631761269513,0.187955035275086,0.00781819540126022
"MEOX2",0.217318827440981,0.286136456130624,0.00344569469457762
"MNX1",0.0551410023935429,0.133011883636332,0.00542065879163772
"MSX2",0.198118386897311,0.267544488288676,0.00476742045881562
"NOTO",0.773317542709304,0.793403712649805,0.00107687442936705
"OTX1",0.0676769790925675,0.142471519718032,0.0113989834445673
"PDX1",0.107025741188239,0.184809476587342,0.00587006586628086
"PHOX2A",0.1794893273379,0.249861794884477,0.00423208072923781
"PITX3",0.176448244557969,0.248918059287136,0.00474285045824535
"PROP1",0.539982340956428,0.577431375127115,0.00174284873180369
"PRRX1",0.137200970345769,0.214490131218277,0.00746333783422198
"RAX2",0.248461863896891,0.311563289648483,0.00173099268529803
"RAX",0.587701943073272,0.62007951255811,0.00589776773197503
"RHOXF1",0.622973196409995,0.649701419358279,0.000537653451153142
"UNCX",0.430919811888559,0.478631495805921,0.00519390440309464
"VAX1",0.0276213508016116,0.106132268254534,0.0103044953699183
"VAX2",0.21800608594578,0.286177970191332,0.00466908393354254
"VENTX",0.430229835437656,0.478631495805921,0.00221304641308362
"VSX1",0.0622149589866709,0.137964400279214,0.00619681232625463
"VSX2",0.175402310715751,0.248552153301244,0.00235322838435847
"ESR1",0.126849390974179,0.204512283407351,0.01062503800478
"ESRRB",0.108090735195992,0.185634088706161,0.0112351887881098
"NR2F1",0.0493525466157109,0.129947365282275,0.0140822585074288
"NR3C1",0.0315195331951799,0.112436162525994,0.00929710817755214
"NR3C2",0.0845095111533031,0.15991021272122,0.00642017399228301
"RARA",0.00937013465677513,0.0990875808611135,0.0242758266491965
"RARA(var.2)",0.019004961574956,0.100933913574556,0.0165119036679232
"BCL6B",0.0136915356492674,0.0990875808611135,0.0084253965231299
"EGR2",0.0527149641190369,0.129947365282275,0.0109972512907489
"EGR3",0.00772415905024366,0.0960669142263513,0.0228947033881908
"EGR4",0.0632511782071305,0.138801196621203,0.010087288003959
"GLIS1",0.0526807749903436,0.129947365282275,0.0197185615752869
"GLIS2",0.012694010308422,0.0990875808611135,0.0169623654674998
"GLIS3",0.00299118834630556,0.0960669142263513,0.0174436916710248
"HIC2",0.0508699890539365,0.129947365282275,0.00841178075586413
"KLF14",0.0339812597251867,0.114278945052001,0.0192747269565112
"KLF16",0.00663358696021863,0.0960669142263513,0.0319044447151356
"SP8",0.0257247696239524,0.102251914480113,0.0230637507719729
"ZBED1",0.174338115021002,0.248321208946877,0.00698090289636982
"ZIC4",0.114524609835836,0.192498812277256,0.00294592133198457
"ZNF143",0.01306586132271,0.0990875808611135,0.008915872048114
"ZNF410",0.598494331287306,0.629365087144056,0.00144638124342111
"CUX1",0.26277252563753,0.325631835691998,0.00254174569814181
"CUX2",0.51979101361821,0.560593721171858,0.00225106439483169
"ONECUT2",0.00443731826781483,0.0960669142263513,0.0109699589279529
"ONECUT3",0.0378646790972372,0.11757733217382,0.00913137469483583
"E2F7",0.0345875229873023,0.114747731025343,0.00625187816579342
"ELK3",0.124854171342636,0.202327785355246,0.00770822690533185
"ERF",0.703563855631808,0.728938289769349,0.00174950471417479
"ERG",0.223994249261876,0.291201005568756,0.00749413095338602
"ETS1",0.334738774585184,0.395429729977264,0.00564601299658862
"ETV2",0.426429446167596,0.475314656045716,0.00508873756774825
"ETV3",0.276645023325022,0.340818040431606,0.00493668940246467
"FEV",0.898840853213086,0.906008643111117,0.000642171304010231
"GCM2",0.0382363218515741,0.11757733217382,0.0202824773926187
"LEF1",0.120960983036505,0.198050106940599,0.0149321248651051
"HSF2",0.00775223516699987,0.0960669142263513,0.0191606782657714
"HSF4",0.0605229758162133,0.136508539708502,0.0166681194196156
"IRF7",0.00694400766229748,0.0960669142263513,0.0326334851248856
"MEF2D",0.0609104560091732,0.136508539708502,0.0113553182795573
"MEIS1",0.0454364879462101,0.126135594020352,0.00867082428138333
"MEIS2",0.169687272625776,0.244287827561482,0.00359148347342958
"MEIS3",0.228954887997257,0.295305080029115,0.00268525331122949
"MYBL1",0.381990397641133,0.434987263620173,0.00118599649047674
"MYBL2",0.0455686468514819,0.126135594020352,0.012450941379831
"NFKB1",0.0145396485551032,0.0990875808611135,0.0186399170910221
"NFKB2",0.00333427929143165,0.0960669142263513,0.0203674317149227
"PAX1",0.308511612222821,0.370683153849473,0.00265863510386322
"PAX3",0.493136515124686,0.535502195118216,0.00668068830876778
"PAX9",0.247859513498406,0.311493115017994,0.0061505482426194
"PKNOX2",0.116548097879831,0.193837889105404,0.00874098093211378
"POU1F1",0.0862864270415619,0.16096510360586,0.0240529328779719
"POU2F1",0.020938934075816,0.101065560189426,0.0266255390382873
"POU3F1",0.0707032654721491,0.144292931649696,0.0206443106673139
"POU3F2",0.0336598197179428,0.114278945052001,0.0256660754800841
"POU3F3",0.16582516764429,0.243724432444631,0.0187354809552486
"POU3F4",0.0342902482209079,0.11466368717256,0.0288540428828736
"POU4F1",0.207110579045944,0.276656159341246,0.00584378883789799
"POU4F3",0.404842401451659,0.455267611596883,0.00326538281263872
"POU5F1B",0.00297961844123332,0.0960669142263513,0.0266173519717114
"POU6F2",0.34090092846183,0.400463544215383,0.0065722113948723
"PROX1",0.107383464623505,0.184921933629578,0.00961354522613422
"RFX2",0.0533885693673297,0.129947365282275,0.0174707947112281
"SMAD3",0.0601006631399691,0.136508539708502,0.012941848645919
"TGIF1",0.174846420856583,0.248321208946877,0.00774567538470572
"TGIF2",0.112228798091055,0.190157105612727,0.0102515814601452
"RFX4",0.0707765962205788,0.144292931649696,0.00394676374688085
"RFX5",0.0230600270066278,0.101065560189426,0.0198533662701207
"RUNX2",0.301867997506281,0.36339157033137,0.00477773915387908
"EOMES",0.022501347064122,0.101065560189426,0.0237092777202479
"MGA",0.0512668500495636,0.129947365282275,0.0112119235488589
"TBR1",0.00559919798366336,0.0960669142263513,0.0234183021523556
"TBX15",0.036980034512266,0.116275531401752,0.0115062603351274
"TBX19",0.472027797575836,0.515374823179681,0.00268541408062828
"TBX1",0.0240536795907921,0.101065560189426,0.0102224164675002
"TBX4",0.0171900997539732,0.0993552754828986,0.00933831289082676
"TBX5",0.0107107594200402,0.0990875808611135,0.00990127480418179
"TEAD3",0.466599655953873,0.511963511393833,0.00115512343676594
"TFAP2A(var.2)",0.0410310602599017,0.120612232950037,0.0120104015406452
"TFAP2B",0.0126685905886293,0.0990875808611135,0.0137430272531515
"TFAP2B(var.2)",0.0421847210464333,0.122238033837765,0.00768886852987749
"TFAP2B(var.3)",0.02128931466702,0.101065560189426,0.00948710334502939
"TFAP2C",0.0117230768009849,0.0990875808611135,0.0140095112798239
"TFAP2C(var.3)",0.0168392373121866,0.0990875808611135,0.00862103300424538
"BHLHE40",0.0311422289889282,0.112436162525994,0.0283108860833692
"BHLHE23",0.0863404590544088,0.16096510360586,0.0114120813010848
"BHLHE22",0.247525118893318,0.311493115017994,0.00445380897493319
"CLOCK",0.00754437206277046,0.0960669142263513,0.0466343042098294
"FIGLA",0.0149860775783206,0.0990875808611135,0.00993670617263487
"HES5",0.0932118104250334,0.168796172460232,0.0256380143503227
"HES7",0.0859329499734138,0.16096510360586,0.0232856300484545
"HEY1",0.0447845581465495,0.125794847771641,0.036373565892469
"MAX",0.0169326878686713,0.0990875808611135,0.0641614672128297
"MNT",0.0365539200924964,0.116275531401752,0.0484677430742661
"OLIG1",0.0580892163128198,0.136496080540455,0.0115432247568779
"OLIG3",0.102231537444991,0.179422740759063,0.00283226118905522
"SREBF2(var.2)",0.0125018663356541,0.0990875808611135,0.0226034494240089
"ATF7",0.191263197623289,0.259953421285846,0.00531229196147304
"CEBPB",0.134781077025396,0.212938755394111,0.0173471109542438
"CEBPE",0.160029916519581,0.239099071490248,0.0164122383163531
"CEBPG",0.135388801112148,0.212938755394111,0.0229305912209191
"CREB3L1",0.0302852119787176,0.111280546340404,0.031653246371343
"NFE2",0.0137430611723812,0.0990875808611135,0.0580208591966935
"TEF",0.0694056801275626,0.14429075605467,0.00702210655993651
"XBP1",0.117659297060949,0.195172377276955,0.0263502189776614
"FOXB1",0.110512901977256,0.187955035275086,0.0140300017977296
"FOXC1",0.0362632062051946,0.116275531401752,0.0146202401670177
"FOXC2",0.166377087400387,0.243968258090591,0.00650804846895259
"FOXO4",0.0518448747713728,0.129947365282275,0.00751960457423789
"FOXO6",0.0518448747713728,0.129947365282275,0.00751960457423789
"FOXP3",0.0518448747713728,0.129947365282275,0.00751960457423789
"RXRB",0.00680841060604044,0.0960669142263513,0.0192599807187591
"RXRG",0.0073388302043708,0.0960669142263513,0.0160444600264414
"TP63",0.0660658783783229,0.141059578159122,0.01412248627982
"TP53",0.258901687673883,0.321465356797435,0.00400867493396329
"TP73",0.143357398721823,0.221520479198514,0.00688574431550698
"GMEB2",0.0472209942665912,0.128636501622783,0.0444178877455865
"MTF1",0.0184514548516449,0.0996693971473468,0.00723309669128502
"E2F1",0.16865489342313,0.244287827561482,0.0223169435568853
"E2F8",0.88182186301487,0.893127271515061,0.000352099471574163
"SOX21",0.385196309987474,0.437062958549522,0.00247865272362752
"TFAP2A(var.3)",0.0240329277293944,0.101065560189426,0.0104424183995878
"ELK1",0.0433609172778607,0.124000451219946,0.0124940485998326
"HOXD12",0.106076195865862,0.184176252162705,0.0120130641456826
"BARX1",0.0422373908000183,0.122238033837765,0.00480348907860112
"BSX",0.0309291621223863,0.112340404950277,0.00900392829182467
"DLX6",0.351950500919509,0.408722003609635,0.00569152102810744
"DUXA",0.00627404147877215,0.0960669142263513,0.0177567431429453
"EMX2",0.167571854641004,0.24402168694266,0.00542644795640068
"EVX1",0.317770959716953,0.380362209358171,0.00133167548706026
"EVX2",0.0469310856675143,0.128400199748351,0.00490889537043082
"GBX1",0.221189650532006,0.289424138998401,0.00269948759421762
"GBX2",0.926526133981955,0.930945177546257,0.000275226871711998
"GSC2",0.540885085562108,0.577431375127115,0.0007048095061854
"GSX1",0.102486723756364,0.179422740759063,0.00404645609014775
"HESX1",0.963923356114685,0.966983430261081,0.000300505197759149
"HMBOX1",0.0488513925964131,0.129947365282275,0.0101968817566224
"HOXA10",0.915459835599051,0.921290789965924,0.000285877410887314
"HOXB3",0.116269598879064,0.193837889105404,0.00563187518879393
"HOXC10",0.13147583878899,0.209301587190533,0.0104487838680898
"HOXC12",0.00626641715427888,0.0960669142263513,0.0081883905183634
"HOXC13",0.254334643131563,0.317040422996346,0.00626323971705767
"HOXD11",0.0680200803582488,0.142471519718032,0.00361456307452063
"ISL2",0.343590544115554,0.402874255808962,0.00334703257438784
"FOXK1",0.113529331912923,0.191334767383913,0.0145836690799073
"GATA2",0.682196918360057,0.707961333995987,0.00144952693910755
"HIF1A",0.0682350978618429,0.142471519718032,0.0168849143182399
"MYC",0.0364839023427408,0.116275531401752,0.0522156379194266
"MYB",0.06357668843837,0.139032758107439,0.0093093489017218
"MYCN",0.0446242957963103,0.125794847771641,0.0625857137006207
"NEUROD1",0.131085456837412,0.209207092730415,0.00491387786715636
"NFIC",0.396460056320955,0.447433492133649,0.00176076506240108
"NFYA",0.0383242570060237,0.11757733217382,0.0118004691276028
"NR1H4",0.0931512096966687,0.168796172460232,0.0201916486142308
"NR2F2",0.0425512143106145,0.122238033837765,0.00963208198118853
"PAX5",0.188253116689354,0.257105765220516,0.00596055649354144
"PBX3",0.126600134800466,0.204512283407351,0.00389284205495338
"POU5F1",0.00122474564772443,0.0960669142263513,0.0224682609022372
"RBPJ",0.0508157915871704,0.129947365282275,0.0158697454852468
"RELB",0.0323194809539368,0.112850342336398,0.0151908756108344
"SIX1",0.0580972241540859,0.136496080540455,0.00429112534619697
"SIX2",0.145024475462952,0.222464729350936,0.012084588790632
"SOX10",0.206311206561515,0.276315918606723,0.00536315413824423
"SOX13",0.137450163201586,0.214490131218277,0.00493220286474061
"TEAD2",0.0987288824736479,0.176261733681767,0.00428848905430407
"TFDP1",0.0570525681084334,0.135553470092218,0.00956837094695973
"ZBTB7A",0.533397238885306,0.57233795411802,0.00282359752702327
"ZEB1",0.0239767808181338,0.101065560189426,0.00766691679691345
"ZNF24",0.100198963357587,0.177383038773094,0.00744565900087857
"ZNF282",0.0403975855741798,0.120330017872532,0.0148281570309865
"ZSCAN4",0.0600607862829367,0.136508539708502,0.0102557790813395
"GATA3",0.795008237315182,0.813018132658891,0.000828002052551846
"FOS::JUN",0.0142988963985058,0.0990875808611135,0.0743159721380314
"FOS::JUN(var.2)",0.0604197234987474,0.136508539708502,0.0109847228829141
"FOSB::JUN",0.188354381799207,0.257105765220516,0.00582113286865449
"FOSL1::JUN",0.0163774426504785,0.0990875808611135,0.0814292347591744
"FOSL1::JUN(var.2)",0.287162106851163,0.350359945038484,0.00455309690986255
"FOSL2::JUN",0.0118497777103635,0.0990875808611135,0.08316600562723
"FOSL2::JUN(var.2)",0.0800730211836395,0.15462584929936,0.0052817420391803
"JUN::JUNB",0.00493140930191833,0.0960669142263513,0.0717265753484496
"JUN::JUNB(var.2)",0.164567378794941,0.242439588341265,0.00738020916375243
"FOS::JUNB",0.026077192972449,0.103004912241174,0.0827160174373497
"FOSB::JUNB",0.0202923447337864,0.101065560189426,0.0769081773898722
"FOSB::JUNB(var.2)",0.553899588486324,0.589334242295213,0.000874451026192158
"FOSL1::JUNB",0.00330278917329623,0.0960669142263513,0.0921645587113379
"FOSL2::JUNB",0.0126375124163464,0.0990875808611135,0.0795888674596901
"FOSL2::JUNB(var.2)",0.114977517019515,0.192747455587091,0.00636852492131795
"FOS::JUND",0.0167235847168298,0.0990875808611135,0.0766427886124127
"FOSL1::JUND",0.00127067812488259,0.0960669142263513,0.0901940059503318
"FOSL1::JUND(var.2)",0.634733337024696,0.659788600328303,0.00222200447827325
"FOSL2::JUND",0.0174218069033483,0.0993552754828986,0.0763123400297641
"FOSL2::JUND(var.2)",0.172580326356761,0.246766439496545,0.00708405147920316
"NR1H4::RXRA",0.00929658760425288,0.0990875808611135,0.0224292285893503
"NR4A2::RXRA",0.0251020788137,0.10169560134781,0.0217945696149839
"PPARA::RXRA",0.0208016056308545,0.101065560189426,0.0250779544366668
"RARA::RXRG",0.000301346712205374,0.0952255610568982,0.0196137386428251
"RORB",0.00294678594355175,0.0960669142263513,0.0322908036086992
"RORC",0.0247866484641789,0.101065560189426,0.0291011113216949
"SOX15",0.332659782525737,0.394448372525826,0.00525545096236824
"TFE3",0.0206451692190604,0.101065560189426,0.0244036613867199
"VDR",0.16205739371864,0.24004417494042,0.00255773908974222
"IRF3",0.0243481401343063,0.101065560189426,0.0263771527576876
"IRF4",0.0277317009966371,0.106132268254534,0.0484833493125909
"IRF5",0.0224397011528495,0.101065560189426,0.0296330967301875
"TCF7L1",0.0734317609102736,0.14593985187199,0.00797885211751076
"ARGFX",0.846309620410046,0.859915884403776,0.000380168542539527
"ARNT2",0.045353829633427,0.126135594020352,0.0357209243270752
"ATF6",0.0508419634260852,0.129947365282275,0.0227656519754112
"ATOH1(var.2)",0.763295405643893,0.785242128666107,0.000729868254218391
"ATOH7",0.247913032996916,0.311493115017994,0.00494929332701072
"BACH2",0.0181570366437552,0.0996693971473468,0.0627898007408286
"BACH2(var.2)",0.0057585457720388,0.0960669142263513,0.0211621296356509
"BARX2",0.159426798338565,0.238762408886192,0.00387346738681954
"BHLHA15(var.2)",0.815049859778363,0.830825018354719,0.000788376367129751
"CDX4",0.0867541096246925,0.161260580243546,0.00316570436658303
"CREB3L4",0.0722206056359707,0.145135500664413,0.0301956082939567
"CREB3L4(var.2)",0.315766414294065,0.378680026250188,0.00224734652537112
"DLX5",0.293905070173781,0.35532998666538,0.0110698602324739
"DMRTA2",0.266356896245647,0.329427707294029,0.00678591146839419
"DMRTC2",0.0823173931298746,0.156734390043184,0.00993646072119292
"DPRX",0.469658227566776,0.514426342846105,7.79093976636669e-05
"DRGX",0.162960102664077,0.240632674961907,0.00480310364585995
"ELF2",0.0156139760840339,0.0990875808611135,0.0151231444003705
"ETS2",0.384484606242765,0.437040056016956,0.00352702034024882
"FERD3L",0.381951226169479,0.434987263620173,0.00304942261902186
"FOXE1",0.217124063572487,0.286136456130624,0.004362892275873
"FOXN3",0.0714210663410546,0.144529511480867,0.00850514386190709
"GLI3",0.0179369618723286,0.0996693971473468,0.00940556596149589
"HES6",0.0700882668645933,0.144292931649696,0.0274190305903532
"HNF4A(var.2)",0.00843994945402434,0.0987786676841367,0.0178081466373139
"HOXA1",0.280190103908039,0.343178576879613,0.0114543298092207
"HOXA4",0.878093081888854,0.890778214693027,0.000806648348657679
"HOXA6",0.353751480972263,0.408722003609635,0.00595766890496985
"HOXA7",0.0978713534618622,0.175345933678893,0.0106540216195374
"HOXB4",0.0519694801066837,0.129947365282275,0.0148600725472794
"HOXB6",0.151895490370409,0.229660167258609,0.00936834581794743
"HOXB7",0.477883214490789,0.520727916479618,0.00265612539366011
"HOXB8",0.294046808585433,0.35532998666538,0.00748560173053092
"HOXB9",0.0649823083835578,0.140134693622413,0.00728658719292385
"HOXC4",0.0339453933212798,0.114278945052001,0.0131816454319263
"HOXC8",0.206362521491097,0.276315918606723,0.0139941862069335
"HOXD10",0.0124165129658493,0.0990875808611135,0.00928043920646088
"HOXD4",0.0332884098670972,0.114278945052001,0.0146901456002618
"IKZF1",0.322310298057844,0.385066367433946,0.00744731199407567
"IRF6",0.0874853332380032,0.162142905004158,0.0051210995419213
"KLF10",0.0201075658086318,0.101065560189426,0.0262119209755834
"KLF11",0.0358242473898679,0.116275531401752,0.0270359994659687
"KLF15",0.194755845786652,0.26356679772412,0.00415525216848667
"KLF17",0.0168422221084255,0.0990875808611135,0.0223510878299822
"KLF2",0.11893504266392,0.19677211247015,0.00857810154216598
"KLF3",0.891412669557363,0.901396491456406,0.000216451878229607
"KLF6",0.071578697932771,0.144529511480867,0.0199612477001369
"LHX1",0.108605792855787,0.1860131736717,0.0137362555604865
"LHX5",0.153806408725181,0.231994392158269,0.00760514666909196
"MAF",0.144421546466326,0.222078874371576,0.0101757519608321
"MAFA",0.0699779869169685,0.144292931649696,0.00644072567633963
"MAZ",0.510464250157791,0.551475907862776,0.00110551250818747
"MSANTD3",0.0302657289920662,0.111280546340404,0.00971754403670499
"MSGN1",0.584430325630172,0.618693410047351,0.00195647811045851
"NFATC4",0.0608665011920294,0.136508539708502,0.028452250446135
"NFIC(var.2)",0.145853596452211,0.222655731782119,0.00337725870088479
"NFIX(var.2)",0.034908680998947,0.114747731025343,0.00657815102731296
"NHLH2",0.300550023319705,0.362495447973385,0.00207888215768448
"NKX6-3",0.207546451707004,0.276656159341246,0.0122003161687813
"NR1D1",0.0231358154276143,0.101065560189426,0.014399205064787
"NR1D2",0.0244250745275464,0.101065560189426,0.0143310832593985
"NR1I2",0.0320229576814541,0.112436162525994,0.00641436551736202
"NR1I3",0.00975676126853858,0.0990875808611135,0.00954413307669139
"NR2C1",0.0530150727159864,0.129947365282275,0.0158480230126649
"NR2C2(var.2)",0.09999163087331,0.177383038773094,0.0120458564188661
"NR2F1(var.2)",0.0104831806660818,0.0990875808611135,0.0184634175492028
"NR2F1(var.3)",0.00472011171988007,0.0960669142263513,0.0187833312107074
"NR2F6(var.3)",0.00535954628375127,0.0960669142263513,0.0176567345743264
"NR5A1",0.224390648278456,0.291201005568756,0.00895774930697418
"NR6A1",0.176172653997585,0.248918059287136,0.00992034278845927
"OSR1",0.41056158484107,0.46006191776517,0.000888522443792783
"OVOL1",0.0135428758168007,0.0990875808611135,0.0280246521671964
"OVOL2",0.0570298187223825,0.135553470092218,0.0244147917419728
"PAX3(var.2)",0.0277928256527971,0.106132268254534,0.00984456661299371
"PITX2",0.292491616514428,0.354807488746868,0.00248942195428148
"PLAGL2",0.0765337083388608,0.149530879345424,0.0227274476243355
"POU6F1(var.2)",0.135445220994355,0.212938755394111,0.0080102210675595
"PPARD",0.0423722842657401,0.122238033837765,0.0159523711136226
"RARB(var.3)",0.239600001632103,0.307154565986794,0.00301302907104162
"RARG(var.3)",0.0975751989905673,0.175345933678893,0.00706785901217433
"RFX7",0.0319260236296643,0.112436162525994,0.0333546827192676
"RXRB(var.2)",0.0608922784914431,0.136508539708502,0.00552399866452569
"RXRG(var.2)",0.166875485088815,0.243972887655553,0.00703088273659191
"SMAD5",0.0160010340653,0.0990875808611135,0.0191963890665705
"SNAI1",0.00645034064419289,0.0960669142263513,0.00852440583855729
"SNAI3",0.0109493605768306,0.0990875808611135,0.00877191581297698
"SOHLH2",0.0180149261083852,0.0996693971473468,0.0275407713014443
"SOX12",0.0269485740961608,0.10513270881959,0.00459742289471926
"SOX14",0.178386117600907,0.249861794884477,0.00285547377026746
"SOX18",0.328007698514235,0.389663280941722,0.00368100236195334
"SP9",0.0307955517858714,0.112340404950277,0.0227066797123733
"TBX18",0.0853511049928749,0.160787451444889,0.0140993772202065
"TBX3",0.0142736160491597,0.0990875808611135,0.0149931441879032
"TBX6",0.0297145291485182,0.110674873009986,0.011271224119018
"TCF21(var.2)",0.0392299749890439,0.118063543776551,0.0042536474543422
"TFAP2E",0.0755722502551561,0.148790224801429,0.0105168198899002
"TFAP4(var.2)",0.39842502226653,0.448849579451777,0.00595000724561157
"TGIF2LX",0.122677392793541,0.200341375311415,0.00885320846694443
"TGIF2LY",0.142078122288861,0.220622538787617,0.00996004362363551
"THAP11",0.764120109382367,0.785242128666107,0.000381362029334475
"THRB",0.0596067654018335,0.136508539708502,0.0137089358893275
"THRB(var.2)",0.0764990115940722,0.149530879345424,0.0170034568779402
"THRB(var.3)",0.0116338696993573,0.0990875808611135,0.0142992791734413
"TLX2",0.187348103466004,0.257105765220516,0.010568277964965
"VEZF1",0.0854819362112066,0.160787451444889,0.0251959931181733
"ZBTB26",0.0576700838953333,0.136496080540455,0.0153980175638238
"ZBTB32",0.0200890292967935,0.101065560189426,0.0167059312148256
"ZBTB6",0.0246430608951497,0.101065560189426,0.00948867304294576
"ZFP57",0.00524002784467903,0.0960669142263513,0.0375950194765666
"ZIC5",0.353660845584551,0.408722003609635,0.00109430234200936
"ZKSCAN1",0.188255483785914,0.257105765220516,0.0106146633273829
"ZNF135",0.0350416330504607,0.114747731025343,0.0134209225621695
"ZNF136",0.386109733560395,0.437314250197437,0.00161409654579625
"ZNF140",0.0216280332812188,0.101065560189426,0.0109016056769171
"ZNF274",0.0832105056751866,0.157925043803958,0.0176936504340444
"ZNF317",0.154950050511041,0.233162933149948,0.0112527181523718
"ZNF382",0.0675842944268319,0.142471519718032,0.0106865464660188
"ZNF460",0.081255015016133,0.156088661064426,0.00497622921728702
"ZNF528",0.0372877623320511,0.116662701949784,0.00838698291289347
"ZNF682",0.0525179927520617,0.129947365282275,0.0153905650214992
"ZNF684",0.0683051748015249,0.142471519718032,0.0113687366967524
"ZNF75D",0.0164839871707352,0.0990875808611135,0.0210589651997818
"ZSCAN29",0.0714972697176572,0.144529511480867,0.00229549981523813
"ASCL1",0.360718778745611,0.415253676078736,0.00119508819596675
"ATF3",0.000171445326512272,0.0952255610568982,0.00317299991258629
"BARHL1",0.0225713359519547,0.101065560189426,0.0615376169164631
"BATF::JUN",0.00870676460864339,0.0990875808611135,0.0999720567205047
"BCL6",0.0443366414378904,0.12565362057734,0.0128300225452319
"CDX1",0.0750961614063259,0.148314918777494,0.00379803975306631
"E2F2",0.199737486777054,0.268583173708719,0.017811634553108
"E2F3",0.279560528979103,0.343072338475327,0.0101270947792491
"E2F4",0.170901755155317,0.24547706649582,0.0172883669366177
"EMX1",0.112673498319518,0.190400136197689,0.00681132902659309
"FOXD2",0.018305813365032,0.0996693971473468,0.0106508471974355
"GATA5",0.347705448395178,0.40694415441806,0.00599243282977907
"GFI1",0.422756214930354,0.472888367851299,0.0033725547184244
"GLI2",0.0535265977347498,0.129947365282275,0.0108980038281157
"GSX2",0.254042547556068,0.317040422996346,0.00366741140082272
"HES1",0.0659060952941465,0.141059578159122,0.0249608407593601
"HES2",0.0602724449602851,0.136508539708502,0.0271272736343676
"HOXA13",0.144212843830762,0.222078874371576,0.00354288238330852
"HOXA2",0.353562438532197,0.408722003609635,0.00343259464723455
"HOXA5",0.256185237798427,0.318718642300405,0.0151804983993445
"HOXA9",0.0217821981317149,0.101065560189426,0.00877988584240635
"HOXB2",0.585863393413882,0.619173352236745,0.00257788464131148
"HOXB5",0.247101942964148,0.311493115017994,0.0176087239785655
"HOXC9",0.0232349708295726,0.101065560189426,0.0115710368922705
"HOXD13",0.0529553928837222,0.129947365282275,0.00276550890190541
"HOXD3",0.340422632099451,0.400463544215383,0.00493653162887897
"HOXD8",0.143281138234334,0.221520479198514,0.0107034565325422
"HOXD9",0.281027754127271,0.343538763265832,0.0031716523102055
"JUNB(var.2)",0.290152815039991,0.352647267510142,0.00636989631118262
"LHX9",0.49622251122134,0.537929034462928,0.00268390190307832
"LMX1A",0.52802300195904,0.568501767015525,0.00387716113824471
"LMX1B",0.592837844974177,0.6244558633728,0.00266666787576414
"NEUROG1",0.349846095152648,0.408692665686642,0.00524322393641025
"NRL",0.119898447924922,0.196820309320911,0.0171710395670963
"PITX1",0.215597830061888,0.285058218826597,0.00173473754318576
"PRRX2",0.169521247481832,0.244287827561482,0.00639950179304483
"SOX4",0.0726560914650566,0.145312182930113,0.00660236216260179
"SOX8",0.178037227080888,0.249861794884477,0.00726969478883982
"SP1",0.129700283624731,0.20804715545896,0.0118970984479379
"SP2",0.0225757857153179,0.101065560189426,0.0205000346905432
"SP3",0.0592239518347793,0.136508539708502,0.0236419583700457
"TCFL5",0.395713998728741,0.447390424323013,0.00523728958716868
"TFEC",0.0530665600041819,0.129947365282275,0.030339579277001
"ZNF740",0.00478183002873238,0.0960669142263513,0.0280426193294797
"ASCL1(var.2)",0.00631667315559941,0.0960669142263513,0.00477988944667029
"ATF2",0.130938633546001,0.209207092730415,0.00669028166440044
"BACH1",0.00294284699077323,0.0960669142263513,0.0500727244986743
"BATF",0.00558244730892625,0.0960669142263513,0.10089879867755
"BHLHE22(var.2)",0.338200557623669,0.398773791824923,0.0028238155468982
"CEBPG(var.2)",0.00336762374231276,0.0960669142263513,0.00592647525259882
"EBF3",0.0597847544394734,0.136508539708502,0.0174286574313032
"HAND2",0.246141794903926,0.311493115017994,0.00336696404985964
"MEIS1(var.2)",0.362542677596401,0.416238958375837,0.00311509205268112
"MEIS2(var.2)",0.0412586456405775,0.120719740948356,0.0103080157059605
"MYF5",0.22299300235976,0.2911809452301,0.00271409986422033
"NEUROG2(var.2)",0.210858405730984,0.279376336314427,0.00549482074961932
"NFIB",0.491262070403787,0.5343849027456,0.000862926780934248
"NFYC",0.0165150358240897,0.0990875808611135,0.013016263083143
"NKX2-2",0.0598186431820089,0.136508539708502,0.0128154686811446
"OSR2",0.174626416343427,0.248321208946877,0.00256342823727818
"PRDM4",0.0151997027544064,0.0990875808611135,0.0121306876661983
"TCF12(var.2)",0.00808676594335155,0.0981817026279749,0.00749693433731824
"ZBTB12",0.00981567621926789,0.0990875808611135,0.0133698772402273
"ZBTB14",0.149094803510313,0.226509413025283,0.00582347022777874
"ZFP42",0.89787817882812,0.906008643111117,0.00017333404203973
"ZKSCAN5",0.119267126434906,0.19680632873854,0.011284020684636
"ZNF148",0.0823351542631917,0.156734390043184,0.00913332507481285
"ZNF16",0.0211297629818225,0.101065560189426,0.00819320017559683
"ZNF341",0.242206239028405,0.308930760650348,0.00327572555513711
"ZNF449",0.0800220292067032,0.15462584929936,0.011994026082865
"ZNF652",0.410270023769392,0.46006191776517,0.00314710064471863
"FOXA3",0.0682717227372424,0.142471519718032,0.0152873921979944
"ATF4",0.02544027912972,0.10176111651888,0.013762774990752
"BATF3",0.0108987169741248,0.0990875808611135,0.0996737091294527
"CDX2",0.611362471318814,0.640764646556369,0.000753110265129531
"CEBPA",0.0893520403898542,0.163682578337356,0.00511619177555939
"CEBPD",0.000759028661235449,0.0960669142263513,0.0112959876365297
"CREB1",0.0644251723825019,0.139919962012856,0.0167456690319081
"CTCFL",0.463872202998339,0.509856056165131,0.000340261457571267
"E2F6",0.0564809987585608,0.135212087937161,0.00126385757625275
"EBF1",0.0111679663894542,0.0990875808611135,0.0192230540963683
"EGR1",0.218255983595288,0.286177970191332,0.00405682259583029
"EHF",0.552917650067489,0.589281542736346,0.00373034327065636
"ELF1",0.270873661950219,0.334359676469802,0.00914555437036907
"ELF3",0.362891876685263,0.416238958375837,0.00681088376620576
"ESRRA",0.245735093370122,0.311493115017994,0.00629028968798623
"ETV1",0.169546883060249,0.244287827561482,0.014562183001989
"ETV4",0.432257311802195,0.479274773787697,0.00551657107957432
"ETV5",0.288460549834442,0.351266026002635,0.00711950401219352
"FOSL1",0.0067852325180537,0.0960669142263513,0.0930081266696797
"FOXA1",0.230125894682808,0.296210927575427,0.00909250648402321
"FOXA2",0.179303324259247,0.249861794884477,0.0108563406294672
"FOXK2",0.168438128593337,0.244287827561482,0.0141391278995707
"FOXP1",0.105367602344862,0.183956698016444,0.0115900467930076
"GABPA",0.208367613681065,0.276656159341246,0.0123252439819806
"GATA1",0.1778731378295,0.249861794884477,0.00610928164918978
"GATA4",0.435795280871576,0.481508072571392,0.00431256236258998
"GATA6",0.739526706267857,0.763694245688375,0.00150718076035211
"GRHL2",0.00439238628856047,0.0960669142263513,0.0106560425793669
"HLF",0.102331590742959,0.179422740759063,0.0104514471954882
"HNF4A",0.578680382901665,0.613634231533309,0.00214253919812196
"HNF4G",0.710298040130715,0.7347109023938,0.00127482374435994
"HOXB13",0.00955266662873803,0.0990875808611135,0.0114356377648411
"JUNB",0.00743004151838076,0.0960669142263513,0.0989385327308491
"JUND",0.0138066386150704,0.0990875808611135,0.0958564162093061
"KLF4",0.0387811441706554,0.117911445873292,0.0241755832418443
"KLF9",0.24458833818903,0.311025814357077,0.00470266458523116
"LHX2",0.333817822354325,0.395080269153434,0.00797022963926936
"MAFF",0.00768957185106577,0.0960669142263513,0.0144377726602432
"MAFG",0.0130686715174563,0.0990875808611135,0.0135262372276891
"MAFK",0.110167778105276,0.187955035275086,0.0133001952083911
"MEF2A",0.0162932424750419,0.0990875808611135,0.0141413815114038
"MITF",0.0979384724503946,0.175345933678893,0.0251792495801422
"MXI1",0.0369171004707661,0.116275531401752,0.00605888257533749
"MYOD1",0.0928605522170825,0.168796172460232,0.00365605008743852
"MYOG",0.536108454558375,0.574272107255751,0.00135541921121979
"MZF1",0.0400410735892891,0.119933452646591,0.0264584231313773
"NFE2L1",0.000519959068109699,0.0960669142263513,0.0328194118606763
"NFIL3",0.0254289334352802,0.10176111651888,0.0155214578984598
"NFYB",0.102183307022311,0.179422740759063,0.00844856136417493
"NKX2-5",0.0949049915625032,0.171371299050006,0.010435551496954
"NR4A1",0.0231904975238353,0.101065560189426,0.0209562477364221
"ONECUT1",0.053046099777634,0.129947365282275,0.0107866879425932
"OTX2",0.80093705665669,0.817758028767412,0.00047471810128602
"PBX2",0.0677835423690832,0.142471519718032,0.00947561158444166
"PHOX2B",0.178781812434505,0.249861794884477,0.00574505624871263
"PKNOX1",0.0526013307286378,0.129947365282275,0.00492190353331667
"POU2F3",0.0027318380705101,0.0960669142263513,0.0239976903352448
"PRDM1",0.0332788229604236,0.114278945052001,0.0117764923910266
"RFX1",0.0390208199213497,0.117995972202359,0.0185851358434915
"RFX3",0.0510868033890719,0.129947365282275,0.0197523009411042
"RUNX3",0.00225177264822622,0.0960669142263513,0.0174605153093169
"SCRT1",0.161252781061568,0.24004417494042,0.00548142827178782
"SCRT2",0.0621698070927054,0.137964400279214,0.0049994756351085
"SNAI2",0.0187554187646301,0.100452751349544,0.0099859602268072
"SOX2",0.355094589183474,0.409525146649554,0.00511983394805465
"SPI1",0.631972932750804,0.658001471990953,0.00314415653085165
"SPIB",0.984939486381589,0.984939486381589,0.000117299953157457
"SREBF1(var.2)",0.0731182254104931,0.145775137095999,0.0139560701816703
"TCF3",0.00249534859721188,0.0960669142263513,0.0107223584527555
"TCF4",0.0234525714828515,0.101065560189426,0.00543820891071878
"TCF7",0.0235522521208578,0.101065560189426,0.00920980050974035
"TEAD1",0.182213775816537,0.252541899815902,0.00442304638169028
"TEAD4",0.158405332391034,0.237796128434996,0.00446530456851679
"TFAP2A",0.00106990832094391,0.0960669142263513,0.0114029216612147
"TFAP2C(var.2)",0.0127231106059122,0.0990875808611135,0.00310753330625635
"TWIST1",0.3249169674647,0.387448157429604,0.00373592566631603
"USF1",0.0802488584971361,0.15462584929936,0.0225425816255376
"USF2",0.088817017434956,0.163546348037473,0.0208471066093373
"YY2",0.185225727983659,0.255586093661047,0.017456659664061
"ZNF263",0.0297701398919267,0.110674873009986,0.0163850420685569
"CREM",0.0496121636118189,0.129947365282275,0.00698517274362204
