"","motifs","p_value","p_value_adjusted","mean_difference"
"FOXF2","FOXF2",0.854917408581915,0.89845209539273,0.000331212495048135
"FOXD1","FOXD1",0.00489886000208768,0.0137603534280863,0.00495254595366237
"NFIC::TLX1","NFIC::TLX1",0.00299359669778084,0.00918423841260919,0.00432701411044562
"ZNF354C","ZNF354C",0.00137117476560109,0.0045747235604148,0.0121368068059882
"NFKB2","NFKB2",0.0779917088421125,0.145733027908984,0.00983183248143303
"PAX1","PAX1",8.77145374909428e-12,6.15950974380843e-10,0.054567582378194
"PAX3","PAX3",0.0124911401157743,0.0307175118800363,0.00740576455831259
"PAX9","PAX9",1.00977337799272e-12,1.13434783942375e-10,0.0500958095306853
"PKNOX2","PKNOX2",4.12982754489787e-05,0.000228951842839952,0.0103529857204639
"POU1F1","POU1F1",0.000132044380119247,0.000616558204902407,0.0340157602682746
"POU2F1","POU2F1",0.000311505422695984,0.00128674135388145,0.0357868596233876
"POU3F1","POU3F1",0.000109332302012693,0.000527465762381847,0.0330559568755822
"POU3F2","POU3F2",0.000315201006070627,0.00129355218075738,0.0354825097823679
"POU3F3","POU3F3",6.99124070729465e-05,0.000365162324546299,0.029295400390145
"POU3F4","POU3F4",0.000134718749131076,0.000621476273363798,0.0514890517870531
"POU4F1","POU4F1",0.269244126305755,0.381943776714388,0.00236495281079584
"POU4F3","POU4F3",0.0141026119299763,0.0336333990179058,0.00498353862614937
"POU5F1B","POU5F1B",0.00017373937880549,0.000773262587359645,0.0445052464477672
"POU6F2","POU6F2",4.00658609622941e-05,0.000224085169275839,0.0124758713929862
"PROX1","PROX1",0.250862096705139,0.361974532232073,0.00308593512577043
"RFX2","RFX2",0.375345326121501,0.50213046828417,0.00266716195507281
"SMAD3","SMAD3",0.000399180615768039,0.00160689266984331,0.00796627402181478
"TGIF1","TGIF1",1.45621446956168e-07,1.93397723352622e-06,0.0115021711924823
"TGIF2","TGIF2",1.85017482288597e-05,0.000115773315649895,0.0113765428815318
"CTCF","CTCF",0.0276474486409577,0.0596354523586529,0.00569704714859614
"EWSR1-FLI1","EWSR1-FLI1",0.0192590297030783,0.0437831178861349,0.017970680473692
"RFX4","RFX4",0.0838923072713201,0.153236815593856,0.00234747000871169
"RFX5","RFX5",0.641371752868865,0.736994450569314,0.00151685177035284
"RUNX2","RUNX2",0.00703707679859336,0.0187655381295823,0.0217784683290754
"EOMES","EOMES",0.0300639679297544,0.0637598246027006,0.0152270962039057
"MGA","MGA",8.20843667493316e-07,8.4604403541344e-06,0.0192575832609047
"TBR1","TBR1",0.052684419629488,0.104377909736164,0.0132111520657748
"TBX15","TBX15",3.52937057528718e-07,4.05556764287545e-06,0.0214822589484417
"TBX19","TBX19",0.743551796253894,0.818684207722057,0.00091471627395535
"TBX1","TBX1",2.9091758743818e-07,3.4690550049232e-06,0.0184940495324441
"TBX4","TBX4",3.22397145014079e-06,2.58814807258901e-05,0.0176691345102719
"TBX5","TBX5",3.21017588734469e-06,2.58814807258901e-05,0.0177329679960585
"TEAD3","TEAD3",9.63478956307132e-07,9.51435469353293e-06,0.00762598809673068
"TFAP2A(var.2)","TFAP2A(var.2)",0.0164008630914759,0.0382485072834419,0.0072951546814397
"TFAP2B","TFAP2B",0.00411283879944578,0.0119784060887084,0.00938409553672935
"TFAP2B(var.2)","TFAP2B(var.2)",0.681203601431826,0.770162211278916,0.000604211139739531
"TFAP2B(var.3)","TFAP2B(var.3)",2.07191138444182e-05,0.000125908461054541,0.0110378197284729
"TFAP2C","TFAP2C",0.00190298566304264,0.00616762532842539,0.0098402001843001
"TFAP2C(var.3)","TFAP2C(var.3)",4.33609486433053e-06,3.15280360898718e-05,0.0120618284555855
"BHLHE40","BHLHE40",0.838049326025562,0.890163317727992,0.00169510659909852
"BHLHE23","BHLHE23",0.131199703725836,0.213706733903938,0.00296542383742141
"REST","REST",0.102620836106291,0.177688680600481,0.00322038155339015
"NFATC2","NFATC2",0.0126802984864804,0.0308228793979063,0.00821233807247639
"BHLHE22","BHLHE22",0.00571987755425445,0.0156791738370426,0.00507728902376313
"CLOCK","CLOCK",0.62600756059321,0.726142026684309,0.00460867783305356
"FIGLA","FIGLA",0.0139486682793385,0.0334861061720771,0.00879288977046189
"HES5","HES5",0.961386748561595,0.970601318036627,0.000335930470665668
"HES7","HES7",0.93682491342205,0.95188640720697,0.000521887851209518
"HEY1","HEY1",0.788208635958651,0.848743004941692,0.00246551742469295
"MAX","MAX",0.92164623001664,0.939484544145995,0.00135428399893739
"MNT","MNT",0.840976665882847,0.891773914157649,0.00224019428367213
"OLIG1","OLIG1",0.0289382220391682,0.0619964621313705,0.00416508740736326
"OLIG3","OLIG3",0.00237779976757954,0.0074028051877353,0.00799420680173869
"SREBF2(var.2)","SREBF2(var.2)",0.117165341669889,0.19537861724372,0.0101421435217528
"ATF7","ATF7",0.0474434069621869,0.0964123254022577,0.00844660885249456
"CEBPB","CEBPB",0.093194321227493,0.165605866474557,0.0174239909640646
"CEBPE","CEBPE",0.0781700893372556,0.145733027908984,0.0180459292813924
"CEBPG","CEBPG",0.0988944453552289,0.173133765829653,0.0148296296015146
"CREB3L1","CREB3L1",0.626182602124918,0.726142026684309,0.00338830889611583
"NFE2","NFE2",0.230313057664178,0.341685099633241,0.0121597562079118
"TEF","TEF",0.00317615318952396,0.00946853214990161,0.0169222488124431
"XBP1","XBP1",0.533535488453181,0.640991837672855,0.00323994998455318
"FOXB1","FOXB1",0.0157352889796535,0.0369691547774759,0.00733521476217752
"INSM1","INSM1",0.325237776910591,0.447821949907393,0.00366489312727044
"RARA::RXRA","RARA::RXRA",0.0433870204723389,0.0893179053371927,0.00468872645567228
"FOXC1","FOXC1",0.0792183300216869,0.146821069131103,0.00623914298867833
"FOXC2","FOXC2",0.131898566035104,0.213743317267143,0.00355919104521934
"FOXO4","FOXO4",0.107330457177156,0.183410549747567,0.00293980165746405
"FOXO6","FOXO6",0.107330457177156,0.183410549747567,0.00293980165746405
"FOXP3","FOXP3",0.107330457177156,0.183410549747567,0.00293980165746405
"RXRB","RXRB",0.295652679663634,0.413390472450037,0.00377537694399619
"RXRG","RXRG",0.378037960368348,0.502989454637466,0.00295032294768303
"TP63","TP63",0.110299386124195,0.186887967910163,0.00499698057169169
"TP53","TP53",0.0823787621887009,0.151788273187344,0.00276421411547034
"TP73","TP73",0.575194188935875,0.675692801872626,0.00156386181230774
"GMEB2","GMEB2",0.135867485526993,0.218494276979795,0.0142791167297307
"MTF1","MTF1",0.107376429440822,0.183410549747567,0.00466677868904254
"E2F1","E2F1",0.701510976341277,0.787486566692162,0.00155355714724346
"E2F8","E2F8",0.909928926478081,0.932050375257937,0.000276101720469729
"SOX21","SOX21",0.00451155912309871,0.0129018342343818,0.00566835047421947
"TFAP2A(var.3)","TFAP2A(var.3)",2.03674988735046e-05,0.000125908461054541,0.0118997614152643
"ELK1","ELK1",2.14512957513285e-05,0.000127898291649431,0.0236867243173757
"HOXD12","HOXD12",0.694257449929343,0.782682552610488,0.00128597121864752
"BARX1","BARX1",3.61508285441987e-09,8.15975844283341e-08,0.0133824508253783
"BSX","BSX",0.00481698110147461,0.0135907681077319,0.00583999735951573
"NR4A2","NR4A2",0.175822419467562,0.269708177435677,0.00456282258995277
"PLAG1","PLAG1",0.00196212320083,0.00626293870163918,0.0111193464350508
"DLX6","DLX6",0.0460669458650566,0.0942210672709248,0.00478447491615084
"DUXA","DUXA",0.135136791314886,0.217873602324,0.00482405212852654
"EMX2","EMX2",0.86242448680045,0.90035976387895,0.000350380750003501
"EVX1","EVX1",0.414264506178247,0.5398250884632,0.00161380985522229
"EVX2","EVX2",1.34219383129255e-05,8.65578062629481e-05,0.00895364821236112
"GBX1","GBX1",0.0337221587291488,0.0708053299562193,0.00381333151606039
"GBX2","GBX2",4.11663940177751e-06,3.06879611825476e-05,0.00999605391051893
"GSC2","GSC2",0.589514392990294,0.691230234452442,0.0012455295488846
"GSX1","GSX1",0.238680883888315,0.349181293095868,0.00198373362333281
"HESX1","HESX1",0.0666737009747963,0.128468838463632,0.00524181598814317
"HMBOX1","HMBOX1",2.11272233009483e-05,0.00012716576310666,0.00818374442769102
"HOXA10","HOXA10",0.0744551440399393,0.141900530383256,0.00330087923800545
"HOXB3","HOXB3",0.990748934196114,0.993664809980514,1.90946765915318e-05
"HOXC10","HOXC10",0.894353582502675,0.920572417168877,0.000440783478323385
"HOXC12","HOXC12",0.271366426938291,0.382820495145089,0.00366521961201383
"HOXC13","HOXC13",0.00336806478977324,0.00994680816419013,0.00504228318268947
"HOXD11","HOXD11",0.445990954435159,0.569426834753577,0.00190286237166925
"ISL2","ISL2",7.73433008672798e-06,5.25601786538933e-05,0.00641544618277733
"FOXK1","FOXK1",0.553738805004069,0.65618550134461,0.00158203144347982
"GATA2","GATA2",0.0965832259014931,0.170029523035498,0.00643245577660143
"ARNT::HIF1A","ARNT::HIF1A",0.810724152623608,0.868436719420543,0.001560851446849
"DUX4","DUX4",0.124575814828669,0.205031028572184,0.00418654107984203
"HIF1A","HIF1A",0.762634855112289,0.829578706421629,0.00172712784809841
"MYC","MYC",0.941772787717432,0.954181849274807,0.000856262417792755
"MYB","MYB",7.64805681440966e-05,0.000389804186024751,0.00929007873467195
"MYCN","MYCN",0.997457867880935,0.997457867880935,4.33232854706728e-05
"NEUROD1","NEUROD1",4.4900114334062e-08,7.4675979629282e-07,0.0127393640033746
"NFIC","NFIC",0.00897310517217835,0.023531130576003,0.00409059400884826
"NFYA","NFYA",0.0790107196535309,0.146821069131103,0.00437497374220995
"NR1H4","NR1H4",0.180205874102748,0.27509688993463,0.00499269015342416
"NR2F2","NR2F2",0.00051982778476087,0.00201552858876607,0.00883403670458997
"PAX5","PAX5",6.40587892977647e-13,1.01212887090468e-10,0.0165370504903719
"PBX3","PBX3",1.14164051185349e-06,1.11002585152524e-05,0.0077347477582876
"POU5F1","POU5F1",0.000713305537319991,0.00262098313712927,0.0380829422064095
"RBPJ","RBPJ",0.91687940604482,0.936135354798588,0.00035281702477356
"RELB","RELB",0.0456983748216264,0.0937706911924282,0.00635591596705137
"SIX1","SIX1",0.0019151695122598,0.00617544454973569,0.00560911899331576
"SIX2","SIX2",0.333089991737225,0.454671435805456,0.00314941273975481
"SOX10","SOX10",0.201058768221266,0.303267640849261,0.00301810013897618
"SOX13","SOX13",0.00023078284256852,0.000999005181529483,0.00509752615671747
"TEAD2","TEAD2",0.00306012609693068,0.0092535870490918,0.00530287253936356
"TFDP1","TFDP1",0.530851595099628,0.63904420591041,0.00203528543021586
"FOS","FOS",0.475251074660935,0.594258611555254,0.00945290625146783
"FOSL2","FOSL2",0.433650023053129,0.559320029733832,0.00916910659387361
"ZBTB7A","ZBTB7A",7.26295624943973e-05,0.000376244946692288,0.0273851379492408
"ZEB1","ZEB1",0.441924693277592,0.56767562225902,0.00298083288832894
"ZNF24","ZNF24",0.118442109665683,0.196987929759768,0.00246235413299802
"ZNF282","ZNF282",0.525504969195109,0.635027037344759,0.00244599695573588
"ZSCAN4","ZSCAN4",0.0105038926431852,0.0265538406019723,0.00773342502437847
"GATA3","GATA3",0.0351357710420538,0.0732864927345808,0.00995425080052025
"FOS::JUN","FOS::JUN",0.524557836039854,0.635027037344759,0.00839334825908573
"FOS::JUN(var.2)","FOS::JUN(var.2)",0.000264771177335189,0.00113064448699892,0.0162820866425266
"FOSB::JUN","FOSB::JUN",0.00464093832476558,0.0131527938172728,0.0131683757312732
"FOSL1::JUN","FOSL1::JUN",0.374932398896244,0.50213046828417,0.0122024113450614
"FOSL1::JUN(var.2)","FOSL1::JUN(var.2)",0.0143690844741599,0.0341400804047709,0.0100662522913023
"FOSL2::JUN","FOSL2::JUN",0.376164247647857,0.50213046828417,0.0128232365887052
"FOSL2::JUN(var.2)","FOSL2::JUN(var.2)",0.0266304193908046,0.0580359484654775,0.00943720175896362
"JUN::JUNB","JUN::JUNB",0.50012184038431,0.611954226433216,0.00828014197616378
"JUN::JUNB(var.2)","JUN::JUNB(var.2)",0.00301124582446428,0.00919375536744649,0.0119531979685678
"FOS::JUNB","FOS::JUNB",0.388848407325959,0.511983736312513,0.0123811868894011
"FOSB::JUNB","FOSB::JUNB",0.462946857218725,0.584698264490577,0.00994498790573382
"FOSB::JUNB(var.2)","FOSB::JUNB(var.2)",0.0139878671351714,0.0334861061720771,0.00979458024312269
"FOSL1::JUNB","FOSL1::JUNB",0.554300338888133,0.65618550134461,0.00929356338046551
"FOSL2::JUNB","FOSL2::JUNB",0.484502803834112,0.602214817317658,0.00994084980611694
"FOXH1","FOXH1",0.0248902377211027,0.0550022036354437,0.00429258043065158
"JUN","JUN",0.359786106939293,0.485864999114601,0.00335411298652824
"FOSL2::JUNB(var.2)","FOSL2::JUNB(var.2)",0.0187913784625932,0.0430295332911553,0.0105917006598625
"FOS::JUND","FOS::JUND",0.402497949982275,0.525575835514044,0.0109967344267464
"FOSL1::JUND","FOSL1::JUND",0.550848175544563,0.655623440572813,0.0090990283400539
"FOSL1::JUND(var.2)","FOSL1::JUND(var.2)",0.0127559656894569,0.0308880088725546,0.00988559534957372
"FOSL2::JUND","FOSL2::JUND",0.383988665977419,0.507700495601944,0.0118156982921665
"FOSL2::JUND(var.2)","FOSL2::JUND(var.2)",0.0215019285111391,0.0483602093204266,0.00925112998961162
"NR1H4::RXRA","NR1H4::RXRA",0.82814031649791,0.881118989943905,0.000926364671923821
"NR4A2::RXRA","NR4A2::RXRA",0.323214230275486,0.447821949907393,0.00456009636025278
"PPARA::RXRA","PPARA::RXRA",0.148293674031619,0.234304004969958,0.00596350278566473
"RARA::RXRG","RARA::RXRG",0.0830568661701327,0.152592847149779,0.00735921423291546
"RORB","RORB",0.000450158695321616,0.00177812684652038,0.0179536146538013
"RORC","RORC",0.000122765965742922,0.000587788563253988,0.0156133703820397
"SOX15","SOX15",0.0108105207432017,0.0272201159749141,0.00506315261148237
"TFE3","TFE3",0.233703838303302,0.345095387401137,0.00798765796146318
"VDR","VDR",0.0835575010354387,0.153067654070717,0.00162248941003544
"IRF3","IRF3",0.00611129084338331,0.0166479991940442,0.0179914264970017
"IRF4","IRF4",0.822880529307554,0.878518262135158,0.00199781093692729
"IRF5","IRF5",0.280527608671678,0.393985441512223,0.00623384662469385
"TCF7L1","TCF7L1",0.0868675053125035,0.157307344863903,0.00868955653809841
"ARGFX","ARGFX",0.00925447075482866,0.0239705963813595,0.00433556303188968
"JUN(var.2)","JUN(var.2)",0.376597851213128,0.50213046828417,0.0132349953438733
"JUND(var.2)","JUND(var.2)",0.49320356100316,0.607611404588688,0.00266713871223577
"ARNT2","ARNT2",0.458762251418839,0.582204303005434,0.00708285564575068
"ATF6","ATF6",0.857225654306671,0.89845209539273,0.000879429709434339
"ATOH1(var.2)","ATOH1(var.2)",7.56307088349254e-10,2.38993039918364e-08,0.024288754023571
"ATOH7","ATOH7",2.54052352076711e-06,2.16974441233083e-05,0.00887175574759896
"BACH2","BACH2",0.488020004413247,0.602399692947602,0.00776982905725836
"BACH2(var.2)","BACH2(var.2)",0.0872311860489049,0.157514598808308,0.00752391674012557
"BARX2","BARX2",0.0114896402627132,0.0283650493985732,0.00517780589672391
"BHLHA15(var.2)","BHLHA15(var.2)",1.14696207188262e-09,3.15165230186877e-08,0.0299895092677987
"CDX4","CDX4",0.00218520731252665,0.00683688624513289,0.00651902008433051
"CREB3L4","CREB3L4",0.507538495064071,0.618043022891123,0.00424214948574254
"CREB3L4(var.2)","CREB3L4(var.2)",3.23518509073626e-06,2.58814807258901e-05,0.0175709286565065
"DLX5","DLX5",0.636641027060418,0.734228337777708,0.000776720710703508
"DMRTA2","DMRTA2",0.564793131093245,0.664709979238232,0.00137210920428851
"DMRTC2","DMRTC2",0.0915002465038666,0.164284533495579,0.00466958869417299
"DPRX","DPRX",7.58301481051139e-08,1.16889399030322e-06,0.0107665916184959
"DRGX","DRGX",0.000448948210400804,0.00177812684652038,0.00807346682848236
"ELF2","ELF2",2.08427690316367e-06,1.85530000394287e-05,0.0352686212102131
"ETS2","ETS2",6.06341256602227e-05,0.000319339728477173,0.0310839674723997
"FERD3L","FERD3L",1.40321817534038e-11,8.86833886815122e-10,0.0153406771898213
"FOXE1","FOXE1",0.129833785417571,0.212216624634377,0.00167916241796802
"MEF2C","MEF2C",4.36186102902873e-05,0.000239712710464883,0.0231796538376728
"MAF::NFE2","MAF::NFE2",0.0852134961366609,0.154851997887721,0.0095109607457263
"FOXN3","FOXN3",0.000840350502292186,0.00296704758351207,0.00589456110962533
"GLI3","GLI3",2.071049807001e-06,1.85530000394287e-05,0.0185836985511801
"HES6","HES6",0.772649313106656,0.837588963779428,0.00198135970239146
"HNF4A(var.2)","HNF4A(var.2)",0.0154839856125495,0.0365144735340719,0.0090354544361528
"HOXA1","HOXA1",6.0122856826001e-07,6.55131819207459e-06,0.0169495404119183
"HOXA4","HOXA4",0.0931066026353995,0.165605866474557,0.00500900086843256
"HOXA6","HOXA6",0.172356995086017,0.265035573952221,0.00360841218165927
"HOXA7","HOXA7",1.34001343504893e-08,2.64652653422163e-07,0.0156404794776496
"HOXB4","HOXB4",0.361600869648932,0.486389289687605,0.00331066232572299
"HOXB6","HOXB6",0.486638856764066,0.602399692947602,0.00197778668610453
"HOXB7","HOXB7",0.00454592069750046,0.012941540003695,0.00702331699821579
"HOXB8","HOXB8",0.00116264540352957,0.00395049405930478,0.00914311787816623
"HOXB9","HOXB9",0.388694027543953,0.511983736312513,0.00254141661565093
"HOXC4","HOXC4",0.474020645128019,0.594258611555254,0.0023651856914684
"HOXC8","HOXC8",0.000200264270236062,0.00088508404747686,0.0125888518904903
"HOXD10","HOXD10",0.291366273845123,0.408300410355028,0.00313661184917677
"HOXD4","HOXD4",0.593614901600609,0.694749292243676,0.00165969194698894
"IKZF1","IKZF1",1.99032056911341e-07,2.51576519935935e-06,0.0641591290640552
"IRF6","IRF6",0.746258930089513,0.818811881625994,0.00054176341180338
"KLF10","KLF10",0.0505842148540709,0.101812814610742,0.0109709629023434
"IRF2","IRF2",0.422465966426341,0.549379610661414,0.00557519752069486
"MZF1(var.2)","MZF1(var.2)",0.447247024739546,0.569879273458454,0.00458635154689804
"NR2C2","NR2C2",0.0992853663670507,0.173337987690542,0.00565155039205123
"NRF1","NRF1",0.177991081794511,0.272373761971262,0.00653395725722182
"KLF11","KLF11",0.0245396262431351,0.0544176974935488,0.0116883307196255
"KLF15","KLF15",9.66239058736433e-06,6.36107380334819e-05,0.00905132613141157
"KLF17","KLF17",0.242359024330176,0.352928348794173,0.00646727089742948
"KLF2","KLF2",3.07915248227295e-05,0.000176911306254228,0.00928229328175433
"KLF3","KLF3",3.6636255374497e-06,2.8585325181089e-05,0.00991819532575028
"KLF6","KLF6",0.0229320451065395,0.0513938032174928,0.00893476320219675
"LHX1","LHX1",1.00173865697326e-08,2.04225429421646e-07,0.0167826667482559
"LHX5","LHX5",0.237316528831484,0.348800107491855,0.00338084204688015
"MAF","MAF",0.854532831600688,0.89845209539273,0.000341533214694677
"MAFA","MAFA",0.465238392469265,0.585718454264095,0.00138265087805834
"MAZ","MAZ",0.0171998411884953,0.0396726263909819,0.00595593929206166
"MSANTD3","MSANTD3",0.734825667449903,0.810488345250155,0.000594362364700684
"MSGN1","MSGN1",0.0193452816706995,0.0438215699493982,0.00351782320724426
"NFATC4","NFATC4",0.181913550281043,0.277034611512335,0.00479290453204689
"NFIC(var.2)","NFIC(var.2)",0.00990433246709123,0.0254452769073238,0.0043845054670863
"NFIX(var.2)","NFIX(var.2)",0.0692192678237646,0.132565385650361,0.00719310918391011
"NHLH2","NHLH2",4.87368026117083e-11,2.20011851789998e-09,0.0192623507338569
"NKX6-3","NKX6-3",0.710308192351971,0.791736821104843,0.00110367680900027
"NR1D1","NR1D1",0.000131966578349341,0.000616558204902407,0.0207889914106625
"NR1D2","NR1D2",0.644050396664486,0.737480005550064,0.0011645383881783
"POU2F2","POU2F2",0.000555998821197259,0.00212964396967677,0.0372092841328351
"SMAD2::SMAD3::SMAD4","SMAD2::SMAD3::SMAD4",2.05604175165274e-05,0.000125908461054541,0.0100370059231402
"NR1I2","NR1I2",0.00302629331545206,0.00919527584310432,0.00421402145415478
"NR1I3","NR1I3",0.237270869252966,0.348800107491855,0.00296347066264753
"NR2C1","NR2C1",0.00492329339417067,0.0137677939164419,0.0103459038698864
"NR2C2(var.2)","NR2C2(var.2)",0.0286447547051118,0.0615764795021451,0.00595753113713159
"NR2F1(var.2)","NR2F1(var.2)",0.269649323626755,0.381943776714388,0.00382860794979766
"NR2F1(var.3)","NR2F1(var.3)",0.656279646995948,0.748680030508013,0.00164163314141961
"NR2F6(var.3)","NR2F6(var.3)",0.114871886202899,0.19359741888062,0.00681663368310559
"NR5A1","NR5A1",0.000762937468618684,0.0027552941723829,0.00991618035019794
"NR6A1","NR6A1",0.0110049301268718,0.0275996660324722,0.00534557384701276
"OSR1","OSR1",0.00628444519039259,0.0169733733347355,0.00356239745828771
"OVOL1","OVOL1",0.794608049276292,0.854068515548668,0.00100427651965638
"OVOL2","OVOL2",0.0745426836823433,0.141900530383256,0.00612950661460873
"PAX3(var.2)","PAX3(var.2)",0.0175980807875339,0.0404435893008052,0.00487914838751603
"PITX2","PITX2",1.51159073048638e-07,1.94964355442325e-06,0.0116337470456239
"PLAGL2","PLAGL2",0.991930299553888,0.993664809980514,4.54664973732477e-05
"POU6F1(var.2)","POU6F1(var.2)",0.00137531246278293,0.0045747235604148,0.00826067886878326
"PPARD","PPARD",0.116058148461253,0.194511877986183,0.00475875967543153
"RARB(var.3)","RARB(var.3)",1.44341275824705e-06,1.36154755703304e-05,0.0058887188616257
"RARG(var.3)","RARG(var.3)",0.001320225967504,0.0044382064439496,0.0058891528051942
"RFX7","RFX7",0.823591142179117,0.878518262135158,0.0014660883801785
"STAT1::STAT2","STAT1::STAT2",4.95430781749919e-05,0.000267617311167478,0.0243483461682562
"TCF7L2","TCF7L2",0.0661586874738723,0.127866331753784,0.0126481383117436
"RXRB(var.2)","RXRB(var.2)",0.042255674653569,0.0875592996100183,0.00408975894047147
"RXRG(var.2)","RXRG(var.2)",0.126061659041305,0.206937580556117,0.00353685256814624
"SMAD5","SMAD5",0.534497940591131,0.640991837672855,0.00160696626590302
"SNAI1","SNAI1",0.559811548676377,0.661310091146673,0.00247693943474775
"SNAI3","SNAI3",0.124079427205168,0.20474725324717,0.00666472808027031
"SOHLH2","SOHLH2",0.906213898564891,0.929751921904238,0.000865239279896242
"SOX12","SOX12",0.141551394201429,0.22534126230555,0.00260345057776664
"SOX14","SOX14",0.0111145836949179,0.02776449365687,0.00309712941867137
"SOX18","SOX18",0.000388841780409931,0.00157530772576331,0.00502183841530202
"SP9","SP9",0.00414461705532745,0.0120155870594814,0.0127730156282321
"TBX18","TBX18",0.000871912640308808,0.00304446844571915,0.0137712981383578
"TBX3","TBX3",0.000755202634974734,0.00274303485806915,0.0145112396022413
"TBX6","TBX6",0.000848929176793641,0.00298068466518656,0.0149357282762357
"TCF21(var.2)","TCF21(var.2)",6.73692526311728e-08,1.06443419157253e-06,0.0105604075903494
"TFAP2E","TFAP2E",0.000149019169432258,0.000677554784756742,0.0090492963946626
"TFAP4(var.2)","TFAP4(var.2)",0.000104139801883565,0.000506279652233945,0.0101336934531358
"TGIF2LX","TGIF2LX",0.000563631229155931,0.00214587311341294,0.00872442295516432
"TGIF2LY","TGIF2LY",0.000274931261008195,0.0011583770463812,0.0113856429842831
"THAP11","THAP11",0.706716086740395,0.7891246763603,0.000251106012573818
"THRB","THRB",0.136667068614713,0.21922230295558,0.00409729098592824
"ZBTB33","ZBTB33",0.00174260555288292,0.00567694180114435,0.0257279615189933
"ELK4","ELK4",9.26246567276257e-05,0.000457334242592652,0.0324020660711175
"THRB(var.2)","THRB(var.2)",0.0543401396488004,0.106655180925596,0.0058770923178139
"THRB(var.3)","THRB(var.3)",0.5477572005663,0.653174624071512,0.00229702832207172
"TLX2","TLX2",0.0250947567478174,0.0552609277512913,0.00537758654882579
"VEZF1","VEZF1",0.334527656873119,0.455649739534075,0.00613586893000381
"ZBTB26","ZBTB26",0.150559923245512,0.236113825040108,0.00359922775673685
"ZBTB32","ZBTB32",0.42530353624678,0.55193395258309,0.00190779819688046
"ZBTB6","ZBTB6",0.00106680738607784,0.00370451795605051,0.00803493092512616
"ZFP57","ZFP57",0.515687824491605,0.625556055813233,0.00565001878767137
"ZIC5","ZIC5",0.728929264242622,0.806532950026456,0.00069726438824785
"ZKSCAN1","ZKSCAN1",0.000272709101957636,0.0011567258552834,0.00876421651675356
"ZNF135","ZNF135",0.000415090367491474,0.00166036146996589,0.0154532233903417
"ZNF136","ZNF136",0.31093808241001,0.432847727055344,0.0030380897194939
"ZNF140","ZNF140",0.603297517180751,0.703476071694159,0.00114508700191877
"ZNF274","ZNF274",0.216586310443088,0.323599404728207,0.00505770416266071
"ZNF317","ZNF317",0.00857638533178276,0.0225844813736946,0.00656066622095282
"ZNF382","ZNF382",0.886396420247338,0.916861763660095,0.000512302817325044
"ZNF460","ZNF460",0.000380263134773943,0.00155049226565891,0.00910740539335567
"ZNF528","ZNF528",0.00207045687266235,0.00656343366787393,0.0109683711260626
"ZNF682","ZNF682",0.749078766497748,0.819061903852209,0.000989926006704101
"ZNF684","ZNF684",0.244661199545011,0.355461788764245,0.00326975299870428
"ESR2","ESR2",0.0956798495320966,0.168909678503589,0.00611539120583205
"IRF1","IRF1",4.56402934421282e-05,0.000248660909098492,0.0158261153637393
"ZNF75D","ZNF75D",0.402480577879268,0.525575835514044,0.00364045467041653
"ZSCAN29","ZSCAN29",0.662150111028547,0.754015982288364,0.00057530750659946
"ASCL1","ASCL1",1.07691250578204e-12,1.13434783942375e-10,0.0265025335263055
"ATF3","ATF3",0.051498249733217,0.102996499466434,0.00650739358282525
"BARHL1","BARHL1",0.451205489602553,0.5737663368789,0.00943195004661855
"BATF::JUN","BATF::JUN",0.495127659510212,0.608795098853023,0.0114532933339542
"BCL6","BCL6",0.307551809260604,0.429078903869098,0.00282641230674015
"CDX1","CDX1",0.0305623527199191,0.064600023140431,0.00483773072912964
"E2F2","E2F2",0.636628280697216,0.734228337777708,0.00171405149012379
"E2F3","E2F3",8.96058556132002e-05,0.000445912604311359,0.0164566447187022
"E2F4","E2F4",0.878017703242148,0.911177649341605,0.000512389994356131
"EMX1","EMX1",2.81462030832374e-11,1.48236669571717e-09,0.0224208641882496
"FOXD2","FOXD2",0.116337800441103,0.194511877986183,0.00471535103633009
"GATA5","GATA5",0.327529162449875,0.449020456981174,0.00361937388228662
"GFI1","GFI1",0.120397728701302,0.199714867557015,0.00208518256263643
"GLI2","GLI2",5.61306003463266e-07,6.26239262285145e-06,0.0199757883899423
"GSX2","GSX2",0.0516933830464928,0.103060624875027,0.00578640422424747
"HES1","HES1",0.677980961765448,0.767892415476278,0.00288547893534556
"HES2","HES2",0.877747257428655,0.911177649341605,0.00114048903772713
"HOXA13","HOXA13",0.0384801366044236,0.079998178730249,0.00263990360546506
"STAT1","STAT1",0.8808603131054,0.912629045709202,0.000805316747352389
"STAT3","STAT3",0.563818809573328,0.664709979238232,0.00251066524480816
"HOXA2","HOXA2",6.12213329677351e-11,2.57945882904057e-09,0.0150469886329119
"HOXA5","HOXA5",1.2184126463256e-06,1.16672241284512e-05,0.0182105314911997
"HOXA9","HOXA9",0.016985748891124,0.0393223197772541,0.00781167969092233
"HOXB2","HOXB2",1.13050368396217e-09,3.15165230186877e-08,0.0153936847551101
"HOXB5","HOXB5",1.06517925310632e-07,1.56556578596091e-06,0.0215147998377137
"HOXC9","HOXC9",0.361713554039833,0.486389289687605,0.00272732019862522
"HOXD13","HOXD13",0.325021304111214,0.447821949907393,0.00121466530916684
"HOXD3","HOXD3",0.27014061422679,0.381943776714388,0.00230327573712629
"HOXD8","HOXD8",1.86614599094511e-06,1.70928154532943e-05,0.0124959342339782
"HOXD9","HOXD9",0.0539010540703265,0.106122947577715,0.00412950994343276
"JUNB(var.2)","JUNB(var.2)",0.00428049343619362,0.0123528395053624,0.0115220506631091
"LHX9","LHX9",0.0032416586183466,0.0096184424732162,0.00533188438413015
"LMX1A","LMX1A",0.0490374923036791,0.0993323562048885,0.00379691147281942
"LMX1B","LMX1B",0.343078432115911,0.465290920809562,0.00188386954267223
"NEUROG1","NEUROG1",0.266248068652418,0.378983737361099,0.00191865412185009
"NRL","NRL",0.00055572563042379,0.00212964396967677,0.00784544998199051
"PITX1","PITX1",0.0240238947555006,0.0534616249488604,0.00329841561996483
"PRRX2","PRRX2",1.43183583704058e-07,1.93397723352622e-06,0.0109802759490534
"SOX4","SOX4",0.808293888142126,0.8673034589233,0.000570704218345881
"SOX8","SOX8",8.87905602490225e-09,1.87052113591274e-07,0.00957656878098561
"GATA1::TAL1","GATA1::TAL1",0.399001531084574,0.523172132044504,0.00206817980857327
"YY1","YY1",0.00573083727271651,0.0156791738370426,0.00764700565761008
"SP1","SP1",0.0926329239373535,0.165605866474557,0.00408222721859393
"SP2","SP2",0.16161628003454,0.251580022122732,0.00690457161870291
"SP3","SP3",0.00923253481017632,0.0239705963813595,0.0118494063655684
"TCFL5","TCFL5",0.000132677082067607,0.000616558204902407,0.0115225080924423
"TFEC","TFEC",0.898044315812924,0.922868305030517,0.000997694052244688
"ZNF740","ZNF740",0.202771627153179,0.305123019906689,0.00932398627986105
"ASCL1(var.2)","ASCL1(var.2)",0.00207703597084618,0.00656343366787393,0.00962121141414254
"ATF2","ATF2",0.133067257444238,0.215085694897081,0.00325836045177538
"BACH1","BACH1",0.912476097533393,0.933147077089165,0.0010043659228075
"BATF","BATF",0.49787908831081,0.610989483130936,0.0116376168596469
"BHLHE22(var.2)","BHLHE22(var.2)",1.89984205876915e-11,1.09154561922009e-09,0.0282058119346671
"CEBPG(var.2)","CEBPG(var.2)",0.0126266480662721,0.0308118801709335,0.00973796574145306
"EBF3","EBF3",2.0244162983148e-12,1.59928887566869e-10,0.0599798283616037
"HAND2","HAND2",2.81087058889287e-09,6.57951930437145e-08,0.0130862141513604
"MEIS1(var.2)","MEIS1(var.2)",6.97872568457957e-07,7.47551632653269e-06,0.0206109981886897
"MEIS2(var.2)","MEIS2(var.2)",8.06633212781154e-06,5.42332117529457e-05,0.0218325289688211
"MYF5","MYF5",1.78541244498917e-09,4.33992563551214e-08,0.0296515399567201
"NEUROG2(var.2)","NEUROG2(var.2)",2.21540466798364e-06,1.9446329863412e-05,0.00905834696017487
"NFIB","NFIB",0.11595106586235,0.194511877986183,0.00333269322746868
"NFYC","NFYC",0.110023204880146,0.186887967910163,0.00423973688750818
"FOXP2","FOXP2",0.138441894705445,0.221507031528711,0.00366815892436048
"SREBF1","SREBF1",0.131628701318188,0.213743317267143,0.00252575209896929
"NKX2-2","NKX2-2",0.166061368817394,0.255977524616081,0.00365514480415097
"OSR2","OSR2",1.11278202001145e-07,1.59835962874372e-06,0.0107023983792497
"PRDM4","PRDM4",0.000278961083543795,0.00116757221721641,0.0137157089898866
"TCF12(var.2)","TCF12(var.2)",0.788310354273375,0.848743004941692,0.000969337896034417
"ZBTB12","ZBTB12",0.322538863387304,0.447821949907393,0.00258639904595084
"ZBTB14","ZBTB14",8.44836676390699e-06,5.6203871524097e-05,0.0141240596864433
"ZFP42","ZFP42",0.00195392728475292,0.00626293870163918,0.00213111688966289
"ZKSCAN5","ZKSCAN5",0.000682723034190422,0.00252328045384998,0.0208029530573741
"ZNF148","ZNF148",0.331492054983986,0.453469650973765,0.00365156768680557
"ZNF16","ZNF16",0.252415988549105,0.363387026795067,0.00280888914500391
"ZNF341","ZNF341",0.00287689373937537,0.00891272962394721,0.00556187729198311
"ZNF449","ZNF449",0.335743101335152,0.456321806545842,0.00264045473059763
"ZNF652","ZNF652",0.0798638696031265,0.147584694705193,0.00419845010829487
"FOXA3","FOXA3",0.780340006884473,0.843033990343567,0.000822496251925042
"ATF4","ATF4",0.475783002289491,0.594258611555254,0.0024724513804503
"BATF3","BATF3",0.428348594496223,0.554746540413141,0.0131795587398306
"CDX2","CDX2",0.256022879714663,0.366908072516251,0.00172738270886892
"CEBPA","CEBPA",0.000771651408038036,0.00277093005613658,0.0216787010318925
"CEBPD","CEBPD",0.00310020562125616,0.00928592394613218,0.0228338966438999
"CREB1","CREB1",0.8680040556877,0.903753810864294,0.000620620312807251
"SREBF2","SREBF2",4.69789332601893e-06,3.37394157050451e-05,0.00547465527038556
"THAP1","THAP1",0.485011617111848,0.602214817317658,0.00128199752438479
"CTCFL","CTCFL",0.0589954993259178,0.115077640660432,0.00246175372846356
"E2F6","E2F6",0.775889834299438,0.839661601502132,0.000854584727981399
"EBF1","EBF1",3.49856571038107e-11,1.70084117612372e-09,0.0516115165579651
"EGR1","EGR1",1.7048855890969e-05,0.000107748769230924,0.015288555390074
"EHF","EHF",2.65077489282641e-08,4.7865420921894e-07,0.0863892939987908
"ELF1","ELF1",2.77422062088147e-06,2.33774324319612e-05,0.0616343061193945
"ELF3","ELF3",5.64804397947045e-07,6.26239262285145e-06,0.0737496765168882
"ESRRA","ESRRA",0.00700876469487271,0.0187655381295823,0.0076801799206894
"ETV1","ETV1",2.53036679158477e-05,0.000146714845163447,0.0556404962577108
"ETV4","ETV4",4.34009357566273e-06,3.15280360898718e-05,0.0584150041539929
"ETV5","ETV5",3.07480879823386e-06,2.55694626379447e-05,0.0432603687587454
"FOSL1","FOSL1",0.443966115664001,0.567989038663256,0.0123815006905546
"FOXA1","FOXA1",0.515055117844784,0.625556055813233,0.00123143422059798
"FOXA2","FOXA2",0.942103598018164,0.954181849274807,0.000161862967764173
"FOXK2","FOXK2",0.987144307238056,0.99343185059626,4.39803892428384e-05
"FOXP1","FOXP1",0.978444341499609,0.986246927954949,6.55758603901567e-05
"GABPA","GABPA",4.12733655145023e-06,3.06879611825476e-05,0.0630193860330718
"GATA1","GATA1",0.220930637227139,0.328911975755566,0.00282773081545689
"GATA4","GATA4",0.257791177744059,0.368606389896483,0.00400149116455863
"GATA6","GATA6",0.0496221842045762,0.100195592387515,0.00724564211511723
"KLF5","KLF5",0.0675548052153608,0.129770932814918,0.00896348507808537
"DMRT3","DMRT3",1.24415803562994e-07,1.74735084115138e-06,0.0119696773278083
"GRHL2","GRHL2",0.892131512769622,0.919783223605874,0.000310888112140365
"HLF","HLF",9.4411790795355e-07,9.47115107661339e-06,0.0239015174258116
"HNF4A","HNF4A",3.63898557354367e-06,2.8585325181089e-05,0.00665757718230725
"HNF4G","HNF4G",4.88845618295573e-06,3.47135315463822e-05,0.00666729212600753
"HOXB13","HOXB13",0.652157856622181,0.745323264711063,0.00136331037894232
"JUNB","JUNB",0.481933428996842,0.600753307940837,0.0122702090364597
"JUND","JUND",0.53745921330527,0.643322391683581,0.0104142341079873
"KLF4","KLF4",0.0766140243299388,0.144107331477742,0.00964628655317113
"KLF9","KLF9",6.54947592496178e-06,4.49920520062592e-05,0.0141375368348146
"LHX2","LHX2",2.35550556445497e-05,0.000139128926797714,0.00779812478251742
"MAFF","MAFF",0.000203056608838688,0.000891192894347577,0.00879143203900487
"MAFG","MAFG",0.00345457102097628,0.0101548320244512,0.00657553810319956
"MAFK","MAFK",0.863319647010513,0.90035976387895,0.000414827222157207
"MEF2A","MEF2A",0.000172388649013437,0.00077269238423044,0.0207958801350913
"MITF","MITF",0.0271311513256312,0.0589240125010272,0.0165421089528014
"MXI1","MXI1",0.279766712060859,0.393791897600141,0.00178263336252002
"MYOD1","MYOD1",0.027518083375586,0.0595596873060628,0.00681846320462838
"MYOG","MYOG",3.3918559242073e-10,1.33978309006188e-08,0.0307941462744359
"MZF1","MZF1",0.85685291933218,0.89845209539273,0.000894443009703452
"NFE2L1","NFE2L1",0.324244890397954,0.447821949907393,0.00737624646923264
"MAX::MYC","MAX::MYC",0.860934686055308,0.90035976387895,0.00216478536121327
"PPARG","PPARG",0.264191884240545,0.376905803250619,0.00439579997877433
"FOXG1","FOXG1",1.54136443867547e-05,9.83982146709995e-05,0.00914132279264673
"LBX1","LBX1",8.89807135163507e-08,1.33894787957937e-06,0.00972153804719313
"NFIL3","NFIL3",5.99888395003539e-05,0.000318596189615325,0.0166722475095724
"NFYB","NFYB",0.459738835236305,0.582274436611914,0.00153250206960624
"NKX2-5","NKX2-5",0.0548311550832224,0.107285727593178,0.00371120559324377
"NR4A1","NR4A1",0.00308637948298173,0.00928592394613218,0.0111734942401642
"ONECUT1","ONECUT1",0.70562679050878,0.7891246763603,0.00124164767978566
"OTX2","OTX2",0.382791802485892,0.507179075830364,0.0017503292067229
"PBX2","PBX2",8.29979908158754e-07,8.4604403541344e-06,0.0166006753929673
"PHOX2B","PHOX2B",0.0759515999817129,0.143287794592366,0.00387187676056946
"PKNOX1","PKNOX1",0.000127761628630596,0.000607107889432607,0.00556651811160116
"POU2F3","POU2F3",0.000458549920612727,0.00180002204861642,0.0441268351356635
"PRDM1","PRDM1",0.527463396117884,0.636177225852104,0.00194580982504565
"RFX1","RFX1",0.163642777055,0.253485870340098,0.00492641132143457
"RFX3","RFX3",0.744862425345714,0.818700961423463,0.00103997961148469
"RUNX3","RUNX3",0.205315893607264,0.308217683514942,0.00975554495084416
"SCRT1","SCRT1",0.500601795990463,0.611954226433216,0.00138938341357814
"SCRT2","SCRT2",0.397644229819653,0.522476410074887,0.0021793847992961
"SNAI2","SNAI2",0.164441790196687,0.254100761379722,0.00653566030244411
"SOX2","SOX2",6.44878812724411e-06,4.47871878727283e-05,0.0077733881995323
"SPI1","SPI1",4.14751386052111e-09,9.03871986154946e-08,0.0777954055969858
"SPIB","SPIB",4.05594949528976e-10,1.50785887119007e-08,0.0961008023095678
"NFATC3","NFATC3",0.101807774753692,0.176829524158847,0.00578866909314012
"POU6F1","POU6F1",0.00688028443512045,0.018503573459558,0.00789499427049828
"SREBF1(var.2)","SREBF1(var.2)",0.00786193969646535,0.0208770835637231,0.0158135668072964
"TCF3","TCF3",0.628631071879993,0.727646222395889,0.00206940382882264
"TCF4","TCF4",0.221182895088791,0.328911975755566,0.00442441908643696
"TCF7","TCF7",0.0043991798993179,0.0126376440744042,0.0180468309788639
"TEAD1","TEAD1",0.000302001093730243,0.00125568875814154,0.00643197069396213
"TEAD4","TEAD4",0.000619035946377744,0.00231497466337713,0.00734629819991511
"TFAP2A","TFAP2A",0.697819605458197,0.784736638166513,0.000981857784085674
"TFAP2C(var.2)","TFAP2C(var.2)",0.00625970648165036,0.0169733733347355,0.00663955502790309
"TWIST1","TWIST1",2.72967465921936e-08,4.79209551285177e-07,0.00949577205474442
"USF1","USF1",0.150125366644844,0.236113825040108,0.00835961171501032
"USF2","USF2",0.0769464140317865,0.144303067264359,0.010124857077242
"YY2","YY2",0.160968790933085,0.251190804616567,0.00454343393386824
"ZNF263","ZNF263",0.729963366163185,0.806532950026456,0.00174031035083859
"CREM","CREM",0.000681998158836884,0.00252328045384998,0.0115889847510396
"SHOX","SHOX",0.0254520710304053,0.0558531558722783,0.00445507453150413
"ALX3","ALX3",0.00109935732364966,0.00379668758768626,0.00622106441817372
"BARHL2","BARHL2",0.0085379377491292,0.0225773081901659,0.00761600500175362
"BHLHE41","BHLHE41",0.727828434258869,0.806532950026456,0.00287289740056199
"CENPB","CENPB",0.0100538502003809,0.0256211021235514,0.0106010142776694
"CREB3","CREB3",0.554435217908262,0.65618550134461,0.00351415777203342
"DBP","DBP",0.00015304168010179,0.000690873870173794,0.0213950842806732
"ELF4","ELF4",2.51634108481834e-07,3.05832224154844e-06,0.0448604652425197
"ELF5","ELF5",3.37385523954163e-08,5.76290949024408e-07,0.0656697320342776
"EN1","EN1",1.66036322898112e-08,3.17984715368505e-07,0.0200707850277903
"EN2","EN2",0.00560197314318821,0.0154604673646068,0.00570671252822609
"ESX1","ESX1",0.232329349605995,0.343869201290372,0.00246584028959536
"ETV6","ETV6",2.3735450397977e-07,2.94133424539637e-06,0.0626530935096517
"FLI1","FLI1",5.49945000483463e-05,0.000294546813818261,0.0342439273845001
"FOXI1","FOXI1",0.107330457177156,0.183410549747567,0.00293980165746405
"FOXL1","FOXL1",0.188834133620791,0.28688262607774,0.00187342414141639
"PAX6","PAX6",1.36858246127942e-14,8.64944115528593e-12,0.0326407291727163
"PBX1","PBX1",0.617237224873632,0.71840502047907,0.00105959727312803
"FOXO3","FOXO3",3.86130286734907e-06,2.9401727857405e-05,0.0103972141670907
"GCM1","GCM1",0.0163958579878394,0.0382485072834419,0.00461227517561032
"GRHL1","GRHL1",0.000101173185321948,0.000495670179251714,0.0116645873797977
"GSC","GSC",0.992092555534343,0.993664809980514,2.91046708136272e-05
"HEY2","HEY2",0.75231692982136,0.821181864675474,0.00313016423384489
"HINFP","HINFP",0.505374516504905,0.616595935195174,0.00212072927947566
"HNF1A","HNF1A",0.239857836784285,0.350092731749811,0.00357840137918476
"HNF1B","HNF1B",0.150312192671282,0.236113825040108,0.00262119641574379
"HOXC11","HOXC11",0.345633783021585,0.467752785588098,0.00332140880129977
"HSF1","HSF1",0.0659922290865945,0.127866331753784,0.00480538857930014
"IRF8","IRF8",0.769542255187648,0.835654132781089,0.00253385396769676
"IRF9","IRF9",0.640809069042074,0.736994450569314,0.0033209357336515
"ISX","ISX",7.74495032623094e-07,8.15801434362992e-06,0.00863967539448688
"JDP2","JDP2",0.475520958860834,0.594258611555254,0.00991513378449654
"JDP2(var.2)","JDP2(var.2)",0.129949104008709,0.212216624634377,0.00526894218911343
"KLF13","KLF13",0.145012230752042,0.229693558484438,0.00699999526893591
"LHX6","LHX6",0.010040203475024,0.0256211021235514,0.00700806028195352
"MEF2B","MEF2B",0.000140832453637199,0.000644971816657317,0.0213145557554322
"MEOX1","MEOX1",0.0524568509516922,0.104253867300218,0.00295684244892954
"MIXL1","MIXL1",0.379283577582869,0.503586598807507,0.00169454034882305
"RORA","RORA",0.00112585564372993,0.00386706938498543,0.0161961776570609
"RORA(var.2)","RORA(var.2)",0.0190193078966778,0.0433942331794237,0.00887057521371581
"MLX","MLX",0.443285147709972,0.567989038663256,0.0065470849014592
"MLXIPL","MLXIPL",0.48790883218709,0.602399692947602,0.00624949460034874
"MSC","MSC",1.81041055291092e-06,1.68261686682309e-05,0.0179998422515279
"MSX1","MSX1",0.112252207186744,0.189688221770113,0.00379629376650882
"MYF6","MYF6",3.38661660051668e-07,3.96359572504915e-06,0.017715777687452
"NEUROD2","NEUROD2",0.000784667024930462,0.00280174892517543,0.00638582643608429
"NEUROG2","NEUROG2",3.55921475770084e-05,0.000202650786204228,0.0076777060217038
"NFIA","NFIA",0.925924980747417,0.942326228393506,0.00024930230851522
"NFIX","NFIX",0.748591023132768,0.819061903852209,0.000899046650569221
"NHLH1","NHLH1",1.94301037333523e-12,1.59928887566869e-10,0.0239122859970602
"NKX2-3","NKX2-3",0.847300822835276,0.895475117110191,0.000565872549258644
"NKX2-8","NKX2-8",0.245677857415457,0.356120196987543,0.00244905948133203
"NKX6-1","NKX6-1",0.253647703845765,0.364330338251189,0.00299015610875334
"NKX6-2","NKX6-2",0.0429461191499213,0.0886991741919944,0.00407387181664509
"OLIG2","OLIG2",0.00117550712164677,0.00397283690310567,0.00843612245790093
"PAX4","PAX4",7.29264071809612e-10,2.38993039918364e-08,0.0211991000110331
"PAX7","PAX7",0.0293395262631037,0.0624329313073452,0.00658487014664308
"POU4F2","POU4F2",1.16473385281182e-05,7.58878139151619e-05,0.0083998759625101
"SP4","SP4",0.151291450621462,0.236673754437534,0.00379542196545144
"SPDEF","SPDEF",0.00060477809008022,0.00227511757696844,0.013665822436861
"RREB1","RREB1",0.0348208846654803,0.0728701957237866,0.0112493371506149
"RXRA::VDR","RXRA::VDR",0.00082810252796081,0.00294022920040018,0.00814543284849111
"SPIC","SPIC",4.64655617978297e-10,1.6314575031238e-08,0.081545994916419
"SRF","SRF",0.0753419297611664,0.142563172482207,0.00372200112813881
"TBXT","TBXT",0.00384477118568915,0.0112495156914609,0.00770419248803518
"TBX2","TBX2",0.0893934834327289,0.160959206636709,0.0132854124630026
"TBX20","TBX20",0.00946414364503019,0.0244136276884044,0.0164452359039718
"TBX21","TBX21",0.005033969304853,0.0140152801791502,0.0130550796901052
"TFAP4","TFAP4",1.72961311747901e-09,4.33992563551214e-08,0.0216893210211647
"TFCP2","TFCP2",0.702894859259281,0.7876410479643,0.00117571697179406
"TFEB","TFEB",0.029245263654942,0.0624329313073452,0.014886501489874
"ZBTB7B","ZBTB7B",0.00292140417402301,0.00900647530723192,0.00986430066401212
"ZBTB7C","ZBTB7C",0.000728714330419034,0.00266212402788919,0.00819260281590775
"ZIC1","ZIC1",0.694754607617855,0.782682552610488,0.000607744186304264
"ZIC3","ZIC3",0.101844852521868,0.176829524158847,0.00255828975749081
"ZBTB18","ZBTB18",1.84975994699175e-08,3.43837731323173e-07,0.0099865755910752
"LBX2","LBX2",0.0144366916114436,0.0341722438143533,0.00465990477320992
"MEOX2","MEOX2",0.463502896376233,0.584698264490577,0.0015145639303866
"MNX1","MNX1",0.0944429504708802,0.167193122402231,0.00254053116863136
"MSX2","MSX2",0.00113918052643766,0.00389168698761406,0.00609435330255998
"NOTO","NOTO",0.326468417418135,0.448539216974482,0.00213054233820046
"OTX1","OTX1",0.853442130488823,0.89845209539273,0.000419511994936532
"SOX9","SOX9",0.200229094228889,0.302738726202531,0.00183837797968495
"SRY","SRY",0.238475768826932,0.349181293095868,0.00201499115074137
"PDX1","PDX1",0.00516290472569872,0.0143112095905333,0.0098947075864997
"PHOX2A","PHOX2A",0.668325086869828,0.759678875722538,0.000801813488353321
"PITX3","PITX3",0.4372078522904,0.562760412724099,0.00107351110796203
"PROP1","PROP1",0.0617107801733599,0.120003732521734,0.00345824680897052
"PRRX1","PRRX1",0.724387462657068,0.806008585209977,0.000713564515702829
"RAX2","RAX2",0.844546802170665,0.894059596267772,0.00041940374464898
"RAX","RAX",0.544251939305403,0.650221598565246,0.00139180408351776
"RHOXF1","RHOXF1",0.0210789929985799,0.0475782984825089,0.00366970275067188
"UNCX","UNCX",0.600470423333809,0.701473766260568,0.00101315750239336
"VAX1","VAX1",0.142951167217022,0.226997833369743,0.00336176550894163
"VAX2","VAX2",0.824305901022387,0.878518262135158,0.00056223859948467
"VENTX","VENTX",0.207070615543349,0.310115234652599,0.00273555743261997
"VSX1","VSX1",4.6234733593641e-08,7.49239785414901e-07,0.0150384184021631
"VSX2","VSX2",4.88370073018048e-13,1.01212887090468e-10,0.0229123618842306
"ESR1","ESR1",0.199696566377147,0.302657625780232,0.00260918074882542
"ESRRB","ESRRB",0.0234685850570813,0.0524104090320685,0.00730657396754105
"NR2F1","NR2F1",0.00166198278666416,0.00544234777809195,0.0198815665165778
"NR3C1","NR3C1",0.162028234421742,0.25160158268929,0.00266126672261518
"NR3C2","NR3C2",0.0130568071530216,0.0314958096210293,0.00542472707431759
"RARA","RARA",0.011243963934816,0.0279771071134005,0.0178013900104586
"TAL1::TCF3","TAL1::TCF3",1.4891167733023e-13,4.70560900363528e-11,0.0235558155858564
"REL","REL",0.0509903401427635,0.10230442847691,0.0110180530399416
"RARA(var.2)","RARA(var.2)",0.0932843171913644,0.165605866474557,0.00678537869904227
"BCL6B","BCL6B",0.0852666064318465,0.154851997887721,0.0039658521263607
"EGR2","EGR2",0.00910066275065444,0.0237670200760893,0.00773135062082325
"EGR3","EGR3",0.0113017390574943,0.0280105846444566,0.0122439724554513
"EGR4","EGR4",1.46884346850093e-07,1.93397723352622e-06,0.0139078539576271
"GLIS1","GLIS1",0.0169102180045285,0.0392913888928749,0.008810372654455
"GLIS2","GLIS2",0.0538036015176929,0.106122947577715,0.00708329374960648
"GLIS3","GLIS3",0.00216969808615842,0.00682213527588121,0.0113944819413673
"HIC2","HIC2",2.53164156681977e-06,2.16974441233083e-05,0.0103315498596017
"KLF14","KLF14",0.00161601236728869,0.00531937404232528,0.0124958053814333
"KLF16","KLF16",0.139518206664259,0.222665420736898,0.0099980248942825
"SP8","SP8",0.0104270703075175,0.0264654957202855,0.0114468949014202
"ZBED1","ZBED1",0.000586987854224475,0.00222141511299322,0.0112423201125468
"ZIC4","ZIC4",0.247162857339619,0.357452919539221,0.00185723750350333
"ZNF143","ZNF143",0.888745949351802,0.917789934624737,0.000380326495858709
"ZNF410","ZNF410",0.726364103651878,0.806532950026456,0.000841156249919185
"CUX1","CUX1",1.41223247517935e-09,3.71887885130563e-08,0.028147463900744
"CUX2","CUX2",1.02660497328692e-09,3.08959211008255e-08,0.0284903853947945
"ONECUT2","ONECUT2",3.72495066832471e-06,2.87093758826978e-05,0.0101410236283874
"ONECUT3","ONECUT3",0.961046872741335,0.970601318036627,0.000148750370765539
"RELA","RELA",0.025549965942451,0.0558739739641143,0.0148569299399581
"NR1H2::RXRA","NR1H2::RXRA",0.0464765189192946,0.0947521288935297,0.00762638455635431
"E2F7","E2F7",0.0978623113020946,0.171802724285899,0.00398472730563614
"ELK3","ELK3",3.85167104339039e-05,0.000217344294591315,0.0278373369538618
"ERF","ERF",0.000239904330196329,0.00103142541961959,0.0343490220645118
"ERG","ERG",7.53572299169904e-05,0.000387201376484048,0.0354541127110223
"ETS1","ETS1",0.000503316625907253,0.00196355621958879,0.030037759358059
"ETV2","ETV2",5.91564823709755e-06,4.15409965093961e-05,0.0451098619891696
"ETV3","ETV3",0.000216168229121229,0.000942195315893908,0.0198116104688144
"FEV","FEV",2.44985681107581e-05,0.000143361991166659,0.0331576357442469
"GCM2","GCM2",0.0321026748325429,0.0676296349805571,0.0085462809610723
"LEF1","LEF1",0.0126270205130882,0.0308118801709335,0.0162900842695297
"HSF2","HSF2",0.123824024854359,0.20474725324717,0.00484642462516986
"HSF4","HSF4",0.759594290892619,0.82769584800713,0.00085603309691067
"IRF7","IRF7",0.644128106113347,0.737480005550064,0.00310213038718366
"MEF2D","MEF2D",8.1938843738966e-05,0.000411140699636853,0.0218353252068536
"MEIS1","MEIS1",0.108419781271572,0.184693535751034,0.00380360188932127
"MEIS2","MEIS2",0.00158809528757169,0.00525484932850947,0.00561740426017853
"MEIS3","MEIS3",8.19679242946891e-05,0.000411140699636853,0.00527614833137645
"MYBL1","MYBL1",0.43244190671954,0.558902423408486,0.00178359311066918
"MYBL2","MYBL2",0.0751382576151038,0.142563172482207,0.00853800746713072
"NFKB1","NFKB1",0.672373174831341,0.762908162465722,0.00229343189886443
