"sample","celltype","correlation"
"B-cell_OP_S5_Long_D1","B-cell",-0.368425747779451
"B-cell_OP_S4_Long_D60","B-cell",-0.356537273927042
"B-cell_OP_S4_Long_D28","B-cell",-0.438641290534919
"B-cell_OP_S4_Long_D1","B-cell",-0.395624222496618
"B-cell_OP_S3_High_D1","B-cell",-0.359673563336726
"B-cell_OP_S2_High_D60","B-cell",-0.404756708914328
"B-cell_OP_S1_Long_D60","B-cell",-0.335115625405303
"B-cell_OP_S1_Long_D28","B-cell",-0.422970840027655
"B-cell_OP_S14_High_OthrWrkr","B-cell",-0.294696941693961
"B-cell_OP_S13_High_OthrWrkr","B-cell",-0.288396808771155
"B-cell_OP_S12_Long_D60","B-cell",-0.226650534067055
"B-cell_OP_S12_Long_D1","B-cell",-0.313585424276557
"B-cell_OP_S11_High_D1","B-cell",-0.405159051626716
"B-cell_OP_S10_High_D1","B-cell",-0.339383357419792
"B-cell_OP_S9_High_D28","B-cell",-0.338628661639461
"B-cell_OP_S1_Long_D1","B-cell",-0.322931311617573
"B-cell_OP_S8_Long_D60","B-cell",-0.357312011302317
"B-cell_OP_S8_Long_D28","B-cell",-0.317115047705988
"B-cell_OP_S8_Long_D1","B-cell",-0.156057804357257
"B-cell_OP_S7_Long_D60","B-cell",-0.331779977951073
"B-cell_OP_S7_Long_D28","B-cell",-0.389688181222605
"B-cell_OP_S7_Long_D1","B-cell",-0.357699007623963
"B-cell_OP_S6_High_D28","B-cell",-0.406057663350075
"B-cell_OP_S6_Low_D1","B-cell",-0.296168479547485
"B-cell_OP_S5_Long_D60","B-cell",-0.368668397031113
"B-cell_OP_S5_Long_D28","B-cell",-0.352668892140133
"B-cell_HIV_S3_Cro","B-cell",-0.395027044512549
"B-cell_HIV_S3_Acu","B-cell",-0.329195543859436
"B-cell_HIV_S3_Pre","B-cell",-0.368872956288247
"B-cell_HIV_S2_Cro","B-cell",-0.352475293917785
"B-cell_HIV_S2_Acu","B-cell",-0.453939327324669
"B-cell_HIV_S2_Pre","B-cell",-0.322407285696163
"B-cell_HIV_S1_Acu","B-cell",-0.0534431818045925
"B-cell_HIV_S4_Cro","B-cell",-0.35846705121287
"B-cell_HIV_S4_Acu","B-cell",-0.333381914874629
"B-cell_HIV_S4_Pre","B-cell",-0.330353700720599
"B-cell_HIV_S1_Cro","B-cell",-0.359808064005976
"B-cell_HIV_S1_Pre","B-cell",-0.274247922104565
"Monocyte_OP_S5_Long_D1","Monocyte",-0.256171287676586
"Monocyte_OP_S4_Long_D60","Monocyte",-0.0818694630131744
"Monocyte_OP_S4_Long_D28","Monocyte",-0.0994144109472901
"Monocyte_OP_S4_Long_D1","Monocyte",-0.225704061937458
"Monocyte_OP_S3_High_D1","Monocyte",-0.205656498432176
"Monocyte_OP_S2_High_D60","Monocyte",-0.0466777507242427
"Monocyte_OP_S1_Long_D60","Monocyte",-0.0844214920914703
"Monocyte_OP_S1_Long_D28","Monocyte",-0.176380641837644
"Monocyte_OP_S14_High_OthrWrkr","Monocyte",-0.0324331065185526
"Monocyte_OP_S13_High_OthrWrkr","Monocyte",-0.0451362200102249
"Monocyte_OP_S12_Long_D60","Monocyte",-0.034113208954474
"Monocyte_OP_S12_Long_D1","Monocyte",-0.141738327709545
"Monocyte_OP_S11_High_D1","Monocyte",-0.225273835505176
"Monocyte_OP_S10_High_D1","Monocyte",-0.182510671162067
"Monocyte_OP_S9_High_D28","Monocyte",-0.226245412251921
"Monocyte_OP_S1_Long_D1","Monocyte",-0.158802477422095
"Monocyte_OP_S8_Long_D60","Monocyte",-0.130438163987315
"Monocyte_OP_S8_Long_D28","Monocyte",-0.135799170895061
"Monocyte_OP_S8_Long_D1","Monocyte",-0.221436852650281
"Monocyte_OP_S7_Long_D60","Monocyte",-0.0722059300586933
"Monocyte_OP_S7_Long_D28","Monocyte",-0.181034208592357
"Monocyte_OP_S7_Long_D1","Monocyte",-0.193075409225539
"Monocyte_OP_S6_High_D28","Monocyte",-0.104559673302784
"Monocyte_OP_S6_Low_D1","Monocyte",-0.0503410125520921
"Monocyte_OP_S5_Long_D60","Monocyte",-0.0292497952482297
"Monocyte_OP_S5_Long_D28","Monocyte",-0.0558776962554551
"Monocyte_HIV_S3_Cro","Monocyte",-0.209628544100862
"Monocyte_HIV_S3_Acu","Monocyte",-0.278789411743118
"Monocyte_HIV_S3_Pre","Monocyte",-0.139222066222434
"Monocyte_HIV_S2_Cro","Monocyte",-0.147113910330581
"Monocyte_HIV_S2_Acu","Monocyte",-0.263112603708641
"Monocyte_HIV_S2_Pre","Monocyte",-0.231214339513452
"Monocyte_HIV_S1_Acu","Monocyte",-0.13146548518857
"Monocyte_HIV_S4_Cro","Monocyte",-0.134758911560527
"Monocyte_HIV_S4_Acu","Monocyte",-0.256642447759906
"Monocyte_HIV_S4_Pre","Monocyte",-0.154248465927191
"Monocyte_HIV_S1_Cro","Monocyte",-0.106602329334971
"Monocyte_HIV_S1_Pre","Monocyte",-0.164410010031066
"NK-cell_OP_S5_Long_D1","NK-cell",-0.0664144125267795
"NK-cell_OP_S4_Long_D60","NK-cell",-0.0361864021464719
"NK-cell_OP_S4_Long_D28","NK-cell",0.0165011283376729
"NK-cell_OP_S4_Long_D1","NK-cell",0.0246585718479444
"NK-cell_OP_S3_High_D1","NK-cell",-0.0454890284020029
"NK-cell_OP_S2_High_D60","NK-cell",-0.213148992556476
"NK-cell_OP_S1_Long_D60","NK-cell",-0.229058532073019
"NK-cell_OP_S1_Long_D28","NK-cell",-0.0629219736848527
"NK-cell_OP_S14_High_OthrWrkr","NK-cell",-0.223326555213239
"NK-cell_OP_S13_High_OthrWrkr","NK-cell",-0.406952407124457
"NK-cell_OP_S12_Long_D60","NK-cell",-0.215680453150606
"NK-cell_OP_S12_Long_D1","NK-cell",-0.194871400886552
"NK-cell_OP_S11_High_D1","NK-cell",0.0303674162454777
"NK-cell_OP_S10_High_D1","NK-cell",-0.0855431789454004
"NK-cell_OP_S9_High_D28","NK-cell",-0.163411470414169
"NK-cell_OP_S1_Long_D1","NK-cell",-0.120214940320877
"NK-cell_OP_S8_Long_D60","NK-cell",-0.0477274990246877
"NK-cell_OP_S8_Long_D28","NK-cell",-0.121687044551292
"NK-cell_OP_S8_Long_D1","NK-cell",-0.0102785538584301
"NK-cell_OP_S7_Long_D60","NK-cell",-0.00949961060633451
"NK-cell_OP_S7_Long_D28","NK-cell",-0.150094615357944
"NK-cell_OP_S7_Long_D1","NK-cell",-0.128966200110775
"NK-cell_OP_S6_High_D28","NK-cell",-0.14823172777728
"NK-cell_OP_S6_Low_D1","NK-cell",-0.348506266589713
"NK-cell_OP_S5_Long_D60","NK-cell",-0.281628926315136
"NK-cell_OP_S5_Long_D28","NK-cell",-0.172579153581547
"NK-cell_HIV_S3_Cro","NK-cell",-0.0109684223033888
"NK-cell_HIV_S3_Acu","NK-cell",-0.13987283945456
"NK-cell_HIV_S3_Pre","NK-cell",-0.263896986643799
"NK-cell_HIV_S2_Cro","NK-cell",-0.0938507470359335
"NK-cell_HIV_S2_Acu","NK-cell",-0.292037007939748
"NK-cell_HIV_S2_Pre","NK-cell",-0.0143447297185842
"NK-cell_HIV_S1_Acu","NK-cell",-0.110854140500755
"NK-cell_HIV_S4_Cro","NK-cell",-0.0602755073470566
"NK-cell_HIV_S4_Acu","NK-cell",-0.174265306148648
"NK-cell_HIV_S4_Pre","NK-cell",0.0375275763229544
"NK-cell_HIV_S1_Cro","NK-cell",0.229062680796916
"NK-cell_HIV_S1_Pre","NK-cell",-0.132423207420781
"Tc-Mem_OP_S5_Long_D1","Tc-Mem",-0.00228566185480297
"Tc-Mem_OP_S4_Long_D60","Tc-Mem",0.0341185079690909
"Tc-Mem_OP_S4_Long_D28","Tc-Mem",0.0670195132793014
"Tc-Mem_OP_S4_Long_D1","Tc-Mem",0.140409524408943
"Tc-Mem_OP_S3_High_D1","Tc-Mem",-0.0151009398034663
"Tc-Mem_OP_S2_High_D60","Tc-Mem",0.0625096404256014
"Tc-Mem_OP_S1_Long_D60","Tc-Mem",0.13246319141715
"Tc-Mem_OP_S1_Long_D28","Tc-Mem",0.0705784981861425
"Tc-Mem_OP_S14_High_OthrWrkr","Tc-Mem",0.033321116064871
"Tc-Mem_OP_S13_High_OthrWrkr","Tc-Mem",-0.0684212917752812
"Tc-Mem_OP_S12_Long_D60","Tc-Mem",-0.0410152141320605
"Tc-Mem_OP_S12_Long_D1","Tc-Mem",-0.0401971100410486
"Tc-Mem_OP_S11_High_D1","Tc-Mem",0.00353105415798903
"Tc-Mem_OP_S10_High_D1","Tc-Mem",0.0236828932049364
"Tc-Mem_OP_S9_High_D28","Tc-Mem",0.0258658658444467
"Tc-Mem_OP_S1_Long_D1","Tc-Mem",0.162127499171604
"Tc-Mem_OP_S8_Long_D60","Tc-Mem",0.0391375744882011
"Tc-Mem_OP_S8_Long_D28","Tc-Mem",0.0360751995604282
"Tc-Mem_OP_S8_Long_D1","Tc-Mem",-0.119493238916479
"Tc-Mem_OP_S7_Long_D60","Tc-Mem",0.0107447419735772
"Tc-Mem_OP_S7_Long_D28","Tc-Mem",0.0447042719518457
"Tc-Mem_OP_S7_Long_D1","Tc-Mem",0.12821974540602
"Tc-Mem_OP_S6_High_D28","Tc-Mem",-0.0510959426793663
"Tc-Mem_OP_S6_Low_D1","Tc-Mem",0.0719553278137577
"Tc-Mem_OP_S5_Long_D60","Tc-Mem",0.153957495371322
"Tc-Mem_OP_S5_Long_D28","Tc-Mem",0.0294209270270244
"Tc-Mem_HIV_S3_Cro","Tc-Mem",-0.0348174767599776
"Tc-Mem_HIV_S3_Acu","Tc-Mem",-0.131091994530239
"Tc-Mem_HIV_S3_Pre","Tc-Mem",-0.0801405463627592
"Tc-Mem_HIV_S2_Cro","Tc-Mem",-0.0362109227034711
"Tc-Mem_HIV_S2_Acu","Tc-Mem",-0.130147206272327
"Tc-Mem_HIV_S2_Pre","Tc-Mem",0.12225477486322
"Tc-Mem_HIV_S1_Acu","Tc-Mem",0.0692583344516912
"Tc-Mem_HIV_S4_Cro","Tc-Mem",-0.0431086592659666
"Tc-Mem_HIV_S4_Acu","Tc-Mem",-0.0410736744292572
"Tc-Mem_HIV_S4_Pre","Tc-Mem",0.0161443548854382
"Tc-Mem_HIV_S1_Cro","Tc-Mem",-0.0522140840506979
"Tc-Mem_HIV_S1_Pre","Tc-Mem",-0.0142788253545436
"Tc-Naive_OP_S5_Long_D1","Tc-Naive",-0.116642036574854
"Tc-Naive_OP_S4_Long_D60","Tc-Naive",-0.34293095061397
"Tc-Naive_OP_S4_Long_D28","Tc-Naive",-0.126170073240274
"Tc-Naive_OP_S4_Long_D1","Tc-Naive",-0.230849784248261
"Tc-Naive_OP_S3_High_D1","Tc-Naive",-0.0791967840864103
"Tc-Naive_OP_S2_High_D60","Tc-Naive",-0.0675484984040161
"Tc-Naive_OP_S1_Long_D60","Tc-Naive",-0.221869071625825
"Tc-Naive_OP_S1_Long_D28","Tc-Naive",-0.216957355317876
"Tc-Naive_OP_S14_High_OthrWrkr","Tc-Naive",-0.202568747233797
"Tc-Naive_OP_S13_High_OthrWrkr","Tc-Naive",-0.230521478305623
"Tc-Naive_OP_S12_Long_D60","Tc-Naive",-0.0871805085071116
"Tc-Naive_OP_S12_Long_D1","Tc-Naive",0.0110160305746873
"Tc-Naive_OP_S11_High_D1","Tc-Naive",-0.0578006876405143
"Tc-Naive_OP_S10_High_D1","Tc-Naive",-0.0649777597845136
"Tc-Naive_OP_S9_High_D28","Tc-Naive",-0.106438830033356
"Tc-Naive_OP_S1_Long_D1","Tc-Naive",-0.0707821258755765
"Tc-Naive_OP_S8_Long_D60","Tc-Naive",-0.177982582001368
"Tc-Naive_OP_S8_Long_D28","Tc-Naive",-0.156173467915643
"Tc-Naive_OP_S8_Long_D1","Tc-Naive",0.0800312537742994
"Tc-Naive_OP_S7_Long_D60","Tc-Naive",-0.105670555008126
"Tc-Naive_OP_S7_Long_D28","Tc-Naive",-0.28631835322634
"Tc-Naive_OP_S7_Long_D1","Tc-Naive",-0.245665354112248
"Tc-Naive_OP_S6_High_D28","Tc-Naive",-0.301701316174563
"Tc-Naive_OP_S6_Low_D1","Tc-Naive",-0.166312249103123
"Tc-Naive_OP_S5_Long_D60","Tc-Naive",-0.23467851675836
"Tc-Naive_OP_S5_Long_D28","Tc-Naive",-0.269982111532235
"Tc-Naive_HIV_S3_Cro","Tc-Naive",-0.121069515153031
"Tc-Naive_HIV_S3_Acu","Tc-Naive",0.0891642436221418
"Tc-Naive_HIV_S3_Pre","Tc-Naive",-0.285572357486518
"Tc-Naive_HIV_S2_Cro","Tc-Naive",-0.0720193479494016
"Tc-Naive_HIV_S2_Acu","Tc-Naive",-0.0663475214538708
"Tc-Naive_HIV_S2_Pre","Tc-Naive",-0.0485915328712029
"Tc-Naive_HIV_S1_Acu","Tc-Naive",-0.155718663511215
"Tc-Naive_HIV_S4_Cro","Tc-Naive",-0.121066460704353
"Tc-Naive_HIV_S4_Acu","Tc-Naive",-0.0309038748385156
"Tc-Naive_HIV_S4_Pre","Tc-Naive",-0.0829264114761725
"Tc-Naive_HIV_S1_Cro","Tc-Naive",0.00355050571351788
"Tc-Naive_HIV_S1_Pre","Tc-Naive",-0.230069803390043
"Th-Mem_OP_S5_Long_D1","Th-Mem",-0.0917621848715943
"Th-Mem_OP_S4_Long_D60","Th-Mem",-0.101063288910828
"Th-Mem_OP_S4_Long_D28","Th-Mem",0.13732757596428
"Th-Mem_OP_S4_Long_D1","Th-Mem",-0.0099707078827427
"Th-Mem_OP_S3_High_D1","Th-Mem",-0.0500603094469638
"Th-Mem_OP_S2_High_D60","Th-Mem",0.123801532266979
"Th-Mem_OP_S1_Long_D60","Th-Mem",0.100159017140036
"Th-Mem_OP_S1_Long_D28","Th-Mem",0.030299855721859
"Th-Mem_OP_S14_High_OthrWrkr","Th-Mem",-0.0356529306988568
"Th-Mem_OP_S13_High_OthrWrkr","Th-Mem",-0.171572078142635
"Th-Mem_OP_S12_Long_D60","Th-Mem",-0.0377072608990546
"Th-Mem_OP_S12_Long_D1","Th-Mem",0.139346311037684
"Th-Mem_OP_S11_High_D1","Th-Mem",0.0318186276387219
"Th-Mem_OP_S10_High_D1","Th-Mem",0.0434134319435437
"Th-Mem_OP_S9_High_D28","Th-Mem",-0.0220508224352505
"Th-Mem_OP_S1_Long_D1","Th-Mem",0.0339610421837771
"Th-Mem_OP_S8_Long_D60","Th-Mem",-0.190728421507043
"Th-Mem_OP_S8_Long_D28","Th-Mem",0.0737618212154382
"Th-Mem_OP_S8_Long_D1","Th-Mem",0.06713193050192
"Th-Mem_OP_S7_Long_D60","Th-Mem",0.0476491041072842
"Th-Mem_OP_S7_Long_D28","Th-Mem",0.0848069720250331
"Th-Mem_OP_S7_Long_D1","Th-Mem",0.00822744859828156
"Th-Mem_OP_S6_High_D28","Th-Mem",-0.130389625500417
"Th-Mem_OP_S6_Low_D1","Th-Mem",0.0492598262495956
"Th-Mem_OP_S5_Long_D60","Th-Mem",-0.0140006533655472
"Th-Mem_OP_S5_Long_D28","Th-Mem",-0.0587351114589197
"Th-Mem_HIV_S3_Cro","Th-Mem",0.0314736558116565
"Th-Mem_HIV_S3_Acu","Th-Mem",-0.176560782164621
"Th-Mem_HIV_S3_Pre","Th-Mem",-0.0816527978528805
"Th-Mem_HIV_S2_Cro","Th-Mem",-0.0822386652376557
"Th-Mem_HIV_S2_Acu","Th-Mem",-0.0612888973061967
"Th-Mem_HIV_S2_Pre","Th-Mem",0.034090684506682
"Th-Mem_HIV_S1_Acu","Th-Mem",0.0307076303189228
"Th-Mem_HIV_S4_Cro","Th-Mem",-0.0810553173058896
"Th-Mem_HIV_S4_Acu","Th-Mem",-0.103071774747043
"Th-Mem_HIV_S4_Pre","Th-Mem",-0.0446647142758459
"Th-Mem_HIV_S1_Cro","Th-Mem",0.0489793363658768
"Th-Mem_HIV_S1_Pre","Th-Mem",-0.172182434899948
"Th-Naive_OP_S5_Long_D1","Th-Naive",-0.22560832690472
"Th-Naive_OP_S4_Long_D60","Th-Naive",-0.271011590224248
"Th-Naive_OP_S4_Long_D28","Th-Naive",-0.18705447432721
"Th-Naive_OP_S4_Long_D1","Th-Naive",-0.214245048552737
"Th-Naive_OP_S3_High_D1","Th-Naive",-0.15044127792458
"Th-Naive_OP_S2_High_D60","Th-Naive",-0.184772153399731
"Th-Naive_OP_S1_Long_D60","Th-Naive",-0.286943457594807
"Th-Naive_OP_S1_Long_D28","Th-Naive",-0.292062898242899
"Th-Naive_OP_S14_High_OthrWrkr","Th-Naive",-0.143253007324628
"Th-Naive_OP_S13_High_OthrWrkr","Th-Naive",-0.271834792323581
"Th-Naive_OP_S12_Long_D60","Th-Naive",-0.0548130210296829
"Th-Naive_OP_S12_Long_D1","Th-Naive",-0.176442855503933
"Th-Naive_OP_S11_High_D1","Th-Naive",-0.156703729470533
"Th-Naive_OP_S10_High_D1","Th-Naive",-0.125593962521353
"Th-Naive_OP_S9_High_D28","Th-Naive",-0.231575003249718
"Th-Naive_OP_S1_Long_D1","Th-Naive",-0.0878986673801915
"Th-Naive_OP_S8_Long_D60","Th-Naive",-0.185825152474854
"Th-Naive_OP_S8_Long_D28","Th-Naive",-0.212711549790439
"Th-Naive_OP_S8_Long_D1","Th-Naive",0.124101036127393
"Th-Naive_OP_S7_Long_D60","Th-Naive",-0.321678009714811
"Th-Naive_OP_S7_Long_D28","Th-Naive",-0.233157807312566
"Th-Naive_OP_S7_Long_D1","Th-Naive",-0.216744699636657
"Th-Naive_OP_S6_High_D28","Th-Naive",-0.184459700100215
"Th-Naive_OP_S6_Low_D1","Th-Naive",-0.160292525044334
"Th-Naive_OP_S5_Long_D60","Th-Naive",-0.204409789665439
"Th-Naive_OP_S5_Long_D28","Th-Naive",-0.34649674859785
"Th-Naive_HIV_S3_Cro","Th-Naive",-0.114102428340461
"Th-Naive_HIV_S3_Acu","Th-Naive",-0.0133061167329229
"Th-Naive_HIV_S3_Pre","Th-Naive",-0.234826356392629
"Th-Naive_HIV_S2_Cro","Th-Naive",-0.11662200075035
"Th-Naive_HIV_S2_Acu","Th-Naive",-0.205003564232406
"Th-Naive_HIV_S2_Pre","Th-Naive",-0.00505384274738431
"Th-Naive_HIV_S1_Acu","Th-Naive",-0.150118701146627
"Th-Naive_HIV_S4_Cro","Th-Naive",-0.140721469292487
"Th-Naive_HIV_S4_Acu","Th-Naive",-0.130893739174718
"Th-Naive_HIV_S4_Pre","Th-Naive",-0.284614246704187
"Th-Naive_HIV_S1_Cro","Th-Naive",0.0403415358436023
"Th-Naive_HIV_S1_Pre","Th-Naive",-0.265728058332757
