"TF.name","Correlation","call"
"PBX1",0.0799219639680902,"MethylPlus"
"NFATC2",-0.120549530170602,"MethylPlus"
"FOS",-0.599332706494448,"MethylMinus"
"JUN",-0.863342091652043,"MethylMinus"
"POU2F2",-0.804630136967512,"MethylPlus"
"ZBTB33",0.235423879637899,"MethylPlus"
"ELK4",0.649240481025387,"MethylMinus"
"YY1",-0.709541996929587,"MethylMinus"
"SREBF1",-0.42238289594583,"MethylMinus"
"SREBF2",-0.611437175997108,"MethylMinus"
"FOXG1",-0.0930986864752907,"MethylPlus"
"NFATC3",-0.084182759964737,"MethylPlus"
"POU6F1",0.0857807762907745,"MethylPlus"
"SHOX",-0.165884232740657,"MethylPlus"
"ALX3",-0.0206382561064946,"MethylPlus"
"BARHL2",-0.0968704876920855,"MethylMinus"
"CREB3",0.25349903414658,"MethylMinus"
"ELF4",0.149778871956012,"MethylMinus"
"ELF5",-0.862706221445576,"MethylMinus"
"EN1",0.444028702733359,"MethylPlus"
"EN2",0.0198378375060106,"MethylPlus"
"FLI1",0.777894358406315,"MethylMinus"
"GCM1",0.121175341257582,"MethylMinus"
"HEY2",-0.0955321828251947,"MethylMinus"
"HOXC11",0.23360841856809,"MethylPlus"
"IRF9",0.351839681078392,"MethylMinus"
"ISX",-0.281099402224094,"MethylPlus"
"JDP2",-0.618227712444946,"MethylMinus"
"LHX6",-0.115839393295137,"MethylPlus"
"MIXL1",-0.193444113955257,"MethylPlus"
"MLX",0.444557547348864,"MethylMinus"
"MSX1",0.396466325920719,"MethylPlus"
"NKX2-3",0.433857462197749,"MethylPlus"
"NKX2-8",0.314990134633386,"MethylPlus"
"SPDEF",0.571146332319526,"MethylMinus"
"TBX20",-0.609756461227022,"MethylPlus"
"TFEB",0.00390330401792358,"MethylMinus"
"ZBTB7B",-0.171747456715236,"MethylMinus"
"ZIC3",0.0861414703759132,"MethylMinus"
"LBX2",-0.0710934203477081,"MethylPlus"
"MNX1",-0.25540071895763,"MethylPlus"
"MSX2",0.509274732796972,"MethylPlus"
"PDX1",0.578745132809074,"MethylPlus"
"PROP1",-0.238597825595495,"MethylPlus"
"RAX",0.185012128705199,"MethylPlus"
"UNCX",0.117714724650777,"MethylPlus"
"VENTX",-0.0121665487504531,"MethylMinus"
"VSX1",-0.103148850909044,"MethylPlus"
"VSX2",-0.0458869062641648,"MethylPlus"
"ESR1",-0.35838740119713,"MethylPlus"
"NR2F1",0.662624043855243,"MethylPlus"
"NR3C1",-0.546794409454702,"MethylPlus"
"NR3C2",-0.634707735235495,"MethylPlus"
"RARA",0.669166680345879,"MethylPlus"
"BCL6B",-0.514792620843057,"MethylMinus"
"ZBED1",0.417294154409047,"MethylMinus"
"ZIC4",-0.0490532617014144,"MethylMinus"
"CUX1",-0.338254742630658,"MethylMinus"
"CUX2",-0.376138467077559,"MethylPlus"
"ONECUT2",-0.306188231715578,"MethylMinus"
"ONECUT3",0.0670015668033215,"MethylMinus"
"ELK3",0.733690931811041,"MethylMinus"
"ERG",0.742375689649675,"MethylMinus"
"ETV2",0.723853335286075,"MethylMinus"
"ETV3",0.730789750389438,"MethylMinus"
"FEV",0.774903528687765,"MethylMinus"
"GCM2",0.174245947940711,"MethylMinus"
"IRF7",-0.0678306842680473,"MethylMinus"
"MEIS2",0.464808803008739,"MethylPlus"
"MEIS3",0.0489515210546297,"MethylPlus"
"PAX9",-0.660148273871171,"MethylPlus"
"PKNOX2",-0.654498995202017,"MethylPlus"
"POU1F1",-0.608061245134349,"MethylPlus"
"POU3F1",-0.561125787625352,"MethylPlus"
"POU3F2",-0.621840308169428,"MethylPlus"
"POU3F4",-0.631495973566991,"MethylPlus"
"PROX1",0.369654509832385,"MethylMinus"
"RFX5",0.602518551939674,"MethylPlus"
"RUNX2",0.550074125641537,"MethylMinus"
"TFAP2B",-0.484014133777226,"MethylMinus"
"TFAP2C",-0.518277583189189,"MethylMinus"
"HES5",-0.00589613807331174,"MethylMinus"
"HES7",-0.207990715735849,"MethylMinus"
"HEY1",-0.19012063008545,"MethylMinus"
"MAX",-0.116478165652974,"MethylMinus"
"ATF7",0.421580594975572,"MethylMinus"
"TEF",-0.824781779777759,"MethylMinus"
"XBP1",0.141605434055249,"MethylMinus"
"FOXP3",0.116747858083336,"MethylMinus"
"RXRB",-0.110981499381336,"MethylPlus"
"RXRG",-0.0759431926561963,"MethylPlus"
"E2F1",-0.0465550838889923,"MethylMinus"
"ELK1",0.733027417324524,"MethylMinus"
"HOXD12",0.170164482189342,"MethylPlus"
"BSX",0.518381210008135,"MethylMinus"
"DLX6",-0.15480835774581,"MethylPlus"
"EVX1",-0.0720514306496345,"MethylPlus"
"EVX2",-0.0601026957539512,"MethylPlus"
"GBX2",0.518037190714698,"MethylPlus"
"GSX1",-0.0159165992191909,"MethylPlus"
"HOXA10",0.26157103733094,"MethylPlus"
"HOXC10",0.34507707031769,"MethylPlus"
"HOXC12",0.435304693147784,"MethylPlus"
"HOXC13",0.269966477329126,"MethylPlus"
"HOXD11",0.281378353634141,"MethylPlus"
"MYCN",-0.289076456693452,"MethylMinus"
"POU5F1",-0.768927395988373,"MethylPlus"
"RORB",-0.246484994593358,"MethylPlus"
"TFE3",0.327723466610234,"MethylMinus"
"IRF4",0.186499163116851,"MethylMinus"
"IRF5",0.436371497837217,"MethylMinus"
"ARNT2",0.324947672838258,"MethylMinus"
"BACH2",-0.67137786610719,"MethylMinus"
"CDX4",0.483503599516159,"MethylPlus"
"CREB3L4",-0.0866425545835526,"MethylMinus"
"DLX5",0.267870067804257,"MethylPlus"
"DMRTC2",0.151477234175824,"MethylMinus"
"ELF2",0.741103159367286,"MethylMinus"
"ETS2",0.729839757254817,"MethylMinus"
"HES6",-0.260144451034685,"MethylMinus"
"HOXA1",0.342304337142861,"MethylPlus"
"HOXA4",0.389104408133093,"MethylPlus"
"HOXA6",0.286602398937965,"MethylPlus"
"HOXA7",0.505024800084595,"MethylPlus"
"HOXB4",-0.0284492231879089,"MethylPlus"
"HOXB6",0.386915985006237,"MethylPlus"
"HOXB7",0.472717264556163,"MethylPlus"
"HOXB8",0.545265416906361,"MethylPlus"
"HOXB9",0.161387926219458,"MethylPlus"
"HOXC4",-0.309960057274205,"MethylPlus"
"HOXC8",0.256545426931489,"MethylPlus"
"HOXD10",0.120513695226016,"MethylPlus"
"HOXD4",-0.253624775880047,"MethylPlus"
"KLF10",0.0914860787133528,"MethylPlus"
"KLF15",0.404556426363219,"MethylPlus"
"KLF17",-0.153761419801823,"MethylPlus"
"KLF3",0.1527439053729,"MethylPlus"
"KLF6",0.130105613053905,"MethylPlus"
"LHX1",0.556975933371563,"MethylPlus"
"LHX5",0.34276043918504,"MethylPlus"
"MAF",-0.701908493598249,"MethylMinus"
"MAFA",-0.736374658443933,"MethylMinus"
"NFATC4",-0.173392700712899,"MethylPlus"
"NR1I2",0.0932811941381385,"MethylPlus"
"NR1I3",-0.0710156208090337,"MethylPlus"
"NR2C1",-0.193652719525202,"MethylPlus"
"OSR1",0.34884391740621,"MethylMinus"
"PPARD",-0.0543712807380973,"MethylPlus"
"SMAD5",-0.581405043984411,"MethylPlus"
"SNAI1",-0.335538150021554,"MethylPlus"
"SNAI3",-0.222316468705431,"MethylPlus"
"SOHLH2",0.0635748141667851,"MethylMinus"
"SOX12",0.327991381107453,"MethylMinus"
"SOX14",0.127708285425933,"MethylMinus"
"TFAP2E",-0.528189151879805,"MethylMinus"
"TGIF2LX",-0.398222212715918,"MethylPlus"
"TGIF2LY",-0.43730279882837,"MethylPlus"
"THRB",0.110589092608133,"MethylPlus"
"ZIC5",0.256821200373273,"MethylMinus"
"ZNF460",0.128391603041463,"MethylMinus"
"ZNF684",-0.608377633768462,"MethylPlus"
"ATF3",0.294389154180696,"MethylMinus"
"BARHL1",0.105036011000301,"MethylMinus"
"BCL6",-0.234450035928003,"MethylMinus"
"CDX1",0.409703554046912,"MethylPlus"
"E2F4",-0.170416979694352,"MethylMinus"
"GFI1",-0.11064523095023,"MethylMinus"
"GSX2",0.570126106002634,"MethylPlus"
"HES1",0.200928770570858,"MethylMinus"
"HES2",0.216544943279408,"MethylMinus"
"HOXA13",0.606918544757356,"MethylPlus"
"HOXA2",0.188231618258199,"MethylPlus"
"HOXA5",0.470136735363648,"MethylPlus"
"HOXB2",-0.191985900425247,"MethylPlus"
"HOXB5",0.510625851012245,"MethylPlus"
"HOXC9",0.0110760684378342,"MethylPlus"
"HOXD13",0.282228802438953,"MethylPlus"
"HOXD3",0.418771389866919,"MethylPlus"
"HOXD8",0.650428685908623,"MethylPlus"
"HOXD9",0.59556840078324,"MethylPlus"
"LHX9",-0.108593312892249,"MethylPlus"
"LMX1A",-0.0565308577222052,"MethylPlus"
"LMX1B",-0.0606230816950928,"MethylPlus"
"PRRX2",0.0854646369223158,"MethylPlus"
"TFEC",-0.238144537404292,"MethylMinus"
"ATF2",-0.703717168635248,"MethylMinus"
"OSR2",-0.841788651529487,"MethylMinus"
"PRDM4",-0.805474789479167,"MethylPlus"
"ZBTB14",-0.000361784263592601,"MethylMinus"
"ZNF449",-0.376482623927583,"MethylMinus"
"ATF4",-0.896206728724158,"MethylMinus"
"CDX2",0.595135820961649,"MethylPlus"
"CREB1",-0.561254942566839,"MethylMinus"
"ELF1",-0.867397431552116,"MethylMinus"
"ELF3",-0.890645126043662,"MethylMinus"
"ETV1",-0.839019409901346,"MethylMinus"
"ETV4",-0.874261349196646,"MethylMinus"
"ETV5",0.123683276795466,"MethylMinus"
"FOSL1",-0.588306714792562,"MethylMinus"
"GABPA",-0.861711239207291,"MethylMinus"
"HLF",-0.877331474798407,"MethylMinus"
"HOXB13",-0.19002252378474,"MethylPlus"
"JUNB",-0.568180272718045,"MethylMinus"
"JUND",-0.590175614821048,"MethylMinus"
"MAFF",-0.335924384305481,"MethylMinus"
"MAFG",-0.403130349141116,"MethylMinus"
"NKX2-5",0.153991575159207,"MethylPlus"
"ONECUT1",0.0919832679330029,"MethylMinus"
"PKNOX1",-0.572213317323178,"MethylPlus"
"POU2F3",-0.826043870438674,"MethylPlus"
"RUNX3",0.393081331692596,"MethylMinus"
"SCRT1",-0.0276273625519547,"MethylPlus"
"SCRT2",-0.0116309923318027,"MethylPlus"
"SNAI2",-0.214826196912187,"MethylPlus"
"SPIB",-0.903574106695116,"MethylMinus"
"TCF4",-0.554161414630078,"MethylMinus"
"TCF7",-0.760734881573382,"MethylMinus"
"TFAP2A",-0.478995648677129,"MethylMinus"
"USF1",-0.787388180996743,"MethylMinus"
"USF2",-0.78063593549174,"MethylMinus"
"CREM",0.274553131225263,"MethylMinus"
