"TF.name","correlation"
"ZBTB7A",0.484598634512992
"ETV2",0.481182225260455
"ELF2",0.440482339375619
"ELF4",0.436659580791832
"ELK4",0.436006968972472
"ETV5",0.378381851907354
"ETS2",0.352817968461667
"POU3F4",0.332115589876234
"EN2",0.328181842763425
"SOX18",0.326278876996429
"FEV",0.324589806240871
"TP53",0.324513759612954
"PITX2",0.324459106174719
"FLI1",0.317355225779844
"E2F4",0.315201613367013
"MYBL1",0.306222828541658
"NRL",0.305515196575974
"ETS1",0.304132867282988
"ETV6",0.301342667288107
"ERG",0.30126015441882
"ETV3",0.299354560179475
"CREB3L4(var.2)",0.291177502260645
"ATF3",0.290762918261819
"ELK3",0.2843293577408
"HOXD12",0.282996924875635
"SRY",0.280413436773221
"DUX4",0.279537396382873
"E2F2",0.268069096231885
"ZNF460",0.257269345630001
"POU1F1",0.254689405422834
"CREM",0.253958477925692
"ZNF143",0.252079498446553
"HOXA13",0.248966167920038
"POU3F1",0.246488705874774
"ZSCAN29",0.245704813569991
"ERF",0.245240240854365
"MAFF",0.245190446245381
"POU5F1B",0.238599365954414
"FIGLA",0.238208868746463
"JDP2(var.2)",0.237814870285912
"HOXA10",0.235501320504778
"RAX",0.231760999476882
"POU3F2",0.231023774188461
"HOXC11",0.229338691787659
"NOTO",0.218101075437369
"HOXD11",0.217850061164152
"HOXC10",0.217335831906449
"HOXC9",0.215348988639803
"HOXB2",0.214175092938433
"PAX3(var.2)",0.213497983072959
"ZBTB32",0.213136102706169
"HOXB9",0.212669658535073
"SOX8",0.212610908728725
"ELK1",0.207387644430074
"HESX1",0.2044715748554
"POU6F2",0.199215955836072
"ZNF317",0.198607304157238
"ZNF652",0.196467597215784
"PAX1",0.191355627721547
"PKNOX1",0.191351398696267
"MNT",0.18911045105429
"HOXD10",0.188843060956976
"HOXA4",0.188505944040621
"HOXB13",0.188121971375094
"NR2C2",0.18745262325293
"JUNB(var.2)",0.183836637405509
"ZNF684",0.183031262734878
"GBX1",0.179007161930405
"SPDEF",0.178994379318601
"RFX5",0.178925430567741
"ELF5",0.175923371377535
"HNF1A",0.17283514505659
"CUX2",0.172171108181712
"HNF1B",0.170079975369745
"FOXL1",0.168977685904914
"POU4F3",0.16862464576087
"HOXB7",0.168207681421852
"POU3F3",0.165182426056803
"HOXD3",0.164984743801242
"MEF2A",0.163640544860799
"MYB",0.161915593590788
"CEBPG(var.2)",0.159928228314915
"POU4F2",0.15961382052843
"TFAP2E",0.158742595705905
"BSX",0.158429148830473
"VENTX",0.157957766328167
"FOSB::JUNB(var.2)",0.156156951474568
"SP1",0.155834216557019
"TEAD1",0.147818717907764
"FOSB::JUN",0.147541679040778
"FOXP1",0.147304272284388
"MAF",0.147089381332243
"E2F3",0.146331039946748
"RFX4",0.145102436182041
"RFX2",0.144968828970601
"PROX1",0.144790624349584
"ZKSCAN1",0.143784739455193
"TFAP2C(var.2)",0.142348207540513
"MEIS3",0.142266531563605
"FOSL2::JUN(var.2)",0.139796741607248
"SREBF1(var.2)",0.137645049928784
"MNX1",0.136647658247246
"TP73",0.136089239365253
"GLIS3",0.135188894914191
"FOXA2",0.132506206673332
"CUX1",0.130933360095289
"PLAG1",0.130893829852149
"TP63",0.129977026154935
"MEF2C",0.128268431531261
"HOXC12",0.128063963146604
"HOXA2",0.127357925992447
"ARGFX",0.124804752247814
"SOX9",0.124438667390055
"KLF16",0.12424594879563
"RXRB(var.2)",0.123317509981595
"EVX1",0.123218875660157
"INSM1",0.12300709056767
"LHX6",0.122326866050051
"POU2F3",0.121855851402915
"ESX1",0.121620154204969
"GSX1",0.12150761299216
"POU5F1",0.120481481332828
"POU2F2",0.120331495787186
"MEIS2",0.117802020011551
"ZBTB6",0.117180495862653
"RFX3",0.114957325859865
"HOXD9",0.114926914913265
"TFEB",0.11488094044798
"FOXA3",0.114149342841672
"E2F1",0.113567729862144
"HOXB4",0.113548181763669
"STAT1",0.113535040873657
"OSR1",0.113400870919946
"ATF7",0.113195593605866
"MZF1",0.112258045042882
"LBX2",0.111700310767259
"PAX5",0.111082886626183
"FOXN3",0.110949908062339
"MYF6",0.109222371879651
"MAFA",0.107823431815781
"FOSL2::JUND(var.2)",0.107292427741504
"THRB(var.2)",0.106795376543456
"HMBOX1",0.105437363080262
"RFX7",0.103385864631942
"PAX9",0.101511209038991
"MSX1",0.100736043196208
"FOSL1::JUND(var.2)",0.10018629382819
"FOXH1",0.0997785094379799
"SOHLH2",0.0992045823926582
"E2F8",0.0989213230677766
"SOX21",0.096742500706968
"TEAD2",0.0958757908587675
"RAX2",0.0940306054015037
"PHOX2A",0.0931609053500171
"SMAD3",0.0921297418224085
"ZSCAN4",0.0893068517891586
"GLIS2",0.0892546070937518
"BHLHA15(var.2)",0.0880810752189125
"HES5",0.0880204363341155
"FOXB1",0.0869953347652027
"EVX2",0.086339013955139
"E2F7",0.0858250911001119
"LMX1B",0.0856399996309398
"MEF2D",0.0855817842143484
"SNAI2",0.0851311501364709
"CTCF",0.0836097589360885
"FOXA1",0.0835474148616705
"TFAP4",0.0833207304444155
"OTX2",0.083191429310067
"HOXB8",0.0827832284449123
"KLF4",0.0826994980461967
"TLX2",0.0819728285343053
"RORB",0.0817500087196227
"HIF1A",0.0787498217153903
"ETV1",0.0785655802614239
"HES1",0.0783695962708398
"FOXC2",0.0779127094343319
"SP3",0.0766511839358365
"MIXL1",0.0764586001225362
"ZNF341",0.0760118331101084
"MSANTD3",0.0756673565664768
"GBX2",0.0755651336621843
"TFAP2B(var.2)",0.0753699707761169
"ELF1",0.0742885017655168
"NR6A1",0.0727290880272503
"SP4",0.0719488728501442
"BARHL1",0.0716863150605248
"MSC",0.070920967462031
"RFX1",0.0705752359128789
"NFATC3",0.0700555311941614
"CDX4",0.0683593085625402
"HOXA6",0.0678764432784267
"ZBTB33",0.0677741856048422
"ZFP57",0.0672526146658804
"POU6F1(var.2)",0.0671906637742521
"SOX12",0.0662989604976272
"GLIS1",0.0643261812166493
"GLI3",0.0640396613965563
"THRB(var.3)",0.0638429807284117
"VAX1",0.0635296832623038
"SRF",0.0634377631552005
"PROP1",0.0633841121046223
"GABPA",0.0613623023117332
"SOX13",0.0609184441085612
"XBP1",0.0608206396013188
"NFKB1",0.0605997056586891
"CDX2",0.060548586653081
"USF2",0.0597625703942531
"NR1H4::RXRA",0.0596665591201831
"IRF3",0.0593540178193198
"CENPB",0.0589902451083352
"PDX1",0.0589264435797689
"CREB1",0.0550389230848666
"JUN::JUNB(var.2)",0.0549599962952134
"FOSL2::JUNB(var.2)",0.0547642000542927
"DPRX",0.0536941609624858
"CEBPD",0.0532217946773146
"ZBTB26",0.053059400272372
"MEF2B",0.0523416369654719
"SP9",0.0511684107462686
"ZNF740",0.0510628670838999
"MSX2",0.0510370772802588
"PHOX2B",0.0506515707262844
"KLF11",0.0497230810259299
"MAX",0.0495633451481741
"ZNF140",0.0490041894693233
"KLF6",0.0489220696547203
"ZNF354C",0.0479109644513562
"NKX2-3",0.0476899819574796
"MEIS1",0.0476353090091971
"TEF",0.0470176248523914
"FOSL1::JUN(var.2)",0.0470158229801918
"SP2",0.0456329084928915
"NR2F1",0.0455061952709873
"MAFG",0.0439396343468328
"HOXD4",0.0435988944288589
"SPIB",0.0427029830240414
"SP8",0.0425914772885022
"YY2",0.041752133420854
"JUN::JUNB",0.0417472784816037
"FOXP2",0.0407075363254704
"POU6F1",0.0403149816472242
"FOXK2",0.0398662960464239
"NKX6-1",0.0384831849193474
"MAFK",0.0373655320917947
"ZNF136",0.0372612965221122
"HOXC4",0.0353995783343145
"SNAI3",0.0347123174850389
"DLX6",0.0341329560139956
"ARNT::HIF1A",0.0338691082894468
"E2F6",0.0335354626914636
"OSR2",0.0322107543596066
"REL",0.0310777952050015
"MTF1",0.0305651776101862
"JUND(var.2)",0.0300525465792837
"THAP11",0.029161003167137
"MYF5",0.0287173810010982
"CDX1",0.0285622248250104
"PAX6",0.0282488701275771
"RARA(var.2)",0.0279129625806314
"SOX15",0.0265310282854399
"IRF5",0.0263527622762299
"MITF",0.0261076043834537
"ZNF449",0.0243683659198719
"SIX2",0.0239130530529675
"RUNX2",0.0233065196708207
"HOXB3",0.0229050353359926
"BACH2(var.2)",0.022622279016638
"GCM1",0.021389204144111
"VEZF1",0.0213451720000791
"PPARG",0.0212394058641333
"GCM2",0.0207191245797675
"NFATC4",0.0200436395741774
"EMX2",0.0194924427450886
"ARNT2",0.0188895694883732
"KLF10",0.0188459430096612
"FOXD1",0.0169165522526185
"EHF",0.0163818892742099
"PAX3",0.0162529434084677
"LHX9",0.0160920854092735
"DRGX",0.0154040447002757
"ALX3",0.0135297219968199
"DBP",0.0134701416053345
"FOXG1",0.012548605824381
"LHX2",0.0115717506022313
"ATF4",0.008522833337809
"TFDP1",0.00849227554565955
"EGR3",0.00840229136480393
"VAX2",0.00813891481157347
"SOX14",0.00740002899546802
"KLF13",0.0068935234348576
"BHLHE40",0.0067270222482265
"FOS",0.00576052402007008
"DMRTA2",0.00567330435224453
"SPI1",0.00367653434062681
"GMEB2",0.0032210013553631
"NKX6-3",0.00169793728043625
"GRHL2",0.00126265776021337
"THAP1",0.00112073935485097
"KLF14",0.000817110243701999
"HNF4A",0.000717485052379821
"NFKB2",-0.000316493621489537
"FOXC1",-0.000592912954742902
"KLF5",-0.000637008273755061
"EGR4",-0.00064467107580255
"ONECUT3",-0.00197836141372326
"NKX2-2",-0.00240959159997288
"ONECUT1",-0.00289576637134969
"SMAD5",-0.00307583134970532
"HES7",-0.00321013735747246
"DLX5",-0.00339438505919442
"HOXC13",-0.00501242453165779
"MYOG",-0.00584067558594462
"DMRT3",-0.00586307269263772
"USF1",-0.00586711346562529
"BARHL2",-0.00639093965077432
"FOXF2",-0.00681882560042655
"PBX1",-0.0073967902160221
"TEAD3",-0.00853359094175246
"BATF::JUN",-0.00884335262840038
"ZBTB12",-0.00906476880572616
"TCF12(var.2)",-0.00962358533771449
"NKX2-8",-0.00976184928707349
"CEBPA",-0.00979016881003762
"ZEB1",-0.00991373901011497
"OLIG2",-0.00992997501369025
"ZFP42",-0.0100195983586722
"NKX2-5",-0.0101871016167548
"REST",-0.0110868938697581
"HNF4G",-0.0114104456833012
"RARB(var.3)",-0.0118566244863501
"BACH2",-0.0121846585222983
"MLXIPL",-0.0124462845691693
"FOSL1::JUND",-0.0125576223004042
"GSX2",-0.0125801325271075
"LMX1A",-0.013525807563542
"FOS::JUN(var.2)",-0.0137100110571761
"ZNF263",-0.0137826444259072
"ZNF24",-0.0148668733388741
"FOSL1::JUN",-0.0153407038310055
"PBX2",-0.0162738903066237
"NR2F1(var.2)",-0.0164770273893919
"CEBPB",-0.0172829832224858
"ZNF410",-0.0178064335076815
"POU2F1",-0.0178856937568111
"PAX7",-0.0182292535876583
"RHOXF1",-0.0190867079604821
"CREB3",-0.0193737675976946
"IRF2",-0.0197022367290376
"HSF2",-0.0197183688820103
"RELA",-0.0199653717478324
"PPARA::RXRA",-0.0206781174091101
"GLI2",-0.021427620300372
"OTX1",-0.0214956905764976
"MAF::NFE2",-0.0218701641743247
"ZNF682",-0.0237689682487439
"KLF17",-0.0247538710851251
"PRDM4",-0.025432593820524
"RXRG(var.2)",-0.0265435422201721
"TEAD4",-0.0265604387476608
"ZBTB7C",-0.0267759246499285
"IRF4",-0.0278184904218182
"RARA",-0.0278502542078333
"TFAP2A",-0.0285163956486324
"TCF21(var.2)",-0.0301290564612815
"HLF",-0.0310694712364592
"PPARD",-0.0317453438674866
"FOS::JUND",-0.0320314698021039
"PRRX2",-0.0333940495511816
"ZBTB18",-0.0334291257125494
"RORC",-0.0336720415743303
"BATF",-0.0346346241516893
"KLF9",-0.0346448833321973
"CEBPG",-0.0379809575631279
"FOS::JUN",-0.0382178497109499
"NFYB",-0.0410358247010851
"MAX::MYC",-0.0419214706889824
"LBX1",-0.0423933781516827
"GSC2",-0.0427210355496841
"ZNF274",-0.0432812141719395
"ZNF528",-0.0442907315136913
"TBX19",-0.0445545976264218
"ZBED1",-0.0448310836035842
"NR4A2::RXRA",-0.0449423935548864
"HOXD13",-0.045376374800571
"ESRRA",-0.045613924937672
"ZNF135",-0.0456170650854415
"JUND",-0.0456315909861284
"ZNF382",-0.0457240205778879
"EGR2",-0.0463442000928207
"FOXK1",-0.0464411073368513
"ZNF16",-0.0465446850334595
"ETV4",-0.0467479925241299
"BHLHE41",-0.0468864513236179
"ZNF148",-0.0472691437335777
"NR1H2::RXRA",-0.0473824607162898
"FOXE1",-0.0475589969913932
"MYBL2",-0.0475782182515681
"EBF3",-0.0477295542617508
"FOSL2::JUN",-0.0484702045886846
"NFE2L1",-0.0499571976802666
"SNAI1",-0.050158288142016
"UNCX",-0.0506292753695295
"HIC2",-0.0513860691114995
"PAX4",-0.0516339656231738
"LHX1",-0.0517494292450468
"IRF6",-0.0520109290691866
"PBX3",-0.0525290640177667
"HOXB6",-0.0530229983488438
"ZBTB14",-0.0536119361119593
"CLOCK",-0.0553091312540047
"FOSL1",-0.055367786285766
"ELF3",-0.055873377533979
"BATF3",-0.0573206510560168
"SPIC",-0.0584767969977186
"CEBPE",-0.0586630231430203
"ESR2",-0.0606404846296371
"ZKSCAN5",-0.0610133783319996
"PITX1",-0.0610834558624023
"OLIG3",-0.0611388851369846
"JDP2",-0.061404285589345
"ZIC4",-0.0634203031300906
"ATOH1(var.2)",-0.0635944814703719
"TFAP4(var.2)",-0.0640831309559399
"NR1D2",-0.064827864391116
"NFIC::TLX1",-0.0649189282706669
"NRF1",-0.065175684669662
"GRHL1",-0.0655795979042052
"FOSL2",-0.0663489975948098
"RXRA::VDR",-0.0663879894945897
"HOXA7",-0.0665682077473207
"IKZF1",-0.0670998294887805
"FOXO3",-0.0674674920102898
"HES2",-0.0677611637217095
"GATA6",-0.0679580857184259
"LHX5",-0.0680901024345432
"HSF4",-0.0682851749677783
"FOXP3",-0.0692188125520253
"NR2F2",-0.0692815031745374
"ZNF282",-0.0695037930872217
"NR2F6(var.3)",-0.0698083001291478
"FOXI1",-0.0702097133143885
"NKX6-2",-0.0714646464920876
"NR1D1",-0.0720121380600132
"FOSL1::JUNB",-0.0739147293740878
"DMRTC2",-0.0749791038279995
"MSGN1",-0.0751529863077302
"FOXD2",-0.07522899846159
"RARA::RXRG",-0.075343830892918
"MAZ",-0.0765944563478535
"BACH1",-0.0779572680697705
"MZF1(var.2)",-0.0782915909763798
"TFAP2A(var.2)",-0.0789004221307475
"FOXO4",-0.0797690436586369
"TCF3",-0.0799962025720516
"TFAP2B",-0.0813959430292972
"RXRB",-0.0819982465639911
"KLF15",-0.0826868861284168
"JUNB",-0.0835297544083285
"HINFP",-0.0839579435134641
"JUN(var.2)",-0.084125908897458
"TFE3",-0.0844342226644848
"THRB",-0.0847001381537928
"BARX2",-0.0851930289994416
"TWIST1",-0.08554153800644
"HEY1",-0.0858826833275784
"ATOH7",-0.0859948820676262
"NR2C1",-0.0861263165008447
"EBF1",-0.086894248395662
"ISL2",-0.0874450825044893
"BHLHE23",-0.0876897451517036
"FOXO6",-0.0886745818885721
"NFIB",-0.0889496828935017
"NFE2",-0.0891076598726134
"BHLHE22(var.2)",-0.0899202172681035
"NEUROG2(var.2)",-0.0909544014838385
"HOXC8",-0.094523302785742
"MYCN",-0.095612420988789
"TFEC",-0.0962186787928761
"NR4A2",-0.0967714507645811
"TBXT",-0.0967734419339536
"NR3C1",-0.0968417836160221
"SREBF2(var.2)",-0.0968491209699859
"ISX",-0.0976337367218067
"EMX1",-0.098506713006323
"HEY2",-0.0989161092084734
"MEIS2(var.2)",-0.0994238482003212
"RXRG",-0.099466033888957
"NEUROG1",-0.0998930567808449
"KLF2",-0.101038590658282
"ESRRB",-0.101044022491669
"TAL1::TCF3",-0.101964905670731
"RARA::RXRA",-0.103045647853835
"NFIL3",-0.103583316311518
"MEOX1",-0.103766526298828
"MLX",-0.103812200697342
"BARX1",-0.103915223959547
"NR5A1",-0.105123707224702
"POU4F1",-0.105315126122291
"FOS::JUNB",-0.105322461834671
"TCF4",-0.105631926360919
"FOSB::JUNB",-0.106041664656725
"TGIF2",-0.107597482132114
"SHOX",-0.107976259536502
"FOSL2::JUND",-0.108411177648173
"PKNOX2",-0.108565855976381
"RORA",-0.108635110164014
"GATA1::TAL1",-0.11159211056191
"NEUROD1",-0.112691619309998
"RARG(var.3)",-0.113977174383195
"ONECUT2",-0.114438870432829
"STAT1::STAT2",-0.114875573204968
"FOSL2::JUNB",-0.115353889128096
"TFCP2",-0.118492314486726
"DUXA",-0.118565303287911
"TGIF1",-0.118748874696446
"SOX10",-0.119897386742453
"NR2F1(var.3)",-0.120076304645258
"HNF4A(var.2)",-0.121461002040082
"JUN",-0.121553916066826
"ATF6",-0.122555238245231
"HOXD8",-0.123403784393822
"ATF2",-0.123917104271074
"MEIS1(var.2)",-0.124348251866539
"SMAD2::SMAD3::SMAD4",-0.125987771907193
"RREB1",-0.127815616818499
"PRDM1",-0.128605660694537
"EGR1",-0.128887815806537
"TCFL5",-0.129417052847464
"PITX3",-0.129766877523013
"MXI1",-0.131447440406399
"NR3C2",-0.131468218529005
"ASCL1(var.2)",-0.135531903275445
"HAND2",-0.135907447522989
"HSF1",-0.135993699396155
"MYC",-0.136073492937708
"NEUROG2",-0.136768949734352
"EN1",-0.137900905345301
"RUNX3",-0.137910848989604
"RORA(var.2)",-0.140177901189688
"MYOD1",-0.140191604491726
"TGIF2LY",-0.140509435046889
"TFAP2C",-0.141098461023604
"PRRX1",-0.141372513287466
"NEUROD2",-0.142646411425965
"FERD3L",-0.144251355078928
"NR1I3",-0.144974566710985
"NFIC",-0.145018271509063
"CREB3L4",-0.14563042527709
"NR1H4",-0.146553120675048
"VDR",-0.147748484611614
"NFIX",-0.149651360372442
"SOX2",-0.150426082100777
"NFIX(var.2)",-0.15228327735045
"ZIC3",-0.152421436185965
"YY1",-0.156341543059004
"MEOX2",-0.157870022702269
"NFYA",-0.159612991758331
"NFATC2",-0.161935760125966
"GATA5",-0.162081621717258
"ZNF75D",-0.162227014760351
"IRF9",-0.162363705297288
"VSX2",-0.16240073987109
"HOXB5",-0.162774986890287
"NFIC(var.2)",-0.165283460880884
"OLIG1",-0.170176276059851
"RBPJ",-0.170622320654601
"SREBF2",-0.174308485816707
"TGIF2LX",-0.175371872330732
"HOXA1",-0.175604562181654
"GSC",-0.176355152336275
"KLF3",-0.176931495802452
"STAT3",-0.178193620187344
"CTCFL",-0.181041938511109
"NHLH1",-0.182441125075105
"BCL6",-0.183724965679696
"NFYC",-0.186522261916351
"CREB3L1",-0.190982293500466
"TFAP2B(var.3)",-0.197225290281621
"ESR1",-0.198305816978214
"GFI1",-0.199975083539493
"RELB",-0.201358444072795
"EWSR1-FLI1",-0.203566945291427
"BHLHE22",-0.205655106632224
"SREBF1",-0.206482916130767
"ZBTB7B",-0.2077247662483
"HOXA5",-0.20813016883705
"GATA1",-0.209025449598554
"IRF8",-0.213159500221164
"IRF1",-0.214650054439236
"SCRT2",-0.220147659022019
"NR4A1",-0.224886483193889
"NFIA",-0.233586647735136
"ASCL1",-0.241994152609569
"VSX1",-0.242415317777126
"GATA3",-0.245580647353777
"SIX1",-0.247418449015806
"SCRT1",-0.250262267776587
"PLAGL2",-0.252951882201593
"ZIC5",-0.262955361378019
"NR1I2",-0.277407047211189
"HES6",-0.280493051901964
"BCL6B",-0.286478350907476
"ZIC1",-0.289040191461813
"NHLH2",-0.289660018149359
"NR2C2(var.2)",-0.289769852591087
"IRF7",-0.289999962485919
"TFAP2A(var.3)",-0.297122020390466
"TFAP2C(var.3)",-0.323099959275968
"GATA2",-0.3416064353212
"TCF7L1",-0.359082300624353
"GATA4",-0.375336113039993
"SOX4",-0.43015342829677
"TCF7L2",-0.452053700237657
"TCF7",-0.483035995035308
"LEF1",-0.498421754303209
"TBX2",-0.528163725683916
"TBX3",-0.562172638068535
"MGA",-0.563297685337085
"TBR1",-0.568761969660068
"TBX6",-0.576016241195325
"TBX1",-0.581738486119499
"TBX21",-0.585654338914351
"EOMES",-0.585729622666589
"TBX4",-0.589766386448111
"TBX15",-0.591617602345821
"TBX5",-0.591930170797871
"TBX20",-0.602915269561115
"TBX18",-0.619717561535265
