"tf","celltype","score"
"POU2F3","B-cell",2.49010272668392
"POU5F1","B-cell",2.45793327271628
"POU2F2","B-cell",2.45325607263129
"EHF","Monocyte",2.42294807124468
"POU3F4","B-cell",2.40980860125696
"OSR2","Monocyte",2.3698458037239
"ELF5","Monocyte",2.3401077184988
"SPIC","Monocyte",2.30851113158761
"PRDM4","Monocyte",2.25659836680405
"SPIB","Monocyte",2.25523831548732
"SPI1","Monocyte",2.2190001137505
"TCF21(var.2)","Monocyte",1.84440307876352
"ASCL1(var.2)","B-cell",1.81027973319119
"EBF3","B-cell",1.7409805777868
"ZNF652","Monocyte",1.67834672670571
"TBX20","NK-cell",1.55626312215281
"TBX21","NK-cell",1.49763213203031
"TFAP4","Monocyte",1.48232452595645
"EBF1","B-cell",1.47292992112166
"EOMES","NK-cell",1.39804583530768
"NHLH1","B-cell",1.38429223942619
"MXI1","Monocyte",1.37063606154418
"TFAP2A","Monocyte",1.36880305294907
"TCF4","B-cell",1.34776328933869
"TBX2","NK-cell",1.34696303737484
"TBR1","NK-cell",1.34181664661515
"HIC2","Monocyte",1.33134890736716
"ESR1","Monocyte",1.32124411521423
"PAX5","B-cell",1.2859246643757
"TBX1","NK-cell",1.26138165729535
"TBX21","Monocyte",1.18522058862395
"ZFP57","Monocyte",1.17968808935463
"TBX20","Tc-Mem",1.17772120979824
"TBX21","Tc-Mem",1.16212897518845
"EOMES","Tc-Mem",1.15101262354464
"TBX2","Tc-Mem",1.14148851470035
"TBR1","Tc-Mem",1.12431272874199
"TBR1","Monocyte",1.01913439193531
"MSC","B-cell",1.00996539123839
"MGA","NK-cell",1.00166477522923
"TBXT","Th-Naive",0.95182170114313
"TBX1","Tc-Mem",0.936947563848219
"TBX2","Monocyte",0.925174243473682
"MGA","Tc-Mem",0.915444717499326
"MGA","Monocyte",0.8623872333539
"HES6","B-cell",0.858243916469807
"EMX2","B-cell",0.845009378570876
"FOXN3","Monocyte",0.833352758362747
"TFAP4","B-cell",0.823606968253256
"SPIC","Tc-Mem",0.81989128793674
"MXI1","Th-Naive",0.81711969898165
"TBX1","Monocyte",0.811137647677498
"MXI1","Tc-Naive",0.807156291217373
"SPI1","Tc-Mem",0.807120462781985
"ZFP57","Th-Naive",0.801064074749578
"TCF4","Monocyte",0.795957378721703
"E2F2","Monocyte",0.793392488870052
"SPIB","Tc-Mem",0.788293242715231
"ASCL1(var.2)","Monocyte",0.788007876069806
"ZNF652","Tc-Naive",0.782197895552472
"TCF21(var.2)","Th-Mem",0.767072849368131
"ZFP57","Tc-Naive",0.757837264791286
"TFAP4","Tc-Naive",0.755252655965174
"SPIB","Th-Mem",0.743402775737527
"TFAP4","Th-Naive",0.743266806111045
"TBXT","NK-cell",0.742708610583534
"ELF5","Th-Mem",0.741539338079287
"SPI1","Th-Mem",0.740456568892992
"EOMES","Monocyte",0.722223828898775
"EHF","Th-Mem",0.719340446628867
"EHF","Tc-Mem",0.718365301734839
"ELF5","Tc-Mem",0.715723471260985
"SPIC","Th-Mem",0.715603247631307
"OLIG2","Monocyte",0.715126022228342
"TFAP2A","Th-Naive",0.712740399593276
"SPIC","B-cell",0.706478919897607
"TFAP2A","Tc-Naive",0.700722450597378
"EBF3","Tc-Naive",0.698095465983871
"EBF1","Tc-Naive",0.695598363155477
"SPI1","B-cell",0.692753543958823
"SPIB","Tc-Naive",0.692616301179285
"PAX5","Tc-Naive",0.690299325856531
"HIC2","Th-Mem",0.684796124528879
"KLF16","Tc-Naive",0.681667580491524
"SPIB","B-cell",0.680828877656731
"HES1","Tc-Naive",0.678904725733327
"E2F2","Tc-Naive",0.678792503963903
"E2F2","Th-Naive",0.677753808516184
"ZFP57","Th-Mem",0.677293185174571
"SPI1","Tc-Naive",0.675829691225717
"OSR2","Tc-Naive",0.672649284455942
"PRDM4","Th-Naive",0.67063153206091
"EHF","Tc-Naive",0.669379944718652
"SPIB","Th-Naive",0.669140896592979
"TBXT","Tc-Naive",0.661759524378555
"PRDM4","Tc-Naive",0.658345683057212
"HEY1","B-cell",0.658078722507773
"EBF3","Th-Naive",0.657624605397406
"EBF1","Th-Naive",0.650401894053571
"GFI1","Tc-Mem",0.650306974149084
"TCF21(var.2)","B-cell",0.6462795929437
"POU2F2","Monocyte",0.641057051689212
"OSR2","Th-Mem",0.64002246163007
"SPI1","Th-Naive",0.639874441663379
"OSR2","Tc-Mem",0.639675427550076
"ESR1","Tc-Mem",0.638204039715809
"ZNF652","Th-Naive",0.633754227495077
"EHF","Th-Naive",0.632080002189723
"ZNF652","Th-Mem",0.631713588120542
"KLF17","NK-cell",0.631558506745177
"HES1","Th-Naive",0.624851747893997
"KLF16","Th-Mem",0.618874192749609
"FOXN3","Tc-Mem",0.612746161108478
"KLF16","Th-Naive",0.609332546920226
"TFAP4","Th-Mem",0.59729116574643
"ETV5","Tc-Mem",0.589413260539607
"ELF5","B-cell",0.587002155098763
"ELF5","Tc-Naive",0.586229985921894
"HEY1","Th-Naive",0.585884121961499
"OLIG2","Th-Naive",0.584602399750427
"SPIC","Tc-Naive",0.582977354228583
"PRDM4","Tc-Mem",0.579398898013669
"TCF21(var.2)","Tc-Naive",0.577844576114895
"POU2F3","Monocyte",0.575879023628359
"KLF16","Tc-Mem",0.571364757332177
"ESR1","Th-Naive",0.55763750729751
"EHF","B-cell",0.557480127380031
"EMX2","Th-Mem",0.554812205416821
"ASCL1(var.2)","NK-cell",0.550393164095958
"PAX5","Th-Mem",0.546869326848079
"TBR1","B-cell",0.546187494608379
"NHLH1","Tc-Mem",0.542975628116329
"HEY2","Tc-Mem",0.542925470103745
"HIC2","Tc-Mem",0.542718618392561
"NHLH1","Th-Mem",0.537883679957445
"LHX6","B-cell",0.537746467916787
"HES1","Tc-Mem",0.537100231134804
"ELF5","Th-Naive",0.536765112687987
"KLF17","Th-Naive",0.535985861718216
"HEY1","Tc-Naive",0.529938202540752
"HEY2","Th-Mem",0.524614154080519
"LHX6","Th-Mem",0.523912790315998
"TBX20","B-cell",0.520390260189369
"OLIG2","Tc-Naive",0.516274205935577
"ZBTB14","Tc-Naive",0.513142888612959
"ZBTB14","Tc-Mem",0.512523086029934
"GFI1","Tc-Naive",0.503012840595356
"FOXN3","Th-Naive",0.501974910040715
"ZFP57","Tc-Mem",0.501940351613045
"ZBTB14","Th-Naive",0.501508346980754
"OSR2","Th-Naive",0.499530496269212
"EBF3","NK-cell",0.498899569246958
"NEUROG1","Th-Naive",0.492163246671108
"PAX5","Monocyte",0.491560602748552
"TBX1","Th-Mem",0.490901073061933
"SPIC","Th-Naive",0.483347746192569
"E2F2","Tc-Mem",0.478169542981955
"HEY2","B-cell",0.473711417442422
"MSC","Tc-Naive",0.472351814813136
"NEUROG1","Monocyte",0.471284787437147
"TCF21(var.2)","Th-Naive",0.467731891321022
"HEY2","Th-Naive",0.464651533396678
"HIC2","Th-Naive",0.462065962379492
"EMX2","NK-cell",0.460473568445541
"TBXT","Monocyte",0.460295345346901
"MGA","Th-Mem",0.457160868746883
"OLIG2","B-cell",0.450883550513627
"ZNF652","Tc-Mem",0.44419660360048
"HEY1","Tc-Mem",0.436079142534542
"EOMES","B-cell",0.431408723398926
"LHX6","Tc-Mem",0.42651323491574
"TCF4","NK-cell",0.425656928076298
"MSC","Th-Naive",0.42438434490593
"TCF21(var.2)","Tc-Mem",0.412798924959397
"HES1","Th-Mem",0.408555431773661
"HEY1","Th-Mem",0.402976837257675
"TBX2","B-cell",0.399125411432275
"HEY2","Tc-Naive",0.39200454317662
"KLF17","Tc-Mem",0.389126492986036
"HEY2","NK-cell",0.388401546498525
"ESR1","Th-Mem",0.387277694032132
"POU3F4","Monocyte",0.385944142342877
"POU2F3","NK-cell",0.382850049289708
"FOXN3","Tc-Naive",0.37898937040114
"EMX2","Tc-Mem",0.377191604194907
"ETV5","B-cell",0.374027721884984
"EMX2","Th-Naive",0.373943502250905
"HES1","Monocyte",0.368220918581943
"TBX1","Tc-Naive",0.366517612203404
"ETV5","Th-Naive",0.364949066998778
"GFI1","NK-cell",0.363263431053647
"FOXN3","Th-Mem",0.360894032866316
"MGA","B-cell",0.35972875023249
"EBF1","NK-cell",0.358654457297132
"POU5F1","NK-cell",0.349829116621971
"POU5F1","Monocyte",0.346241418420704
"OLIG2","Tc-Mem",0.345651066785969
"NEUROG1","Tc-Naive",0.341162025303818
"PRDM4","Th-Mem",0.340334936478873
"TBXT","Th-Mem",0.325679903912796
"NHLH1","NK-cell",0.320774281729724
"POU2F2","NK-cell",0.319825040474297
"ELF4","Tc-Mem",0.319416459587226
"LHX6","Tc-Naive",0.316058307622449
"ZNF652","B-cell",0.315443634899751
"KLF17","Tc-Naive",0.314732274267084
"OSR2","B-cell",0.310136769927162
"PAX5","Th-Naive",0.309464071965622
"PRDM4","B-cell",0.306022508202301
"HES1","B-cell",0.30544924273743
"HES6","Th-Mem",0.305385281432749
"TBX1","B-cell",0.295873309506295
"EBF3","Th-Mem",0.292846065311531
"TBX21","B-cell",0.291320455139904
"ZBTB14","Monocyte",0.285818737031977
"HES6","NK-cell",0.284805793581506
"TBX21","Th-Naive",0.282530556213641
"MGA","Tc-Naive",0.281827777592223
"HIC2","B-cell",0.276334962677576
"ELF4","Th-Mem",0.269858017230608
"E2F2","B-cell",0.269239051212289
"ETV5","Th-Mem",0.267906726931795
"TCF4","Tc-Mem",0.262399566607523
"MSC","Tc-Mem",0.26230921131793
"TBX20","Th-Naive",0.260697611685306
"MSC","Th-Mem",0.257799506795966
"EBF3","Monocyte",0.252421678693333
"ESR1","Tc-Naive",0.251392559733115
"ESR1","NK-cell",0.251021261145585
"EMX2","Tc-Naive",0.243851108204025
"HES6","Th-Naive",0.242887061896711
"KLF16","Monocyte",0.242135961719018
"KLF17","Th-Mem",0.238182515217734
"ELF4","Th-Naive",0.235079659564803
"GFI1","Th-Mem",0.232479338519269
"POU5F1","Th-Mem",0.232383289370435
"OLIG2","Th-Mem",0.228681346870103
"HES6","Tc-Naive",0.225740408131371
"ZFP57","B-cell",0.224933757355985
"TFAP4","NK-cell",0.224545088290231
"TBX1","Th-Naive",0.222804851753502
"POU3F4","Th-Mem",0.217343067658461
"POU2F2","Th-Mem",0.215323652694563
"TBX20","Monocyte",0.21365333453306
"POU3F4","NK-cell",0.212286612481936
"HES6","Monocyte",0.207751834069399
"TFAP2A","B-cell",0.206207782812874
"HES6","Tc-Mem",0.206074147533508
"POU3F4","Tc-Mem",0.203076119968106
"SPIC","NK-cell",0.202417927583328
"LHX6","Monocyte",0.198888366853863
"TBXT","B-cell",0.195789305294696
"POU5F1","Tc-Naive",0.195274973111738
"POU5F1","Th-Naive",0.195016828692868
"POU2F3","Tc-Mem",0.194369925915216
"POU2F2","Tc-Naive",0.192147109009952
"PAX5","NK-cell",0.191282522777246
"POU2F3","Th-Naive",0.189070590488059
"POU2F2","Th-Naive",0.18856230306392
"ELF4","NK-cell",0.187219257022567
"POU2F3","Tc-Naive",0.185364234174399
"TFAP4","Tc-Mem",0.184563835253071
"PAX5","Tc-Mem",0.178541316693068
"NEUROG1","B-cell",0.177285104975251
"ELF4","Monocyte",0.170989659754573
"EOMES","Th-Naive",0.168809484617137
"TCF4","Th-Mem",0.164187550966104
"HEY1","NK-cell",0.158787306766945
"NEUROG1","Tc-Mem",0.156802670734593
"EBF3","Tc-Mem",0.154537259393579
"POU3F4","Tc-Naive",0.153892138897011
"ZBTB14","B-cell",0.153241977601992
"GFI1","Th-Naive",0.153141457853129
"TBR1","Th-Naive",0.152825387760567
"ZFP57","NK-cell",0.148702824795668
"TBR1","Th-Mem",0.148239082967456
"POU3F4","Th-Naive",0.148155693436063
"ESR1","B-cell",0.146942768505364
"NHLH1","Tc-Naive",0.144887019013514
"NEUROG1","Th-Mem",0.143494812005173
"SPI1","NK-cell",0.142765452965224
"TFAP2A","Tc-Mem",0.139653575160072
"POU2F2","Tc-Mem",0.138926689199057
"TFAP2A","NK-cell",0.138023632155977
"POU2F3","Th-Mem",0.137048506814694
"LHX6","Th-Naive",0.136649294529207
"ASCL1(var.2)","Tc-Mem",0.133654054114249
"ETV5","Tc-Naive",0.130628595416788
"SPIB","NK-cell",0.12780627623489
"E2F2","NK-cell",0.125858985750827
"ASCL1(var.2)","Tc-Naive",0.121913312884763
"TBX2","Tc-Naive",0.120608670329253
"OLIG2","NK-cell",0.115399840563524
"MGA","Th-Naive",0.114247928952649
"ELF5","NK-cell",0.113281076279644
"TCF4","Tc-Naive",0.108197226920726
"MSC","Monocyte",0.10787628000939
"EBF1","Tc-Mem",0.106194510489385
"HEY1","Monocyte",0.105600356376413
"MSC","NK-cell",0.105474270825834
"POU5F1","Tc-Mem",0.103109224397919
"GFI1","Monocyte",0.101655615271432
"MXI1","B-cell",0.100341169111509
"TBX2","Th-Mem",0.10007548204244
"LHX6","NK-cell",0.0950653921129977
"EBF1","Th-Mem",0.0930668425508352
"TBX2","Th-Naive",0.0929725820285687
"KLF16","B-cell",0.0929045194873852
"TBX20","Th-Mem",0.0928057099932609
"TBXT","Tc-Mem",0.0926362886267722
"HES1","NK-cell",0.0898954535359758
"EBF1","Monocyte",0.0885244915188588
"MXI1","Tc-Mem",0.0843711703751787
"EMX2","Monocyte",0.0703266109685369
"TBR1","Tc-Naive",0.0654328411401642
"KLF16","NK-cell",0.0646699090680968
"ETV5","NK-cell",0.064297758974742
"ASCL1(var.2)","Th-Mem",0.0637923923609811
"FOXN3","NK-cell",0.0636087243465462
"EOMES","Tc-Naive",0.0579686294467068
"PRDM4","NK-cell",0.0556224521122924
"OSR2","NK-cell",0.054440893126826
"HEY2","Monocyte",0.0532246351366223
"ZBTB14","NK-cell",0.048953100044535
"ELF4","Tc-Naive",0.0427058035127115
"ASCL1(var.2)","Th-Naive",0.0420946258552811
"EHF","NK-cell",0.0414900793538922
"EOMES","Th-Mem",0.0401969051672479
"ETV5","Monocyte",0.0396713813258626
"NEUROG1","NK-cell",0.0394427776212582
"TCF21(var.2)","NK-cell",0.0392286271690129
"E2F2","Th-Mem",0.0373685405361774
"ELF4","B-cell",0.0343277020881398
"TBX21","Tc-Naive",0.0315124892988142
"TFAP2A","Th-Mem",0.031042922349714
"MXI1","NK-cell",0.0301920741478255
"TCF4","Th-Naive",0.0256920487209575
"FOXN3","B-cell",0.0239839091667588
"HIC2","NK-cell",0.0231967862733557
"GFI1","B-cell",0.0212110732936766
"NHLH1","Monocyte",0.0202142498511838
"ZBTB14","Th-Mem",0.0201784657073658
"HIC2","Tc-Naive",0.0190983171723531
"ZNF652","NK-cell",0.0183473356778638
"KLF17","B-cell",0.0180788928177445
"MXI1","Th-Mem",0.0141847804595888
"TBX21","Th-Mem",0.0119137645351993
"TBX20","Tc-Naive",0.0107851052596221
"KLF17","Monocyte",0.00720136229898216
"NHLH1","Th-Naive",0.00362884145194223
