sample	CommonMinID	condition	cell_type
Th-Naive_OP_S5_Long_D1.bedGraph.bed	OP_S5_Long_D1	OP_high	Th-Naive
Th-Naive_OP_S4_Long_D60.bedGraph.bed	OP_S4_Long_D60	OP_medium	Th-Naive
Th-Naive_OP_S4_Long_D28.bedGraph.bed	OP_S4_Long_D28	OP_high	Th-Naive
Th-Naive_OP_S4_Long_D1.bedGraph.bed	OP_S4_Long_D1	OP_high	Th-Naive
Th-Naive_OP_S3_High_D1.bedGraph.bed	OP_S3_High_D1	OP_medium	Th-Naive
Th-Naive_OP_S2_High_D60.bedGraph.bed	OP_S2_High_D60	OP_high	Th-Naive
Th-Naive_OP_S1_Long_D60.bedGraph.bed	OP_S1_Long_D60	OP_high	Th-Naive
Th-Naive_OP_S1_Long_D28.bedGraph.bed	OP_S1_Long_D28	OP_medium	Th-Naive
Th-Naive_OP_S14_High_OthrWrkr.bedGraph.bed	OP_S14_High_OthrWrkr	OP_high	Th-Naive
Th-Naive_OP_S13_High_OthrWrkr.bedGraph.bed	OP_S13_High_OthrWrkr	OP_high	Th-Naive
Th-Naive_OP_S12_Long_D60.bedGraph.bed	OP_S12_Long_D60	OP_low	Th-Naive
Th-Naive_OP_S12_Long_D1.bedGraph.bed	OP_S12_Long_D1	OP_high	Th-Naive
Th-Naive_OP_S11_High_D1.bedGraph.bed	OP_S11_High_D1	OP_high	Th-Naive
Th-Naive_OP_S10_High_D1.bedGraph.bed	OP_S10_High_D1	OP_high	Th-Naive
Th-Naive_OP_S9_High_D28.bedGraph.bed	OP_S9_High_D28	OP_high	Th-Naive
Th-Naive_OP_S1_Long_D1.bedGraph.bed	OP_S1_Long_D1	OP_high	Th-Naive
Th-Naive_OP_S8_Long_D60.bedGraph.bed	OP_S8_Long_D60	OP_medium	Th-Naive
Th-Naive_OP_S8_Long_D28.bedGraph.bed	OP_S8_Long_D28	OP_high	Th-Naive
Th-Naive_OP_S8_Long_D1.bedGraph.bed	OP_S8_Long_D1	OP_high	Th-Naive
Th-Naive_OP_S7_Long_D60.bedGraph.bed	OP_S7_Long_D60	OP_low	Th-Naive
Th-Naive_OP_S7_Long_D28.bedGraph.bed	OP_S7_Long_D28	OP_medium	Th-Naive
Th-Naive_OP_S7_Long_D1.bedGraph.bed	OP_S7_Long_D1	OP_high	Th-Naive
Th-Naive_OP_S6_High_D28.bedGraph.bed	OP_S6_High_D28	OP_high	Th-Naive
Th-Naive_OP_S6_Low_D1.bedGraph.bed	OP_S6_Low_D1	OP_low	Th-Naive
Th-Naive_OP_S5_Long_D60.bedGraph.bed	OP_S5_Long_D60	OP_high	Th-Naive
Th-Naive_OP_S5_Long_D28.bedGraph.bed	OP_S5_Long_D28	OP_high	Th-Naive
Th-Naive_HIV_S3_Cro.bedGraph.bed	HIV_S3_Cro	HIV_chronic	Th-Naive
Th-Naive_HIV_S3_Acu.bedGraph.bed	HIV_S3_Acu	HIV_acute	Th-Naive
Th-Naive_HIV_S3_Pre.bedGraph.bed	HIV_S3_Pre	HIV_pre	Th-Naive
Th-Naive_HIV_S2_Cro.bedGraph.bed	HIV_S2_Cro	HIV_chronic	Th-Naive
Th-Naive_HIV_S2_Acu.bedGraph.bed	HIV_S2_Acu	HIV_acute	Th-Naive
Th-Naive_HIV_S2_Pre.bedGraph.bed	HIV_S2_Pre	HIV_pre	Th-Naive
Th-Naive_HIV_S1_Acu.bedGraph.bed	HIV_S1_Acu	HIV_acute	Th-Naive
Th-Naive_HIV_S4_Cro.bedGraph.bed	HIV_S4_Cro	HIV_chronic	Th-Naive
Th-Naive_HIV_S4_Acu.bedGraph.bed	HIV_S4_Acu	HIV_acute	Th-Naive
Th-Naive_HIV_S4_Pre.bedGraph.bed	HIV_S4_Pre	HIV_pre	Th-Naive
Th-Naive_HIV_S1_Cro.bedGraph.bed	HIV_S1_Cro	HIV_chronic	Th-Naive
Th-Naive_HIV_S1_Pre.bedGraph.bed	HIV_S1_Pre	HIV_pre	Th-Naive
Th-Mem_OP_S5_Long_D1.bedGraph.bed	OP_S5_Long_D1	OP_high	Th-Mem
Th-Mem_OP_S4_Long_D60.bedGraph.bed	OP_S4_Long_D60	OP_medium	Th-Mem
Th-Mem_OP_S4_Long_D28.bedGraph.bed	OP_S4_Long_D28	OP_high	Th-Mem
Th-Mem_OP_S4_Long_D1.bedGraph.bed	OP_S4_Long_D1	OP_high	Th-Mem
Th-Mem_OP_S3_High_D1.bedGraph.bed	OP_S3_High_D1	OP_medium	Th-Mem
Th-Mem_OP_S2_High_D60.bedGraph.bed	OP_S2_High_D60	OP_high	Th-Mem
Th-Mem_OP_S1_Long_D60.bedGraph.bed	OP_S1_Long_D60	OP_high	Th-Mem
Th-Mem_OP_S1_Long_D28.bedGraph.bed	OP_S1_Long_D28	OP_medium	Th-Mem
Th-Mem_OP_S14_High_OthrWrkr.bedGraph.bed	OP_S14_High_OthrWrkr	OP_high	Th-Mem
Th-Mem_OP_S13_High_OthrWrkr.bedGraph.bed	OP_S13_High_OthrWrkr	OP_high	Th-Mem
Th-Mem_OP_S12_Long_D60.bedGraph.bed	OP_S12_Long_D60	OP_low	Th-Mem
Th-Mem_OP_S12_Long_D1.bedGraph.bed	OP_S12_Long_D1	OP_high	Th-Mem
Th-Mem_OP_S11_High_D1.bedGraph.bed	OP_S11_High_D1	OP_high	Th-Mem
Th-Mem_OP_S10_High_D1.bedGraph.bed	OP_S10_High_D1	OP_high	Th-Mem
Th-Mem_OP_S9_High_D28.bedGraph.bed	OP_S9_High_D28	OP_high	Th-Mem
Th-Mem_OP_S1_Long_D1.bedGraph.bed	OP_S1_Long_D1	OP_high	Th-Mem
Th-Mem_OP_S8_Long_D60.bedGraph.bed	OP_S8_Long_D60	OP_medium	Th-Mem
Th-Mem_OP_S8_Long_D28.bedGraph.bed	OP_S8_Long_D28	OP_high	Th-Mem
Th-Mem_OP_S8_Long_D1.bedGraph.bed	OP_S8_Long_D1	OP_high	Th-Mem
Th-Mem_OP_S7_Long_D60.bedGraph.bed	OP_S7_Long_D60	OP_low	Th-Mem
Th-Mem_OP_S7_Long_D28.bedGraph.bed	OP_S7_Long_D28	OP_medium	Th-Mem
Th-Mem_OP_S7_Long_D1.bedGraph.bed	OP_S7_Long_D1	OP_high	Th-Mem
Th-Mem_OP_S6_High_D28.bedGraph.bed	OP_S6_High_D28	OP_high	Th-Mem
Th-Mem_OP_S6_Low_D1.bedGraph.bed	OP_S6_Low_D1	OP_low	Th-Mem
Th-Mem_OP_S5_Long_D60.bedGraph.bed	OP_S5_Long_D60	OP_high	Th-Mem
Th-Mem_OP_S5_Long_D28.bedGraph.bed	OP_S5_Long_D28	OP_high	Th-Mem
Th-Mem_HIV_S3_Cro.bedGraph.bed	HIV_S3_Cro	HIV_chronic	Th-Mem
Th-Mem_HIV_S3_Acu.bedGraph.bed	HIV_S3_Acu	HIV_acute	Th-Mem
Th-Mem_HIV_S3_Pre.bedGraph.bed	HIV_S3_Pre	HIV_pre	Th-Mem
Th-Mem_HIV_S2_Cro.bedGraph.bed	HIV_S2_Cro	HIV_chronic	Th-Mem
Th-Mem_HIV_S2_Acu.bedGraph.bed	HIV_S2_Acu	HIV_acute	Th-Mem
Th-Mem_HIV_S2_Pre.bedGraph.bed	HIV_S2_Pre	HIV_pre	Th-Mem
Th-Mem_HIV_S1_Acu.bedGraph.bed	HIV_S1_Acu	HIV_acute	Th-Mem
Th-Mem_HIV_S4_Cro.bedGraph.bed	HIV_S4_Cro	HIV_chronic	Th-Mem
Th-Mem_HIV_S4_Acu.bedGraph.bed	HIV_S4_Acu	HIV_acute	Th-Mem
Th-Mem_HIV_S4_Pre.bedGraph.bed	HIV_S4_Pre	HIV_pre	Th-Mem
Th-Mem_HIV_S1_Cro.bedGraph.bed	HIV_S1_Cro	HIV_chronic	Th-Mem
Th-Mem_HIV_S1_Pre.bedGraph.bed	HIV_S1_Pre	HIV_pre	Th-Mem
Tc-Naive_OP_S5_Long_D1.bedGraph.bed	OP_S5_Long_D1	OP_high	Tc-Naive
Tc-Naive_OP_S4_Long_D60.bedGraph.bed	OP_S4_Long_D60	OP_medium	Tc-Naive
Tc-Naive_OP_S4_Long_D28.bedGraph.bed	OP_S4_Long_D28	OP_high	Tc-Naive
Tc-Naive_OP_S4_Long_D1.bedGraph.bed	OP_S4_Long_D1	OP_high	Tc-Naive
Tc-Naive_OP_S3_High_D1.bedGraph.bed	OP_S3_High_D1	OP_medium	Tc-Naive
Tc-Naive_OP_S2_High_D60.bedGraph.bed	OP_S2_High_D60	OP_high	Tc-Naive
Tc-Naive_OP_S1_Long_D60.bedGraph.bed	OP_S1_Long_D60	OP_high	Tc-Naive
Tc-Naive_OP_S1_Long_D28.bedGraph.bed	OP_S1_Long_D28	OP_medium	Tc-Naive
Tc-Naive_OP_S14_High_OthrWrkr.bedGraph.bed	OP_S14_High_OthrWrkr	OP_high	Tc-Naive
Tc-Naive_OP_S13_High_OthrWrkr.bedGraph.bed	OP_S13_High_OthrWrkr	OP_high	Tc-Naive
Tc-Naive_OP_S12_Long_D60.bedGraph.bed	OP_S12_Long_D60	OP_low	Tc-Naive
Tc-Naive_OP_S12_Long_D1.bedGraph.bed	OP_S12_Long_D1	OP_high	Tc-Naive
Tc-Naive_OP_S11_High_D1.bedGraph.bed	OP_S11_High_D1	OP_high	Tc-Naive
Tc-Naive_OP_S10_High_D1.bedGraph.bed	OP_S10_High_D1	OP_high	Tc-Naive
Tc-Naive_OP_S9_High_D28.bedGraph.bed	OP_S9_High_D28	OP_high	Tc-Naive
Tc-Naive_OP_S1_Long_D1.bedGraph.bed	OP_S1_Long_D1	OP_high	Tc-Naive
Tc-Naive_OP_S8_Long_D60.bedGraph.bed	OP_S8_Long_D60	OP_medium	Tc-Naive
Tc-Naive_OP_S8_Long_D28.bedGraph.bed	OP_S8_Long_D28	OP_high	Tc-Naive
Tc-Naive_OP_S8_Long_D1.bedGraph.bed	OP_S8_Long_D1	OP_high	Tc-Naive
Tc-Naive_OP_S7_Long_D60.bedGraph.bed	OP_S7_Long_D60	OP_low	Tc-Naive
Tc-Naive_OP_S7_Long_D28.bedGraph.bed	OP_S7_Long_D28	OP_medium	Tc-Naive
Tc-Naive_OP_S7_Long_D1.bedGraph.bed	OP_S7_Long_D1	OP_high	Tc-Naive
Tc-Naive_OP_S6_High_D28.bedGraph.bed	OP_S6_High_D28	OP_high	Tc-Naive
Tc-Naive_OP_S6_Low_D1.bedGraph.bed	OP_S6_Low_D1	OP_low	Tc-Naive
Tc-Naive_OP_S5_Long_D60.bedGraph.bed	OP_S5_Long_D60	OP_high	Tc-Naive
Tc-Naive_OP_S5_Long_D28.bedGraph.bed	OP_S5_Long_D28	OP_high	Tc-Naive
Tc-Naive_HIV_S3_Cro.bedGraph.bed	HIV_S3_Cro	HIV_chronic	Tc-Naive
Tc-Naive_HIV_S3_Acu.bedGraph.bed	HIV_S3_Acu	HIV_acute	Tc-Naive
Tc-Naive_HIV_S3_Pre.bedGraph.bed	HIV_S3_Pre	HIV_pre	Tc-Naive
Tc-Naive_HIV_S2_Cro.bedGraph.bed	HIV_S2_Cro	HIV_chronic	Tc-Naive
Tc-Naive_HIV_S2_Acu.bedGraph.bed	HIV_S2_Acu	HIV_acute	Tc-Naive
Tc-Naive_HIV_S2_Pre.bedGraph.bed	HIV_S2_Pre	HIV_pre	Tc-Naive
Tc-Naive_HIV_S1_Acu.bedGraph.bed	HIV_S1_Acu	HIV_acute	Tc-Naive
Tc-Naive_HIV_S4_Cro.bedGraph.bed	HIV_S4_Cro	HIV_chronic	Tc-Naive
Tc-Naive_HIV_S4_Acu.bedGraph.bed	HIV_S4_Acu	HIV_acute	Tc-Naive
Tc-Naive_HIV_S4_Pre.bedGraph.bed	HIV_S4_Pre	HIV_pre	Tc-Naive
Tc-Naive_HIV_S1_Cro.bedGraph.bed	HIV_S1_Cro	HIV_chronic	Tc-Naive
Tc-Naive_HIV_S1_Pre.bedGraph.bed	HIV_S1_Pre	HIV_pre	Tc-Naive
Tc-Mem_OP_S5_Long_D1.bedGraph.bed	OP_S5_Long_D1	OP_high	Tc-Mem
Tc-Mem_OP_S4_Long_D60.bedGraph.bed	OP_S4_Long_D60	OP_medium	Tc-Mem
Tc-Mem_OP_S4_Long_D28.bedGraph.bed	OP_S4_Long_D28	OP_high	Tc-Mem
Tc-Mem_OP_S4_Long_D1.bedGraph.bed	OP_S4_Long_D1	OP_high	Tc-Mem
Tc-Mem_OP_S3_High_D1.bedGraph.bed	OP_S3_High_D1	OP_medium	Tc-Mem
Tc-Mem_OP_S2_High_D60.bedGraph.bed	OP_S2_High_D60	OP_high	Tc-Mem
Tc-Mem_OP_S1_Long_D60.bedGraph.bed	OP_S1_Long_D60	OP_high	Tc-Mem
Tc-Mem_OP_S1_Long_D28.bedGraph.bed	OP_S1_Long_D28	OP_medium	Tc-Mem
Tc-Mem_OP_S14_High_OthrWrkr.bedGraph.bed	OP_S14_High_OthrWrkr	OP_high	Tc-Mem
Tc-Mem_OP_S13_High_OthrWrkr.bedGraph.bed	OP_S13_High_OthrWrkr	OP_high	Tc-Mem
Tc-Mem_OP_S12_Long_D60.bedGraph.bed	OP_S12_Long_D60	OP_low	Tc-Mem
Tc-Mem_OP_S12_Long_D1.bedGraph.bed	OP_S12_Long_D1	OP_high	Tc-Mem
Tc-Mem_OP_S11_High_D1.bedGraph.bed	OP_S11_High_D1	OP_high	Tc-Mem
Tc-Mem_OP_S10_High_D1.bedGraph.bed	OP_S10_High_D1	OP_high	Tc-Mem
Tc-Mem_OP_S9_High_D28.bedGraph.bed	OP_S9_High_D28	OP_high	Tc-Mem
Tc-Mem_OP_S1_Long_D1.bedGraph.bed	OP_S1_Long_D1	OP_high	Tc-Mem
Tc-Mem_OP_S8_Long_D60.bedGraph.bed	OP_S8_Long_D60	OP_medium	Tc-Mem
Tc-Mem_OP_S8_Long_D28.bedGraph.bed	OP_S8_Long_D28	OP_high	Tc-Mem
Tc-Mem_OP_S8_Long_D1.bedGraph.bed	OP_S8_Long_D1	OP_high	Tc-Mem
Tc-Mem_OP_S7_Long_D60.bedGraph.bed	OP_S7_Long_D60	OP_low	Tc-Mem
Tc-Mem_OP_S7_Long_D28.bedGraph.bed	OP_S7_Long_D28	OP_medium	Tc-Mem
Tc-Mem_OP_S7_Long_D1.bedGraph.bed	OP_S7_Long_D1	OP_high	Tc-Mem
Tc-Mem_OP_S6_High_D28.bedGraph.bed	OP_S6_High_D28	OP_high	Tc-Mem
Tc-Mem_OP_S6_Low_D1.bedGraph.bed	OP_S6_Low_D1	OP_low	Tc-Mem
Tc-Mem_OP_S5_Long_D60.bedGraph.bed	OP_S5_Long_D60	OP_high	Tc-Mem
Tc-Mem_OP_S5_Long_D28.bedGraph.bed	OP_S5_Long_D28	OP_high	Tc-Mem
Tc-Mem_HIV_S3_Cro.bedGraph.bed	HIV_S3_Cro	HIV_chronic	Tc-Mem
Tc-Mem_HIV_S3_Acu.bedGraph.bed	HIV_S3_Acu	HIV_acute	Tc-Mem
Tc-Mem_HIV_S3_Pre.bedGraph.bed	HIV_S3_Pre	HIV_pre	Tc-Mem
Tc-Mem_HIV_S2_Cro.bedGraph.bed	HIV_S2_Cro	HIV_chronic	Tc-Mem
Tc-Mem_HIV_S2_Acu.bedGraph.bed	HIV_S2_Acu	HIV_acute	Tc-Mem
Tc-Mem_HIV_S2_Pre.bedGraph.bed	HIV_S2_Pre	HIV_pre	Tc-Mem
Tc-Mem_HIV_S1_Acu.bedGraph.bed	HIV_S1_Acu	HIV_acute	Tc-Mem
Tc-Mem_HIV_S4_Cro.bedGraph.bed	HIV_S4_Cro	HIV_chronic	Tc-Mem
Tc-Mem_HIV_S4_Acu.bedGraph.bed	HIV_S4_Acu	HIV_acute	Tc-Mem
Tc-Mem_HIV_S4_Pre.bedGraph.bed	HIV_S4_Pre	HIV_pre	Tc-Mem
Tc-Mem_HIV_S1_Cro.bedGraph.bed	HIV_S1_Cro	HIV_chronic	Tc-Mem
Tc-Mem_HIV_S1_Pre.bedGraph.bed	HIV_S1_Pre	HIV_pre	Tc-Mem
B-cell_OP_S5_Long_D1.bedGraph.bed	OP_S5_Long_D1	OP_high	B-cell
B-cell_OP_S4_Long_D60.bedGraph.bed	OP_S4_Long_D60	OP_medium	B-cell
B-cell_OP_S4_Long_D28.bedGraph.bed	OP_S4_Long_D28	OP_high	B-cell
B-cell_OP_S4_Long_D1.bedGraph.bed	OP_S4_Long_D1	OP_high	B-cell
B-cell_OP_S3_High_D1.bedGraph.bed	OP_S3_High_D1	OP_medium	B-cell
B-cell_OP_S2_High_D60.bedGraph.bed	OP_S2_High_D60	OP_high	B-cell
B-cell_OP_S1_Long_D60.bedGraph.bed	OP_S1_Long_D60	OP_high	B-cell
B-cell_OP_S1_Long_D28.bedGraph.bed	OP_S1_Long_D28	OP_medium	B-cell
B-cell_OP_S14_High_OthrWrkr.bedGraph.bed	OP_S14_High_OthrWrkr	OP_high	B-cell
B-cell_OP_S13_High_OthrWrkr.bedGraph.bed	OP_S13_High_OthrWrkr	OP_high	B-cell
B-cell_OP_S12_Long_D60.bedGraph.bed	OP_S12_Long_D60	OP_low	B-cell
B-cell_OP_S12_Long_D1.bedGraph.bed	OP_S12_Long_D1	OP_high	B-cell
B-cell_OP_S11_High_D1.bedGraph.bed	OP_S11_High_D1	OP_high	B-cell
B-cell_OP_S10_High_D1.bedGraph.bed	OP_S10_High_D1	OP_high	B-cell
B-cell_OP_S9_High_D28.bedGraph.bed	OP_S9_High_D28	OP_high	B-cell
B-cell_OP_S1_Long_D1.bedGraph.bed	OP_S1_Long_D1	OP_high	B-cell
B-cell_OP_S8_Long_D60.bedGraph.bed	OP_S8_Long_D60	OP_medium	B-cell
B-cell_OP_S8_Long_D28.bedGraph.bed	OP_S8_Long_D28	OP_high	B-cell
B-cell_OP_S8_Long_D1.bedGraph.bed	OP_S8_Long_D1	OP_high	B-cell
B-cell_OP_S7_Long_D60.bedGraph.bed	OP_S7_Long_D60	OP_low	B-cell
B-cell_OP_S7_Long_D28.bedGraph.bed	OP_S7_Long_D28	OP_medium	B-cell
B-cell_OP_S7_Long_D1.bedGraph.bed	OP_S7_Long_D1	OP_high	B-cell
B-cell_OP_S6_High_D28.bedGraph.bed	OP_S6_High_D28	OP_high	B-cell
B-cell_OP_S6_Low_D1.bedGraph.bed	OP_S6_Low_D1	OP_low	B-cell
B-cell_OP_S5_Long_D60.bedGraph.bed	OP_S5_Long_D60	OP_high	B-cell
B-cell_OP_S5_Long_D28.bedGraph.bed	OP_S5_Long_D28	OP_high	B-cell
B-cell_HIV_S3_Cro.bedGraph.bed	HIV_S3_Cro	HIV_chronic	B-cell
B-cell_HIV_S3_Acu.bedGraph.bed	HIV_S3_Acu	HIV_acute	B-cell
B-cell_HIV_S3_Pre.bedGraph.bed	HIV_S3_Pre	HIV_pre	B-cell
B-cell_HIV_S2_Cro.bedGraph.bed	HIV_S2_Cro	HIV_chronic	B-cell
B-cell_HIV_S2_Acu.bedGraph.bed	HIV_S2_Acu	HIV_acute	B-cell
B-cell_HIV_S2_Pre.bedGraph.bed	HIV_S2_Pre	HIV_pre	B-cell
B-cell_HIV_S1_Acu.bedGraph.bed	HIV_S1_Acu	HIV_acute	B-cell
B-cell_HIV_S4_Cro.bedGraph.bed	HIV_S4_Cro	HIV_chronic	B-cell
B-cell_HIV_S4_Acu.bedGraph.bed	HIV_S4_Acu	HIV_acute	B-cell
B-cell_HIV_S4_Pre.bedGraph.bed	HIV_S4_Pre	HIV_pre	B-cell
B-cell_HIV_S1_Cro.bedGraph.bed	HIV_S1_Cro	HIV_chronic	B-cell
B-cell_HIV_S1_Pre.bedGraph.bed	HIV_S1_Pre	HIV_pre	B-cell
NK-cell_OP_S5_Long_D1.bedGraph.bed	OP_S5_Long_D1	OP_high	NK-cell
NK-cell_OP_S4_Long_D60.bedGraph.bed	OP_S4_Long_D60	OP_medium	NK-cell
NK-cell_OP_S4_Long_D28.bedGraph.bed	OP_S4_Long_D28	OP_high	NK-cell
NK-cell_OP_S4_Long_D1.bedGraph.bed	OP_S4_Long_D1	OP_high	NK-cell
NK-cell_OP_S3_High_D1.bedGraph.bed	OP_S3_High_D1	OP_medium	NK-cell
NK-cell_OP_S2_High_D60.bedGraph.bed	OP_S2_High_D60	OP_high	NK-cell
NK-cell_OP_S1_Long_D60.bedGraph.bed	OP_S1_Long_D60	OP_high	NK-cell
NK-cell_OP_S1_Long_D28.bedGraph.bed	OP_S1_Long_D28	OP_medium	NK-cell
NK-cell_OP_S14_High_OthrWrkr.bedGraph.bed	OP_S14_High_OthrWrkr	OP_high	NK-cell
NK-cell_OP_S13_High_OthrWrkr.bedGraph.bed	OP_S13_High_OthrWrkr	OP_high	NK-cell
NK-cell_OP_S12_Long_D60.bedGraph.bed	OP_S12_Long_D60	OP_low	NK-cell
NK-cell_OP_S12_Long_D1.bedGraph.bed	OP_S12_Long_D1	OP_high	NK-cell
NK-cell_OP_S11_High_D1.bedGraph.bed	OP_S11_High_D1	OP_high	NK-cell
NK-cell_OP_S10_High_D1.bedGraph.bed	OP_S10_High_D1	OP_high	NK-cell
NK-cell_OP_S9_High_D28.bedGraph.bed	OP_S9_High_D28	OP_high	NK-cell
NK-cell_OP_S1_Long_D1.bedGraph.bed	OP_S1_Long_D1	OP_high	NK-cell
NK-cell_OP_S8_Long_D60.bedGraph.bed	OP_S8_Long_D60	OP_medium	NK-cell
NK-cell_OP_S8_Long_D28.bedGraph.bed	OP_S8_Long_D28	OP_high	NK-cell
NK-cell_OP_S8_Long_D1.bedGraph.bed	OP_S8_Long_D1	OP_high	NK-cell
NK-cell_OP_S7_Long_D60.bedGraph.bed	OP_S7_Long_D60	OP_low	NK-cell
NK-cell_OP_S7_Long_D28.bedGraph.bed	OP_S7_Long_D28	OP_medium	NK-cell
NK-cell_OP_S7_Long_D1.bedGraph.bed	OP_S7_Long_D1	OP_high	NK-cell
NK-cell_OP_S6_High_D28.bedGraph.bed	OP_S6_High_D28	OP_high	NK-cell
NK-cell_OP_S6_Low_D1.bedGraph.bed	OP_S6_Low_D1	OP_low	NK-cell
NK-cell_OP_S5_Long_D60.bedGraph.bed	OP_S5_Long_D60	OP_high	NK-cell
NK-cell_OP_S5_Long_D28.bedGraph.bed	OP_S5_Long_D28	OP_high	NK-cell
NK-cell_HIV_S3_Cro.bedGraph.bed	HIV_S3_Cro	HIV_chronic	NK-cell
NK-cell_HIV_S3_Acu.bedGraph.bed	HIV_S3_Acu	HIV_acute	NK-cell
NK-cell_HIV_S3_Pre.bedGraph.bed	HIV_S3_Pre	HIV_pre	NK-cell
NK-cell_HIV_S2_Cro.bedGraph.bed	HIV_S2_Cro	HIV_chronic	NK-cell
NK-cell_HIV_S2_Acu.bedGraph.bed	HIV_S2_Acu	HIV_acute	NK-cell
NK-cell_HIV_S2_Pre.bedGraph.bed	HIV_S2_Pre	HIV_pre	NK-cell
NK-cell_HIV_S1_Acu.bedGraph.bed	HIV_S1_Acu	HIV_acute	NK-cell
NK-cell_HIV_S4_Cro.bedGraph.bed	HIV_S4_Cro	HIV_chronic	NK-cell
NK-cell_HIV_S4_Acu.bedGraph.bed	HIV_S4_Acu	HIV_acute	NK-cell
NK-cell_HIV_S4_Pre.bedGraph.bed	HIV_S4_Pre	HIV_pre	NK-cell
NK-cell_HIV_S1_Cro.bedGraph.bed	HIV_S1_Cro	HIV_chronic	NK-cell
NK-cell_HIV_S1_Pre.bedGraph.bed	HIV_S1_Pre	HIV_pre	NK-cell
Monocyte_OP_S5_Long_D1.bedGraph.bed	OP_S5_Long_D1	OP_high	Monocyte
Monocyte_OP_S4_Long_D60.bedGraph.bed	OP_S4_Long_D60	OP_medium	Monocyte
Monocyte_OP_S4_Long_D28.bedGraph.bed	OP_S4_Long_D28	OP_high	Monocyte
Monocyte_OP_S4_Long_D1.bedGraph.bed	OP_S4_Long_D1	OP_high	Monocyte
Monocyte_OP_S3_High_D1.bedGraph.bed	OP_S3_High_D1	OP_medium	Monocyte
Monocyte_OP_S2_High_D60.bedGraph.bed	OP_S2_High_D60	OP_high	Monocyte
Monocyte_OP_S1_Long_D60.bedGraph.bed	OP_S1_Long_D60	OP_high	Monocyte
Monocyte_OP_S1_Long_D28.bedGraph.bed	OP_S1_Long_D28	OP_medium	Monocyte
Monocyte_OP_S14_High_OthrWrkr.bedGraph.bed	OP_S14_High_OthrWrkr	OP_high	Monocyte
Monocyte_OP_S13_High_OthrWrkr.bedGraph.bed	OP_S13_High_OthrWrkr	OP_high	Monocyte
Monocyte_OP_S12_Long_D60.bedGraph.bed	OP_S12_Long_D60	OP_low	Monocyte
Monocyte_OP_S12_Long_D1.bedGraph.bed	OP_S12_Long_D1	OP_high	Monocyte
Monocyte_OP_S11_High_D1.bedGraph.bed	OP_S11_High_D1	OP_high	Monocyte
Monocyte_OP_S10_High_D1.bedGraph.bed	OP_S10_High_D1	OP_high	Monocyte
Monocyte_OP_S9_High_D28.bedGraph.bed	OP_S9_High_D28	OP_high	Monocyte
Monocyte_OP_S1_Long_D1.bedGraph.bed	OP_S1_Long_D1	OP_high	Monocyte
Monocyte_OP_S8_Long_D60.bedGraph.bed	OP_S8_Long_D60	OP_medium	Monocyte
Monocyte_OP_S8_Long_D28.bedGraph.bed	OP_S8_Long_D28	OP_high	Monocyte
Monocyte_OP_S8_Long_D1.bedGraph.bed	OP_S8_Long_D1	OP_high	Monocyte
Monocyte_OP_S7_Long_D60.bedGraph.bed	OP_S7_Long_D60	OP_low	Monocyte
Monocyte_OP_S7_Long_D28.bedGraph.bed	OP_S7_Long_D28	OP_medium	Monocyte
Monocyte_OP_S7_Long_D1.bedGraph.bed	OP_S7_Long_D1	OP_high	Monocyte
Monocyte_OP_S6_High_D28.bedGraph.bed	OP_S6_High_D28	OP_high	Monocyte
Monocyte_OP_S6_Low_D1.bedGraph.bed	OP_S6_Low_D1	OP_low	Monocyte
Monocyte_OP_S5_Long_D60.bedGraph.bed	OP_S5_Long_D60	OP_high	Monocyte
Monocyte_OP_S5_Long_D28.bedGraph.bed	OP_S5_Long_D28	OP_high	Monocyte
Monocyte_HIV_S3_Cro.bedGraph.bed	HIV_S3_Cro	HIV_chronic	Monocyte
Monocyte_HIV_S3_Acu.bedGraph.bed	HIV_S3_Acu	HIV_acute	Monocyte
Monocyte_HIV_S3_Pre.bedGraph.bed	HIV_S3_Pre	HIV_pre	Monocyte
Monocyte_HIV_S2_Cro.bedGraph.bed	HIV_S2_Cro	HIV_chronic	Monocyte
Monocyte_HIV_S2_Acu.bedGraph.bed	HIV_S2_Acu	HIV_acute	Monocyte
Monocyte_HIV_S2_Pre.bedGraph.bed	HIV_S2_Pre	HIV_pre	Monocyte
Monocyte_HIV_S1_Acu.bedGraph.bed	HIV_S1_Acu	HIV_acute	Monocyte
Monocyte_HIV_S4_Cro.bedGraph.bed	HIV_S4_Cro	HIV_chronic	Monocyte
Monocyte_HIV_S4_Acu.bedGraph.bed	HIV_S4_Acu	HIV_acute	Monocyte
Monocyte_HIV_S4_Pre.bedGraph.bed	HIV_S4_Pre	HIV_pre	Monocyte
Monocyte_HIV_S1_Cro.bedGraph.bed	HIV_S1_Cro	HIV_chronic	Monocyte
Monocyte_HIV_S1_Pre.bedGraph.bed	HIV_S1_Pre	HIV_pre	Monocyte
