"TF","correlation"
"XBP1",-0.589158413078966
"ZNF449",-0.556243620050874
"IRF9",-0.18360766201899
"NFE2L1",-0.147672569943936
"RBPJ",-0.661273170631133
"HEY1",-0.77883223122652
"RORB",-0.569262471218762
"TFEC",-0.501868295401345
"BATF3",-0.627387186709454
"NFE2",-0.348824150439108
"HES7",-0.412141324766313
"ZFP57",-0.192307644999122
"MNT",-0.108407423394856
"FOSL2",-0.807762330326708
"BHLHE40",-0.889417523851865
"BATF",-0.854854946532862
"FOS",-0.839517292678554
"JUN",-0.786297055449399
"KLF6",-0.899757925491904
"FOSL1",-0.85770905738474
"JUND",-0.449329649797476
"JUNB",-0.0782432939927569
"IRF7",0.305548393527751
"MYC",0.380675071532944
"GLIS3",0.992161995853003
"IRF4",0.941535531730523
