"feature","factor","view","value","value_abs"
"TFAP2A_chromVar","Factor1","chromVar",0.379304796457291,0.379304796457291
"OSR2_chromVar","Factor1","chromVar",0.376787036657333,0.376787036657333
"TFAP4_chromVar","Factor1","chromVar",0.376683831214905,0.376683831214905
"HIC2_chromVar","Factor1","chromVar",0.37609475851059,0.37609475851059
"MXI1_chromVar","Factor1","chromVar",0.375933855772018,0.375933855772018
"BARHL1_chromVar","Factor1","chromVar",-0.375612586736679,0.375612586736679
"MSC_chromVar","Factor2","chromVar",0.45094695687294,0.45094695687294
"ASCL1(var.2)_chromVar","Factor2","chromVar",0.446812182664871,0.446812182664871
"POU5F1_chromVar","Factor2","chromVar",0.445250153541565,0.445250153541565
"POU2F3_chromVar","Factor2","chromVar",0.443032592535019,0.443032592535019
"TCF4_chromVar","Factor2","chromVar",0.443021178245544,0.443021178245544
"NHLH1_chromVar","Factor2","chromVar",0.441887587308884,0.441887587308884
"HEY2_mtfr","Factor3","mtfr",0.810779511928558,0.810779511928558
"KLF16_mtfr","Factor3","mtfr",0.809451580047607,0.809451580047607
"HES1_mtfr","Factor3","mtfr",0.808329224586487,0.808329224586487
"HES6_mtfr","Factor3","mtfr",0.800136148929596,0.800136148929596
"HEY1_mtfr","Factor3","mtfr",0.785467624664307,0.785467624664307
"KLF11_mtfr","Factor3","mtfr",0.78259688615799,0.78259688615799
"EMX2_chromVar","Factor4","chromVar",0.50504595041275,0.50504595041275
"ELF4_chromVar","Factor4","chromVar",0.46073716878891,0.46073716878891
"ETV5_chromVar","Factor4","chromVar",0.460384994745255,0.460384994745255
"ZBTB14_mtfr","Factor4","mtfr",0.45972466468811,0.45972466468811
"FOXN3_mtfr","Factor4","mtfr",0.419996708631516,0.419996708631516
"E2F2_mtfr","Factor4","mtfr",0.419554620981216,0.419554620981216
"RUNX3_mtfr","Factor5","mtfr",0.636401951313019,0.636401951313019
"RUNX2_mtfr","Factor5","mtfr",0.566547989845276,0.566547989845276
"IRF9_mtfr","Factor5","mtfr",0.566232085227966,0.566232085227966
"PITX2_mtfr","Factor5","mtfr",-0.535531878471375,0.535531878471375
"IRF3_mtfr","Factor5","mtfr",0.525797665119171,0.525797665119171
"SNAI3_mtfr","Factor5","mtfr",-0.5186647772789,0.5186647772789
"ELF4_chromVar","Factor6","chromVar",0.593314945697784,0.593314945697784
"ETV5_chromVar","Factor6","chromVar",0.507446467876434,0.507446467876434
"TFEB_chromVar","Factor6","chromVar",0.459718257188797,0.459718257188797
"TFE3_chromVar","Factor6","chromVar",0.45526659488678,0.45526659488678
"GCM1_chromVar","Factor6","chromVar",-0.436039954423904,0.436039954423904
"BHLHE41_chromVar","Factor6","chromVar",0.434908896684647,0.434908896684647
"GFI1_chromVar","Factor7","chromVar",-0.606055080890656,0.606055080890656
"TBXT_chromVar","Factor7","chromVar",0.579294919967651,0.579294919967651
"TBX1_chromVar","Factor7","chromVar",0.549847006797791,0.549847006797791
"MGA_chromVar","Factor7","chromVar",0.549149870872498,0.549149870872498
"KLF17_chromVar","Factor7","chromVar",0.545634090900421,0.545634090900421
"TBX19_chromVar","Factor7","chromVar",0.541294932365417,0.541294932365417
"KLF4_chromVar","Factor8","chromVar",0.838677823543549,0.838677823543549
"ZNF740_chromVar","Factor8","chromVar",0.788302838802338,0.788302838802338
"KLF5_chromVar","Factor8","chromVar",0.699232399463654,0.699232399463654
"ZNF148_chromVar","Factor8","chromVar",0.617361128330231,0.617361128330231
"KLF17_chromVar","Factor8","chromVar",0.577175319194794,0.577175319194794
"KLF9_chromVar","Factor8","chromVar",0.571276307106018,0.571276307106018
"ONECUT1_chromVar","Factor9","chromVar",-0.468981266021729,0.468981266021729
"HNF1A_chromVar","Factor9","chromVar",-0.432464480400085,0.432464480400085
"ONECUT3_chromVar","Factor9","chromVar",-0.425289988517761,0.425289988517761
"ZNF460_chromVar","Factor9","chromVar",-0.423151612281799,0.423151612281799
"SREBF1(var.2)_chromVar","Factor9","chromVar",-0.407305061817169,0.407305061817169
"MIXL1_chromVar","Factor9","chromVar",-0.400265067815781,0.400265067815781
"PKNOX1_chromVar","Factor10","chromVar",-0.247469529509544,0.247469529509544
"MNT_chromVar","Factor10","chromVar",-0.245335012674332,0.245335012674332
"SOHLH2_chromVar","Factor10","chromVar",-0.244478985667229,0.244478985667229
"TLX2_chromVar","Factor10","chromVar",0.241927728056908,0.241927728056908
"MAX_chromVar","Factor10","chromVar",-0.232745334506035,0.232745334506035
"RAX2_chromVar","Factor10","chromVar",0.219974279403687,0.219974279403687
"ZNF460_chromVar","Factor11","chromVar",0.356057673692703,0.356057673692703
"ETV5_chromVar","Factor11","chromVar",-0.275931864976883,0.275931864976883
"RXRB(var.2)_chromVar","Factor11","chromVar",0.27084881067276,0.27084881067276
"HNF1A_chromVar","Factor11","chromVar",0.260661244392395,0.260661244392395
"SOX10_chromVar","Factor11","chromVar",-0.258660316467285,0.258660316467285
"ZBTB7A_chromVar","Factor11","chromVar",-0.255440771579742,0.255440771579742
"POU4F2_chromVar","Factor12","chromVar",-0.295158714056015,0.295158714056015
"SREBF1(var.2)_chromVar","Factor12","chromVar",0.294388264417648,0.294388264417648
"KLF9_chromVar","Factor12","chromVar",0.27198001742363,0.27198001742363
"RREB1_chromVar","Factor12","chromVar",0.263183027505875,0.263183027505875
"KLF4_chromVar","Factor12","chromVar",0.224225476384163,0.224225476384163
"MNT_chromVar","Factor12","chromVar",0.218820154666901,0.218820154666901
"KLF9_chromVar","Factor13","chromVar",0.282099395990372,0.282099395990372
"GSC_chromVar","Factor13","chromVar",-0.236858367919922,0.236858367919922
"REL_chromVar","Factor13","chromVar",0.207121253013611,0.207121253013611
"RFX3_chromVar","Factor13","chromVar",0.206460803747177,0.206460803747177
"RELA_chromVar","Factor13","chromVar",0.188761100172997,0.188761100172997
"ZSCAN4_chromVar","Factor13","chromVar",0.175500690937042,0.175500690937042
"MNT_chromVar","Factor14","chromVar",0.20945805311203,0.20945805311203
"GLIS2_chromVar","Factor14","chromVar",0.208306059241295,0.208306059241295
"MAX_chromVar","Factor14","chromVar",0.20333643257618,0.20333643257618
"MYC_chromVar","Factor14","chromVar",0.196596682071686,0.196596682071686
"SOHLH2_chromVar","Factor14","chromVar",0.192507088184357,0.192507088184357
"HEY1_chromVar","Factor14","chromVar",0.188916876912117,0.188916876912117
"HEY1_chromVar","Factor15","chromVar",0.14964871108532,0.14964871108532
"MNT_chromVar","Factor15","chromVar",0.146008759737015,0.146008759737015
"NR4A1_chromVar","Factor15","chromVar",0.139795243740082,0.139795243740082
"FOXP2_chromVar","Factor15","chromVar",0.13728278875351,0.13728278875351
"FOXK1_chromVar","Factor15","chromVar",0.136965200304985,0.136965200304985
"ZNF24_chromVar","Factor15","chromVar",-0.135679006576538,0.135679006576538
