"motifs","variability","p_value","p_value_adjusted","bootstrap_lower_bound","bootstrap_upper_bound","rank"
"CEBPB",4.51422284784499,0,0,4.28426885927055,4.6689140102645,1
"CEBPE",4.4944523212112,0,0,4.26289664345028,4.64304794611223,2
"CEBPG",4.2607237708866,0,0,4.04184676395852,4.39127019657708,3
"CEBPD",3.85137340140501,0,0,3.68456064559889,3.95573669684906,4
"CEBPA",3.54917438291809,1.05933354910833e-274,1.33899760607293e-272,3.38990457027757,3.64459715764391,5
"CEBPG(var.2)",3.11449530058145,1.31440512556164e-195,1.38450673225826e-193,2.99189913422415,3.19167896831476,6
"DBP",2.95355686874975,1.79917783696429e-169,1.62440056137348e-167,2.79654439476878,3.06013686541108,7
"TEF",2.8118533468223,6.89747123214449e-148,5.44900227339415e-146,2.6552937122227,2.91814916399039,8
"HLF",2.6097098920079,1.92016594529428e-119,1.34838319713998e-117,2.485804125455,2.69469752520341,9
"NFIL3",2.42141790108734,1.81955922667904e-95,1.14996143126116e-93,2.30870149781708,2.49877295706565,10
"GMEB2",2.39370074228143,3.81383299985956e-92,2.19122041446476e-90,2.20333512849682,2.53785143713426,11
"ATF4",2.26064913076531,5.91235336355627e-77,3.11383943813964e-75,2.1698142892698,2.31739922661712,12
"SPIB",2.15701335941854,5.36646336666111e-66,2.60892680594602e-64,1.94113313668555,2.33887768402089,13
"EHF",1.84156715458188,1.7138643754662e-37,7.73687346639028e-36,1.62500568243244,2.01110520007431,14
"SPIC",1.83434511257083,6.29226146976581e-37,2.65113949926133e-35,1.62329072465104,2.00352651332663,15
"SPI1",1.80900417069255,5.60854873248739e-35,2.21537674933252e-33,1.61930396678028,1.96628870396815,16
"ETV6",1.68541505549753,3.46462725196733e-26,1.28802613131962e-24,1.49172443378209,1.8338436532153,17
"ELF5",1.67790130878672,1.08408762458887e-25,3.80635210411202e-24,1.49024099015811,1.82022790442767,18
"ELF3",1.65142400687671,5.55420147848777e-24,1.8475028075812e-22,1.4705817417898,1.79277054242686,19
"ATF7",1.59382510778383,1.84988513031618e-20,5.84563701179914e-19,1.52780495087672,1.63953876535304,20
"FOSL1::JUN(var.2)",1.57257906389038,3.14618012243508e-19,9.46850398751889e-18,1.50818602237136,1.61594166792537,21
"JUND",1.5705667788194,4.0964367973269e-19,1.17679457086846e-17,1.48456709621805,1.64550113280432,22
"FOSL2::JUNB(var.2)",1.5539658892521,3.50901264601785e-18,9.64215648818817e-17,1.48665099408528,1.5997948248667,23
"JUNB",1.55138645040739,4.87596217939595e-18,1.2840033739076e-16,1.45871148858572,1.62954013863776,24
"JDP2",1.51821798688584,2.98967823182116e-16,7.55790657004389e-15,1.43642983827238,1.58792223714419,25
"FOSL2::JUN(var.2)",1.50088293700433,2.36046669834056e-15,5.73774982058167e-14,1.44347276233769,1.54110945702552,26
"FOSL1::JUND(var.2)",1.47771320831807,3.40839039893083e-14,7.97815826712697e-13,1.40664753392597,1.52992646638968,27
"FOSB::JUN",1.47498031354398,4.63764652032938e-14,1.04678307173149e-12,1.41203724167178,1.51904278162428,28
"FOSL2::JUNB",1.47126505152128,7.03229120637666e-14,1.53255449738967e-12,1.39188716238517,1.53805437878708,29
"JDP2(var.2)",1.46706569180859,1.12209197726486e-13,2.36387376543798e-12,1.397722522969,1.50991346327385,30
"FOSL1",1.45237898324951,5.59531733421567e-13,1.14072275974978e-11,1.36812271532698,1.52300780129849,31
"FOS::JUNB",1.448966552386,8.0777944780735e-13,1.59536440941952e-11,1.36693251754248,1.51559841540219,32
"FOSL1::JUND",1.44704462062218,9.92348820603104e-13,1.90049834733685e-11,1.37247169982307,1.51096146071316,33
"FOSL1::JUNB",1.4269704407289,8.14672263716162e-12,1.51433197255475e-10,1.34524677250143,1.49238807263334,34
"FOSL2::JUND",1.41335048158524,3.24595141916609e-11,5.86126084832276e-10,1.33298284402186,1.47754178989501,35
"FOSB::JUNB(var.2)",1.41270728732348,3.46172297080163e-11,6.07724699318509e-10,1.35547222249124,1.44929556569777,36
"FOSL2::JUN",1.38861473970973,3.63120776363578e-10,6.20249542329139e-09,1.31213604088946,1.45405144611732,37
"FOSB::JUNB",1.38440979849629,5.40702148125982e-10,8.99273046356897e-09,1.30929351161077,1.44791708311289,38
"BATF",1.36140415277865,4.47873838385444e-09,7.25785297075899e-08,1.27195021819378,1.43870067608924,39
"ATF3",1.34042494545049,2.80062078157614e-08,4.4249808348903e-07,1.27896606107093,1.38140305453414,40
"ETV5",1.33127593573833,6.05391365914532e-08,9.33188642092644e-07,1.16954155860257,1.45484184053267,41
"BATF::JUN",1.32968991666821,6.90722085093555e-08,1.03937228042649e-06,1.24079470371829,1.40822031018221,42
"FOS::JUN",1.31458089089823,2.36279528207996e-07,3.47275957738263e-06,1.23851977392352,1.37529148615569,43
"IKZF1",1.31221939737288,2.8512455261375e-07,4.09542539208841e-06,1.15153824950003,1.43637230829316,44
"ELF1",1.30059530569026,7.0685824945577e-07,9.92743141457882e-06,1.14767094001811,1.42310546572703,45
"BATF3",1.29766228732831,8.8485662298732e-07,1.2157160559304e-05,1.195938767522,1.38614463921547,46
"FOSL1::JUN",1.29475385395655,1.10361724698617e-06,1.48401297892608e-05,1.21861726175131,1.35503537175583,47
"GABPA",1.28524917024777,2.24366233145748e-06,2.95415540308568e-05,1.13142899609193,1.40973861585309,48
"JUN",1.27689348950861,4.12086160675796e-06,5.31507048055313e-05,1.22252683307853,1.31426220712825,49
"ETV4",1.27596563748957,4.40464019853074e-06,5.56746521094286e-05,1.1135723324356,1.40091234688987,50
"JUN(var.2)",1.27507996460049,4.69292920958031e-06,5.81555149108775e-05,1.20230725603277,1.33567740764185,51
"FOS::JUND",1.25594271674997,1.77282902595153e-05,0.000215466912384878,1.18418688215249,1.31185019788616,52
"JUN::JUNB",1.24684887493918,3.24379539747719e-05,0.000386807300227469,1.17223145096937,1.30997119313683,53
"FOS",1.23192491198331,8.4132033513847e-05,0.000984656392236136,1.1602743067885,1.28917144211443,54
"BACH2",1.22788900162783,0.000107974411568854,0.00124072414748211,1.15204751323455,1.29076272712686,55
"ELF4",1.21917361558742,0.000182858128292928,0.00206368459073447,1.06624786404984,1.3340430635505,56
"FOSL2",1.21450648506401,0.000240826789226847,0.00267021983844504,1.13866784977486,1.27419434273224,57
"POU2F3",1.20078423361093,0.000526577366443797,0.00573787751021516,0.915195207061822,1.42015294322954,58
"POU3F4",1.19647327746019,0.000667635504407915,0.00715162099636953,0.906893491613735,1.42182677311456,59
"NFE2",1.19476135250965,0.000732801494967502,0.00771884241365769,1.12318960231305,1.25469251956711,60
"FOSL2::JUND(var.2)",1.19433871438791,0.000749772122284477,0.00776813084071786,1.14426562606871,1.22764724981815,61
"JUNB(var.2)",1.18239495347619,0.00140911150963337,0.0143638463562628,1.12995945389257,1.22244123115665,62
"ETV1",1.15203142745476,0.00609278993161672,0.0611213212187582,1.00168785585935,1.27221654933897,63
"GATA3",1.12378800264654,0.0198607990785532,0.196125390900713,0.799370769153314,1.399942062718,64
"JUN::JUNB(var.2)",1.06987649057692,0.117488624440258,1,1.02083788269921,1.10800111433178,65
"TCF7",1.06424690720164,0.136516348480571,1,0.918988071692503,1.19080913696141,66
"BARHL1",1.04588519145376,0.212875756225366,1,0.932595740763564,1.15055702391505,67
"TCF7L2",1.04170081590211,0.233317070766856,1,0.903016645779212,1.16446877833391,68
"POU5F1",1.03954538212231,0.244268424809238,1,0.788487137278835,1.23379974271382,69
"CREB3L4(var.2)",1.03842225117011,0.25008579637146,1,0.979759370910019,1.08667090149794,70
"ELF2",1.01426190580662,0.391110392897525,1,0.878609027447722,1.11156062348326,71
"FOS::JUN(var.2)",1.01184893177989,0.406511856885758,1,0.955568634544756,1.0570504197372,72
"GATA5",0.996185476393602,0.509272184264953,1,0.692957807411515,1.24866321837289,73
"RUNX2",0.99605549387883,0.510134189464152,1,0.83842401884996,1.13632636658573,74
"POU2F2",0.991621821260344,0.539504580345771,1,0.754980170940722,1.17681818417536,75
"POU5F1B",0.989597816283034,0.552865224851425,1,0.751088016920205,1.17666134408608,76
"ELK4",0.968587157458402,0.685916023652532,1,0.830425780816231,1.07804989172506,77
"ETV2",0.959491018901817,0.738016245273435,1,0.832115424335268,1.06298285869829,78
"JUND(var.2)",0.940983415939602,0.828933289357879,1,0.902413301121233,0.972298116783051,79
"LEF1",0.929364550904123,0.874385079808356,1,0.809806128646998,1.03371721149854,80
"ZFP57",0.928104963505851,0.878761877163639,1,0.784937261877102,1.05157299542748,81
"POU3F2",0.918173330790754,0.909605253956134,1,0.707754027049008,1.08797398187354,82
"GATA2",0.913540517340378,0.921849044251928,1,0.640101755985638,1.13557629229432,83
"MAF::NFE2",0.912134243612466,0.925308756048596,1,0.852557031823576,0.966075657247104,84
"ERF",0.90626241268373,0.93852067332168,1,0.790550316306458,1.00877683965573,85
"MYCN",0.90452243834829,0.942068145083802,1,0.769999113928812,1.01530732571294,86
"GATA4",0.902385457625393,0.946205660508111,1,0.593552110687829,1.1469710724585,87
"ZBTB7A",0.896021642998916,0.957170618086438,1,0.778279989158605,0.988439782835271,88
"EWSR1-FLI1",0.888803526110678,0.967367682702257,1,0.795616729891998,0.971794563047219,89
"MAX::MYC",0.878974930599731,0.977985089238885,1,0.748716774817504,0.981058097933886,90
"POU2F1",0.866141614731902,0.987366590801193,1,0.655989927371548,1.02938274351817,91
"MAX",0.857734684705001,0.991445600764742,1,0.718407766747064,0.969013566487302,92
"FLI1",0.85723268812375,0.991648008312001,1,0.750737805814722,0.952002580513134,93
"ETS1",0.846934368555131,0.994974534219283,1,0.734982277375276,0.94785398108305,94
"ERG",0.839662087204283,0.996557096225381,1,0.731404939306418,0.933857385986818,95
"ETS2",0.837878382111431,0.996869932001572,1,0.720352718280514,0.938581674549663,96
"NFE2L1",0.831794956472865,0.997755040667187,1,0.770589689979559,0.890481036770553,97
"FEV",0.82637434928148,0.998346816252596,1,0.723951787651556,0.912075278279755,98
"POU1F1",0.823490521544636,0.998600516355845,1,0.624828470698292,0.978909282170743,99
"RARA",0.816081119073383,0.999098963725371,1,0.638903047841747,0.994449588912915,100
"GATA6",0.814053307177278,0.999203731783832,1,0.571837105261935,1.0166411676756,101
"MYC",0.808962123112952,0.999419635444766,1,0.673105569122431,0.916072278261437,102
"ZKSCAN5",0.796015017330436,0.999750219341313,1,0.714403155593593,0.868215614079973,103
"EBF3",0.792535641141042,0.999802764758754,1,0.655963554331908,0.909026827942465,104
"POU3F1",0.791013845122741,0.999822352928037,1,0.611129345276771,0.934376022548868,105
"TBX2",0.774172869242197,0.999947077035657,1,0.599479375319823,0.930566940418954,106
"BACH1",0.768971133852196,0.999964316473068,1,0.708877319655367,0.826636413524236,107
"HEY2",0.767872637439923,0.999967206806883,1,0.646696461896344,0.869917367707424,108
"POU3F3",0.749915193813628,0.999992251617434,1,0.585384928983706,0.881201278883355,109
"IRF1",0.738201063383179,0.999997164605563,1,0.615924418178194,0.840830814476376,110
"ELK3",0.733286439302413,0.999998168792806,1,0.643454364443178,0.805570334130401,111
"SNAI2",0.731550292670282,0.999998434320044,1,0.631280978831054,0.823203935645791,112
"SREBF1(var.2)",0.730683198082033,0.999998552776013,1,0.561633134345464,0.907096311296533,113
"SNAI1",0.730521057889713,0.999998573956465,1,0.640480177139321,0.80962682455837,114
"TBR1",0.730327976046485,0.999998598793375,1,0.581383885030014,0.863961199939652,115
"NFKB2",0.730118330446296,0.99999862529373,1,0.552717823182449,0.877039255486716,116
"MNT",0.723008354282798,0.99999928779328,1,0.605524644207678,0.819227865007261,117
"NFKB1",0.719631029374386,0.999999482464776,1,0.54874888662601,0.870085836073893,118
"CLOCK",0.71269985201301,0.999999735006938,1,0.609037464671821,0.793794421611514,119
"EBF1",0.710510585012965,0.999999786358027,1,0.590439198814351,0.813473068534836,120
"MEF2B",0.702395821003945,0.999999905457804,1,0.554040792950097,0.865694982267056,121
"HINFP",0.702271364472716,0.999999906651986,1,0.622050223708981,0.777699302099543,122
"EOMES",0.701679520719804,0.99999991213525,1,0.543706109678736,0.846168684592908,123
"NR2F1",0.701192943464288,0.999999916410106,1,0.521143103041273,0.894032599920422,124
"SNAI3",0.695750506061343,0.999999952466766,1,0.603486204326567,0.778007543328042,125
"SREBF2(var.2)",0.694601751154908,0.99999995787178,1,0.564412414249672,0.811145477796944,126
"MEF2D",0.69084783641991,0.999999971712143,1,0.544258208033323,0.855491837552875,127
"HEY1",0.68857722256825,0.999999977831609,1,0.58213774727087,0.776158642735601,128
"ZEB1",0.685452849403352,0.999999984204843,1,0.614081497452212,0.742483322247369,129
"LHX1",0.673802890202067,0.999999995697557,1,0.592574286102841,0.740185890812486,130
"NR1D1",0.672925343347106,0.999999996108266,1,0.47972598669446,0.890704818141697,131
"GATA1::TAL1",0.669781529986882,0.999999997290732,1,0.46668975626419,0.860313249384804,132
"MEF2C",0.669497575257872,0.999999997378482,1,0.532999311441191,0.821956652630154,133
"TCF3",0.668581918149971,0.999999997643113,1,0.603945170275171,0.72126966944665,134
"TCF12(var.2)",0.666325232505989,0.999999998189664,1,0.593903009421272,0.729179187237738,135
"TCF7L1",0.665445531373153,0.999999998367587,1,0.570988059130692,0.75053266510588,136
"TCF4",0.661098741532327,0.999999999025815,1,0.578068030881333,0.730596153034853,137
"ARNT2",0.659495589987566,0.999999999196407,1,0.544731638447532,0.765053104187434,138
"ELK1",0.658536497935634,0.999999999284219,1,0.572358532534677,0.734641403231981,139
"ZBED1",0.653578471835439,0.999999999609054,1,0.584577557781451,0.714752050790955,140
"MEF2A",0.653253454562838,0.999999999624397,1,0.523832355690959,0.796749428889014,141
"ZNF740",0.64604975420049,0.999999999847247,1,0.57712145747681,0.707977910807223,142
"PAX1",0.645790790950968,0.999999999852174,1,0.533098790407263,0.74326588990044,143
"NRF1",0.638785372333625,0.999999999939823,1,0.548107524015225,0.723659998166403,144
"ETV3",0.634721222624454,0.999999999964648,1,0.559700963538052,0.698275977832034,145
"HES6",0.626754825353044,0.999999999987819,1,0.517610192678632,0.716170307581338,146
"ASCL1(var.2)",0.623664248485862,0.999999999992009,1,0.559345663023741,0.674379405891374,147
"HOXA7",0.617913371687865,0.999999999996398,1,0.540140241826598,0.68526039904475,148
"IRF4",0.616329340774008,0.999999999997116,1,0.55265891291463,0.670574575818442,149
"PAX9",0.611916136226042,0.999999999998458,1,0.501509342432855,0.706965153824567,150
"HES5",0.609164733676661,0.999999999998961,1,0.499042588294413,0.697944372519259,151
"RUNX3",0.600763423666682,0.999999999999696,1,0.511024906244332,0.685074920101176,152
"ZNF140",0.598896549910189,0.99999999999977,1,0.539908053572905,0.654594273444606,153
"HOXD8",0.593539407235965,0.999999999999898,1,0.522678299688755,0.65233436262419,154
"BHLHE41",0.590705460594917,0.999999999999934,1,0.48784708716742,0.678725310614834,155
"ZBTB33",0.585027225643905,0.999999999999973,1,0.501485617622276,0.663028944458179,156
"IRF8",0.579785082922944,0.999999999999988,1,0.517271101538853,0.636196592707608,157
"HES2",0.579552970774363,0.999999999999988,1,0.487764914797658,0.65402839235561,158
"TFEC",0.576410657821861,0.999999999999993,1,0.47324555170006,0.662572293165416,159
"CREB1",0.573437592196207,0.999999999999996,1,0.539989762672936,0.60361649423954,160
"MYOD1",0.571427791769337,0.999999999999997,1,0.486742112132753,0.647576506728408,161
"HOXB5",0.568608109646784,0.999999999999998,1,0.486784905443369,0.644145363711174,162
"TBX15",0.561474305345744,0.999999999999999,1,0.488131165182371,0.62871913349541,163
"BHLHE40",0.560857942938216,0.999999999999999,1,0.461305565363959,0.646409702837878,164
"TBX20",0.555259001340932,1,1,0.400714962542528,0.693132416213922,165
"HOXA5",0.552472270590665,1,1,0.476696262461436,0.6212363837956,166
"HES7",0.548941718233399,1,1,0.443848179284255,0.63362655020734,167
"CREM",0.545862921347391,1,1,0.506507187074828,0.579029960558874,168
"NFIX(var.2)",0.545166027419443,1,1,0.498008542648345,0.590665313776505,169
"TBX4",0.544009141952404,1,1,0.476629147604103,0.605377609244804,170
"TBX5",0.539048149535752,1,1,0.469619522370768,0.600996714676658,171
"FIGLA",0.538378864603292,1,1,0.475091405590851,0.59842993211042,172
"TBX21",0.537323716827854,1,1,0.404685263936485,0.65000659520987,173
"USF1",0.536002879784525,1,1,0.485529503346132,0.587340550957259,174
"HES1",0.535801169403466,1,1,0.452015257376367,0.604702678069213,175
"MEIS2(var.2)",0.533617103128564,1,1,0.466850349613466,0.598789967822434,176
"USF2",0.531016373465097,1,1,0.483454600773674,0.580924384140793,177
"TBX6",0.525830516038631,1,1,0.401485661313337,0.635347651095478,178
"CENPB",0.524116627277683,1,1,0.443863488222728,0.584925300714059,179
"NFIC(var.2)",0.518748437356434,1,1,0.468944976526215,0.565875912410291,180
"ZNF135",0.51649847356128,1,1,0.379066902554049,0.673013513958334,181
"VEZF1",0.513519144351861,1,1,0.445788526424233,0.574094627446366,182
"MITF",0.512003929297993,1,1,0.451815284797989,0.564317515220171,183
"CUX1",0.511603322491468,1,1,0.426653239093152,0.610827111885073,184
"MZF1(var.2)",0.511189533436455,1,1,0.463422591343652,0.553108278588379,185
"KLF16",0.510868181812478,1,1,0.438352404698846,0.580394870804632,186
"ASCL1",0.505571866450442,1,1,0.445950668972497,0.55871442075369,187
"TCFL5",0.505301946537985,1,1,0.399855563439412,0.61101565163928,188
"ARNT::HIF1A",0.504069513983932,1,1,0.407985679903151,0.582863840101641,189
"MLXIPL",0.502355372647466,1,1,0.419274517983808,0.574480057920377,190
"ZNF263",0.49925840277773,1,1,0.45197364654301,0.539555484122473,191
"TBX1",0.49869783725993,1,1,0.420753914642122,0.567680135112307,192
"RORB",0.494952729832878,1,1,0.422419116051337,0.549510400326662,193
"MLX",0.493809759599202,1,1,0.423100252919802,0.560334054139429,194
"MGA",0.493027298387647,1,1,0.420947897883885,0.556517390740812,195
"RREB1",0.491397963075566,1,1,0.43658309612069,0.54301092387878,196
"PAX4",0.487983632965085,1,1,0.429893804946139,0.537629462404501,197
"HOXA1",0.486602510564172,1,1,0.418106626038663,0.548120925635563,198
"CUX2",0.486517844782725,1,1,0.413793710273651,0.561277200506463,199
"NFIC::TLX1",0.482689526958917,1,1,0.427959427143395,0.541397856314564,200
"TBX3",0.477095910978115,1,1,0.37240797800617,0.567166125278213,201
"GATA1",0.472948390619217,1,1,0.36539268414834,0.56237962612905,202
"TBX18",0.471299296664022,1,1,0.380489956312865,0.552670839187665,203
"EMX1",0.470653297315644,1,1,0.409094889678202,0.524299795262925,204
"STAT1::STAT2",0.469168845840237,1,1,0.426572684385707,0.501715423387217,205
"MAFA",0.464293591598971,1,1,0.385363588668193,0.533989082408432,206
"XBP1",0.464265764523654,1,1,0.418095048509433,0.509259501458371,207
"HOXC8",0.462434075857476,1,1,0.39836758042548,0.519217914384265,208
"KLF17",0.462381500661459,1,1,0.415576255654658,0.508199919807577,209
"E2F2",0.46224182045608,1,1,0.370768334159937,0.550582983831115,210
"SOHLH2",0.461471251796145,1,1,0.391581873554251,0.526359320778343,211
"MYOG",0.45881464018302,1,1,0.395245964064674,0.522702040496054,212
"ESR1",0.453976699848763,1,1,0.32257620108915,0.598171732652345,213
"E2F3",0.45190282362798,1,1,0.399772021682335,0.498319832300196,214
"ZNF354C",0.450725129151021,1,1,0.367496309449524,0.527605109800123,215
"NHLH2",0.448805229039245,1,1,0.398394381326263,0.494480635539733,216
"FOXC1",0.448632807694771,1,1,0.386648923316278,0.507168809097712,217
"EGR1",0.448192576565234,1,1,0.393287907256731,0.501165725596027,218
"ZNF136",0.445487140517384,1,1,0.36437824194293,0.522980309510483,219
"MAFK",0.444300147282017,1,1,0.382606256496063,0.505022412365789,220
"HIF1A",0.443957079215208,1,1,0.359539255045285,0.51442211984062,221
"HOXA9",0.443208937185246,1,1,0.381422172505847,0.49459168486717,222
"NFIB",0.442909083134252,1,1,0.389202356056964,0.497102254475387,223
"KLF4",0.442820844267824,1,1,0.395916166740969,0.487674463693518,224
"GCM2",0.442484775206023,1,1,0.364441499569576,0.503945691242506,225
"ZNF148",0.442477525489528,1,1,0.402558997593221,0.475476997512821,226
"IRF7",0.441418032920026,1,1,0.375344681199955,0.497228742726529,227
"HOXD3",0.441141848876583,1,1,0.390422498002821,0.485825372155393,228
"E2F4",0.439768187049325,1,1,0.382770006410676,0.49832027543849,229
"MEIS1(var.2)",0.438298073395683,1,1,0.382496348415128,0.48911561864263,230
"HOXB8",0.437501134386503,1,1,0.3765092212611,0.488356121455155,231
"BHLHE22(var.2)",0.436755278359652,1,1,0.379802246486025,0.48770188633864,232
"NR4A2::RXRA",0.435281916360283,1,1,0.379489915267158,0.478999786241536,233
"IRF6",0.434526532529839,1,1,0.393819505402053,0.468112774307559,234
"TFDP1",0.433328482784562,1,1,0.378337658224834,0.484006262319146,235
"PDX1",0.433327376037652,1,1,0.370714021739209,0.482065841987863,236
"RELA",0.432634410839153,1,1,0.355031766000712,0.500001286056039,237
"EN1",0.431976053419805,1,1,0.375127135714217,0.482693569148135,238
"RORA",0.430440095119659,1,1,0.361743186656743,0.486782896463775,239
"HOXA2",0.428867557165069,1,1,0.370589672443126,0.482777974321525,240
"PAX6",0.42669209115947,1,1,0.369258966810392,0.477541394233148,241
"PBX2",0.425759558106159,1,1,0.364021484003325,0.48081031816035,242
"NHLH1",0.422859625574952,1,1,0.369668066642334,0.47200669705781,243
"EGR3",0.421065713036821,1,1,0.362342147980191,0.471868170824114,244
"SPDEF",0.419500712907111,1,1,0.36099353507136,0.466707482503026,245
"POU6F1",0.417879011229219,1,1,0.364748213088724,0.470933172407256,246
"FOXD2",0.417064491942946,1,1,0.357470255298476,0.471827010338621,247
"IRF2",0.41681916903639,1,1,0.370983793048569,0.456924768338606,248
"ONECUT1",0.415234878137828,1,1,0.364514143882619,0.462292506750225,249
"CREB3L1",0.415115619184189,1,1,0.35036539552943,0.469531966947363,250
"MAZ",0.414231975233095,1,1,0.363539354788974,0.462761056422416,251
"HOXB13",0.41145053813302,1,1,0.35910336239927,0.457212768502375,252
"RORC",0.410810496257985,1,1,0.346260466133177,0.466252489567967,253
"HOXD9",0.409278755688749,1,1,0.356133224303098,0.45123662531068,254
"KLF11",0.406730920600791,1,1,0.348768734672199,0.460664335521396,255
"PLAG1",0.406470325455864,1,1,0.319044854889054,0.507125270797185,256
"KLF10",0.40522838481594,1,1,0.346326235048404,0.460826013007174,257
"CREB3",0.404162416931954,1,1,0.354668660647822,0.453245199777882,258
"KLF5",0.402404965350215,1,1,0.361504803080526,0.437806967991473,259
"IRF5",0.40105585408936,1,1,0.357601431893986,0.440356894901825,260
"HOXB2",0.400973233473153,1,1,0.344100214177635,0.448317868858817,261
"E2F1",0.400153004405219,1,1,0.344462042409363,0.448744761996405,262
"SP2",0.400084268499313,1,1,0.358715587008941,0.43732847432588,263
"GLI3",0.399955951451714,1,1,0.287286588542811,0.528752389705663,264
"ONECUT3",0.399743168820371,1,1,0.353576607169863,0.445980213474788,265
"GLI2",0.397081833713889,1,1,0.288232333407121,0.518982389235854,266
"LHX6",0.396503353226037,1,1,0.340185887374615,0.444459813570467,267
"OVOL2",0.395838181970943,1,1,0.351677852937323,0.440478970650851,268
"FOXB1",0.394248219618219,1,1,0.337099515264478,0.444898152965338,269
"SP9",0.39336879224227,1,1,0.343292467184079,0.439181453377018,270
"E2F6",0.393280270887938,1,1,0.348269807162839,0.438222461623126,271
"MAF",0.39322257538193,1,1,0.329433975941207,0.44941793356874,272
"REL",0.393129400144063,1,1,0.315262277912477,0.454578207366479,273
"MYBL1",0.392043321515136,1,1,0.333816008682992,0.448698934443449,274
"HNF1A",0.389738304353043,1,1,0.339196095663586,0.438994629221019,275
"LMX1A",0.388798197563241,1,1,0.340063203464112,0.433881608852542,276
"HOXB6",0.385981068934294,1,1,0.334128191096188,0.431856195365326,277
"FOXC2",0.385544436743002,1,1,0.338193952308398,0.428032788515941,278
"GSX2",0.385023334505128,1,1,0.328608329614594,0.43030906921963,279
"BHLHA15(var.2)",0.384992585742114,1,1,0.323251437096731,0.436989840685906,280
"PAX3(var.2)",0.384465020679848,1,1,0.33475160199885,0.423743874458108,281
"KLF14",0.384225160130508,1,1,0.328707183842993,0.436838241790777,282
"GFI1",0.381794584455139,1,1,0.35079619355875,0.408106232238955,283
"IRF9",0.381288232759295,1,1,0.343569017122971,0.412879832780009,284
"NR2F6(var.3)",0.379547135300481,1,1,0.332778910550084,0.417929140831591,285
"RAX",0.378471932364969,1,1,0.332701861009077,0.420634518933701,286
"OVOL1",0.378123203122681,1,1,0.326785652408313,0.427911770060966,287
"HESX1",0.377347662815811,1,1,0.321383577127095,0.426780108589742,288
"GBX1",0.377065279820573,1,1,0.341831538329235,0.410934077822073,289
"LHX5",0.374592971379671,1,1,0.325468798013629,0.418077975268853,290
"KLF9",0.374266576673831,1,1,0.322443789136736,0.429160843960924,291
"EMX2",0.374236726031627,1,1,0.334682821080285,0.40860495326641,292
"NFATC4",0.373480941294017,1,1,0.32422343985441,0.417280010643773,293
"IRF3",0.372512162906799,1,1,0.336868050059869,0.405854792869535,294
"SP3",0.371444529099711,1,1,0.322470441646428,0.415238536365573,295
"CREB3L4",0.371376313999509,1,1,0.326156537745891,0.415322598695168,296
"PAX7",0.370730689772659,1,1,0.322193411217747,0.413799284087659,297
"TFEB",0.370671794814994,1,1,0.331357642840575,0.404537552610322,298
"VSX2",0.370220782696785,1,1,0.315189669405868,0.419589420284974,299
"RORA(var.2)",0.369633745349646,1,1,0.320708999974935,0.412012579096998,300
"HOXD12",0.369247692601818,1,1,0.33189019478646,0.403701926173878,301
"HOXA4",0.368659613198913,1,1,0.327353850986693,0.409855593166413,302
"HOXD11",0.3673624063704,1,1,0.319728230433118,0.414541709057533,303
"ONECUT2",0.365028356628382,1,1,0.325652215225922,0.400659816935488,304
"MYF5",0.364952894490161,1,1,0.307556927385186,0.415370575811283,305
"SCRT2",0.364127121999423,1,1,0.325383715655572,0.400424991829465,306
"PRRX1",0.362467689292334,1,1,0.318209675245908,0.407070998439411,307
"UNCX",0.36195840513793,1,1,0.316663142960085,0.40340193866544,308
"ATF2",0.360700038135359,1,1,0.293965352212883,0.440220968401286,309
"HOXA6",0.359673211312835,1,1,0.312013167006556,0.399196268863722,310
"YY1",0.359565228048432,1,1,0.295167368105439,0.436545993400654,311
"SP8",0.358502068116562,1,1,0.311587136536334,0.402194275571085,312
"NFIX",0.355898050829862,1,1,0.321847554593861,0.387452822126395,313
"YY2",0.355675322493809,1,1,0.315068729354398,0.389710779379486,314
"ZSCAN4",0.3551444145755,1,1,0.286431376943163,0.423624724699712,315
"PAX3",0.354643776434148,1,1,0.309917115721964,0.392500510074044,316
"HOXB9",0.353385913869854,1,1,0.306825154473761,0.399099308974732,317
"EGR2",0.347690717429986,1,1,0.29260475728088,0.406185428435077,318
"RXRG(var.2)",0.343030655679708,1,1,0.232551220714737,0.449875619658282,319
"SOX10",0.342069402542464,1,1,0.301096914387426,0.379575893151111,320
"KLF6",0.342025428775028,1,1,0.300022078278367,0.377387369895438,321
"ZBTB14",0.34195620607988,1,1,0.290644495687956,0.398713518300516,322
"SHOX",0.3403968173526,1,1,0.294623667341905,0.381379852340248,323
"HOXC11",0.340029859425687,1,1,0.296475483544408,0.383325928942097,324
"THRB(var.3)",0.339508340407096,1,1,0.256942092631477,0.417375851040511,325
"MZF1",0.338156676759073,1,1,0.28289309896681,0.387236063317784,326
"CDX4",0.336881668396919,1,1,0.297814535125872,0.367663793091073,327
"TAL1::TCF3",0.336757878390882,1,1,0.283867537019059,0.380926706396942,328
"BACH2(var.2)",0.334744417288163,1,1,0.29649223390496,0.370822667814132,329
"ESX1",0.334659710052379,1,1,0.294615458535147,0.372459623896858,330
"NKX6-1",0.334492557552665,1,1,0.2890300677091,0.372322122430584,331
"MSC",0.334190142150063,1,1,0.280870249390016,0.385366566824526,332
"TBX19",0.332862589081172,1,1,0.289721918237193,0.378851445846434,333
"VAX2",0.332711167180167,1,1,0.285399349104709,0.373255436795699,334
"ZNF282",0.332531562214688,1,1,0.302799602586877,0.361076288438456,335
"ZNF460",0.332304144063354,1,1,0.232746901684528,0.451918066482404,336
"TFE3",0.330360828194911,1,1,0.29255149974981,0.364336709044867,337
"TGIF2LX",0.329956839149727,1,1,0.304146609821398,0.353612813214269,338
"CDX1",0.329026205850036,1,1,0.287591038720834,0.362229549530364,339
"HOXD10",0.328327962294566,1,1,0.290519137885251,0.366892727929241,340
"RXRB(var.2)",0.327578959239359,1,1,0.235711823960408,0.43058826080442,341
"SCRT1",0.326915023868547,1,1,0.293652651842831,0.357393819688326,342
"PKNOX2",0.326724316789143,1,1,0.30127319367952,0.348928100018788,343
"HOXC9",0.325565990351867,1,1,0.283466387032675,0.365009676838229,344
"CDX2",0.325251013884039,1,1,0.280391256539782,0.360154719189554,345
"HOXC10",0.325182900934834,1,1,0.290477102826025,0.359588790171235,346
"ATOH1(var.2)",0.324819320259731,1,1,0.274224556779513,0.370559806337484,347
"NR1I3",0.323038886261266,1,1,0.291239811118483,0.349988690013237,348
"NFIA",0.322928219758909,1,1,0.290633388795393,0.349973589239944,349
"TGIF1",0.321073855678274,1,1,0.289948367445366,0.348439315058867,350
"BARHL2",0.320447121993254,1,1,0.284725746696999,0.350665144050512,351
"HNF4A(var.2)",0.32042769452541,1,1,0.281527022305689,0.352510244851573,352
"NR1H4::RXRA",0.31994833060839,1,1,0.279217943228805,0.353675454878349,353
"RAX2",0.319377218232737,1,1,0.276064484760599,0.3620740908873,354
"SOX21",0.319135993890391,1,1,0.26985185229062,0.361949287055509,355
"RFX7",0.318724997014424,1,1,0.265888350237512,0.366702904361594,356
"TFAP2C(var.2)",0.318724810601543,1,1,0.225356661033576,0.429299641364474,357
"POU6F2",0.315537276717955,1,1,0.275427052108979,0.35411732498554,358
"RARA::RXRG",0.315522554037547,1,1,0.272115703739574,0.349047181587324,359
"NFATC3",0.315512969290733,1,1,0.264518570604852,0.361234726699559,360
"TP63",0.315079945401018,1,1,0.283262967339725,0.341706726450881,361
"FOXA3",0.314734733239731,1,1,0.279274156701382,0.348627912911264,362
"FOXG1",0.313805790836918,1,1,0.267909176537979,0.360848706059852,363
"KLF13",0.313519632644533,1,1,0.271140280278822,0.35459194396641,364
"PAX5",0.313143234845366,1,1,0.269236593200478,0.353726048607825,365
"RFX2",0.312471778642631,1,1,0.266301786257483,0.353374189890685,366
"MYBL2",0.3085446629555,1,1,0.275890883634783,0.338517003911392,367
"SOX18",0.3084833650431,1,1,0.264935724511881,0.345939902565322,368
"ZBTB7B",0.307681038841327,1,1,0.270578328445471,0.337451739937741,369
"POU4F2",0.306849692005856,1,1,0.27150671121369,0.334620965040028,370
"LBX2",0.305883738118145,1,1,0.265243960285473,0.344200381514488,371
"NR2C1",0.304575924549519,1,1,0.269230488591999,0.336833917173946,372
"EVX1",0.304455621591997,1,1,0.272593141854163,0.329321884318876,373
"ZNF75D",0.304377445725172,1,1,0.266533963242998,0.340298651405732,374
"PLAGL2",0.304361047410579,1,1,0.275683566048064,0.329236215852698,375
"SOX8",0.303814018231664,1,1,0.270658737108702,0.335418264803498,376
"GBX2",0.303727698775683,1,1,0.268422015428923,0.331241723914391,377
"SREBF1",0.301917689223621,1,1,0.213802596673327,0.393391928160341,378
"POU4F3",0.301892607771096,1,1,0.265961272348492,0.3322998822552,379
"HOXC12",0.301699057779895,1,1,0.240113939905357,0.365286643380142,380
"PHOX2B",0.301202447865683,1,1,0.271954595139877,0.328127257754111,381
"DMRTA2",0.30086036527253,1,1,0.255917455360606,0.346513092281132,382
"PRRX2",0.299705613280902,1,1,0.267651607016719,0.330125481681164,383
"POU4F1",0.29914091101552,1,1,0.269107918447339,0.326876950922249,384
"ATF6",0.298696666771775,1,1,0.255639116127637,0.338597271533803,385
"TEAD2",0.298093207263696,1,1,0.254803148875265,0.336530987630097,386
"NOTO",0.297014041796635,1,1,0.262847636147427,0.329447593042711,387
"DLX5",0.295726681330046,1,1,0.253402612128804,0.33237969731426,388
"OTX1",0.295680981264357,1,1,0.253741170995692,0.338702118933977,389
"NFYC",0.295660207370583,1,1,0.263520162344389,0.324555734685465,390
"TCF21(var.2)",0.294874329319234,1,1,0.245638293845547,0.336170837149174,391
"MEOX1",0.294285036749256,1,1,0.262725121282004,0.32375487802102,392
"SREBF2",0.292542816870356,1,1,0.190755045706239,0.400916898891821,393
"KLF15",0.291859613280319,1,1,0.262644927237762,0.316200387606966,394
"NR1H4",0.291793412139653,1,1,0.257999639315812,0.323305501207287,395
"FOXK1",0.291501848523198,1,1,0.258188527795298,0.324905239796114,396
"PROX1",0.291237807656949,1,1,0.254144090167962,0.322316592577098,397
"TGIF2",0.291147090826472,1,1,0.263006138594186,0.31649376401282,398
"FOXK2",0.290172728290724,1,1,0.255732920845639,0.32389025633237,399
"NFYA",0.29002476807008,1,1,0.256196165498524,0.320604615930356,400
"SOX15",0.289851279647242,1,1,0.258639425733667,0.321613136878822,401
"MYF6",0.288256001571436,1,1,0.235918905922311,0.333981150843218,402
"BHLHE22",0.287896105960854,1,1,0.249835702584307,0.319834378480827,403
"TEAD4",0.287362831621251,1,1,0.248259596124725,0.324661640395499,404
"NEUROD2",0.286939538507963,1,1,0.250095941818964,0.317690598157284,405
"HSF2",0.286823785960423,1,1,0.244184962725601,0.322365293268754,406
"FOXA2",0.286506849953382,1,1,0.245003599068191,0.330977368203449,407
"GSX1",0.286272256296177,1,1,0.247167621003902,0.327055619737079,408
"FOXN3",0.286092942144353,1,1,0.246563295481284,0.331293491273629,409
"ISL2",0.285372230831631,1,1,0.25211772467613,0.314989001268805,410
"NEUROG2",0.285353200180321,1,1,0.247591417740856,0.31842365072398,411
"PPARA::RXRA",0.284213153228161,1,1,0.249244762109587,0.313969148311338,412
"GLIS3",0.283991855169237,1,1,0.236736898810624,0.326778372928772,413
"TGIF2LY",0.283964359870295,1,1,0.259098739390792,0.305346494788231,414
"RARA(var.2)",0.283949695319928,1,1,0.246318394762539,0.315289885175601,415
"MIXL1",0.283866348665483,1,1,0.246069676704146,0.320984673277193,416
"EVX2",0.28217338293015,1,1,0.251984030916002,0.310817235619406,417
"FOXF2",0.281972682271148,1,1,0.250254875991603,0.309450536073292,418
"BARX2",0.280378655013689,1,1,0.249256704669318,0.30846540521857,419
"HOXB7",0.280360302336874,1,1,0.244555933332514,0.313558384024888,420
"VSX1",0.280097218554485,1,1,0.233023747348858,0.318748025838958,421
"TFAP4(var.2)",0.279833943923236,1,1,0.246884447854587,0.309307715332836,422
"PKNOX1",0.27938795089821,1,1,0.241736898306189,0.311444614612658,423
"PITX2",0.279072332215337,1,1,0.142254400189507,0.430155795827092,424
"OTX2",0.278929927448213,1,1,0.244089414626894,0.319008642833763,425
"BARX1",0.278794821037378,1,1,0.240611696710703,0.314562238260099,426
"NR1H2::RXRA",0.278695264072046,1,1,0.248716512652803,0.304466554427258,427
"ALX3",0.278391906590657,1,1,0.239422271590535,0.317548171967594,428
"MEOX2",0.278131005900794,1,1,0.244017479933233,0.307512173937675,429
"ESRRA",0.277986611372213,1,1,0.218203207872561,0.350941087319028,430
"HOXA10",0.277508440212134,1,1,0.244917630281901,0.306152786231352,431
"HMBOX1",0.276711113238684,1,1,0.240519795411086,0.309784963213273,432
"FOXE1",0.275951438316029,1,1,0.247167502183767,0.305571177171544,433
"OSR1",0.275371276031556,1,1,0.231515164510654,0.311364190678013,434
"TBXT",0.275336305057644,1,1,0.244334202410781,0.301336900812047,435
"DRGX",0.274449659752172,1,1,0.234404347839229,0.313832529249604,436
"NRL",0.274313333698094,1,1,0.238038849736186,0.307791511313787,437
"FERD3L",0.273230407050057,1,1,0.2265285991722,0.314518103097812,438
"HOXD13",0.271394394859117,1,1,0.241717626010527,0.299517609655392,439
"FOXO3",0.270912993166543,1,1,0.22606128804155,0.316594911394908,440
"PBX1",0.270466369927499,1,1,0.223889333393572,0.322261157570888,441
"ZBTB6",0.270424900810882,1,1,0.19540463518207,0.363819413503593,442
"ZBTB7C",0.270100168833181,1,1,0.234386803067371,0.299986676350349,443
"INSM1",0.269544698983437,1,1,0.23533994483395,0.300028056687634,444
"RFX5",0.269451981981739,1,1,0.2285605975195,0.305859248197522,445
"MEIS1",0.268798689229855,1,1,0.233444820202626,0.303518254342102,446
"MEIS2",0.268791212399045,1,1,0.231625495439043,0.303662175553404,447
"PBX3",0.268660386603499,1,1,0.233816583911377,0.297113668915886,448
"FOXP1",0.26813253003726,1,1,0.226941637286632,0.310340236177668,449
"NKX6-2",0.267864220426161,1,1,0.234107320618311,0.299390445061016,450
"E2F7",0.266202488117314,1,1,0.224106601772509,0.302953128320492,451
"DPRX",0.266032380963431,1,1,0.232456176052618,0.297776100701301,452
"DMRTC2",0.263758638245099,1,1,0.216531349347538,0.315088962869104,453
"BSX",0.263156973930351,1,1,0.221526934465089,0.308655535818367,454
"ZNF528",0.262787507505764,1,1,0.239266485400078,0.281325701079718,455
"MSX2",0.262760220650661,1,1,0.233539205378434,0.29351959089231,456
"SP1",0.261778158359016,1,1,0.212167914755922,0.322556649664358,457
"NEUROG1",0.261660617102559,1,1,0.227585297401871,0.29472934307056,458
"SOX12",0.261602752947783,1,1,0.229469917449931,0.294482253632119,459
"NR2C2",0.261135196340341,1,1,0.227493607508663,0.291335701553967,460
"NKX2-2",0.260895963792637,1,1,0.236886081693994,0.282838249416081,461
"GSC",0.259865666211911,1,1,0.226695948780769,0.28937437671735,462
"SOX4",0.259761798424625,1,1,0.226817896583878,0.290761855786703,463
"ZBTB18",0.258924598153542,1,1,0.216658206307286,0.295654358164237,464
"LBX1",0.258350276162699,1,1,0.22867445769867,0.28585855374851,465
"ATOH7",0.258183341537851,1,1,0.224172618933641,0.287436532852133,466
"LHX2",0.258105269063912,1,1,0.233247107431278,0.280418703117574,467
"DMRT3",0.257462512805816,1,1,0.219474370099219,0.294011280590505,468
"HOXD4",0.257139142424462,1,1,0.216311947204989,0.298006175560559,469
"KLF2",0.256700954552033,1,1,0.210851095828199,0.310733749137294,470
"ISX",0.256654393409772,1,1,0.220623813437098,0.292016581806721,471
"EGR4",0.256313926310539,1,1,0.223492219308467,0.285605907436864,472
"NR4A1",0.255836730832128,1,1,0.225215628767174,0.284274381785523,473
"NR6A1",0.255601875732364,1,1,0.229942734744,0.277387498147034,474
"VENTX",0.255066053357379,1,1,0.222814169812317,0.284751394597953,475
"STAT1",0.254308133187543,1,1,0.22083044903534,0.289904933276971,476
"NR2F1(var.3)",0.253875884228367,1,1,0.219824808275482,0.283872712980604,477
"OLIG3",0.253796227193914,1,1,0.220453932311706,0.282908204187104,478
"RHOXF1",0.252994059469643,1,1,0.227636225946769,0.278570977647148,479
"NFYB",0.252325607003788,1,1,0.216012215759374,0.287149236875675,480
"SP4",0.251870106992926,1,1,0.219106860231569,0.289898403765443,481
"HOXB4",0.251798556025161,1,1,0.208699635081637,0.29187675398661,482
"TEAD1",0.251381432412298,1,1,0.218293061713857,0.285664744573607,483
"NR2F2",0.251178923730852,1,1,0.215895326170231,0.288869931900192,484
"DUXA",0.250732385515671,1,1,0.217197872931461,0.282537288164673,485
"PRDM4",0.250250090394979,1,1,0.220645295041548,0.277374554191132,486
"NR4A2",0.249877720041262,1,1,0.223809426835124,0.274686007132774,487
"TFAP4",0.249525004991117,1,1,0.21840999273264,0.275741010180315,488
"PRDM1",0.249202261822699,1,1,0.227909703287544,0.267963284519872,489
"VDR",0.249129693574636,1,1,0.191402615631394,0.316974803490875,490
"NR5A1",0.248895457576166,1,1,0.194786671219112,0.312194127937291,491
"MEIS3",0.247923334681693,1,1,0.216602034035125,0.275810173688378,492
"RELB",0.247737061535921,1,1,0.21756133854121,0.27638132181782,493
"NFATC2",0.247449603961397,1,1,0.204080909378032,0.284035018082053,494
"MYB",0.246612716398102,1,1,0.218606935457299,0.274168869864979,495
"ZNF382",0.24570275644047,1,1,0.207996131783188,0.281919644984538,496
"TEAD3",0.245128150420209,1,1,0.212450290735062,0.275304550715575,497
"PITX1",0.244839434750853,1,1,0.183397303902907,0.319563863183413,498
"SRF",0.244528534274077,1,1,0.200215196587512,0.290033706951395,499
"TP73",0.244035189964573,1,1,0.213420470266135,0.269328568927354,500
"HNF1B",0.243852260061995,1,1,0.217893737817097,0.268806946436075,501
"VAX1",0.243235460927986,1,1,0.20987589227731,0.275195604310776,502
"OLIG1",0.242557621195411,1,1,0.211574798226689,0.269637003294208,503
"SOX9",0.242281405436577,1,1,0.216208935772286,0.267146380284013,504
"RXRG",0.241648003098135,1,1,0.216636194616353,0.261983041630029,505
"HOXC4",0.24160789129912,1,1,0.196214598552429,0.290431888746477,506
"LHX9",0.241443778974356,1,1,0.215660244684564,0.266442205107026,507
"NKX2-3",0.240990515789863,1,1,0.213744274876836,0.264926271229789,508
"GLIS2",0.240714392227449,1,1,0.208446243099005,0.271327343473121,509
"SMAD3",0.239269025585101,1,1,0.210298202987146,0.261539111891895,510
"ESRRB",0.238611898954314,1,1,0.210417901466299,0.262498994143956,511
"MNX1",0.237962436379107,1,1,0.210792784454,0.263950545362208,512
"OLIG2",0.237949382679282,1,1,0.205880658532533,0.268115669738201,513
"PROP1",0.237444823839989,1,1,0.209171783610692,0.264945602951125,514
"SMAD2::SMAD3::SMAD4",0.237032368474562,1,1,0.1907420936231,0.290400220340393,515
"RFX4",0.236864977032972,1,1,0.198021702844122,0.281324629047808,516
"RXRB",0.236779109760979,1,1,0.209335894199025,0.258696187724971,517
"FOXP2",0.23537175173126,1,1,0.20059127321056,0.270007115671828,518
"PPARD",0.234929632591674,1,1,0.210001939468313,0.25335910952167,519
"HIC2",0.234243758188798,1,1,0.204539637016236,0.26154083481341,520
"GCM1",0.23388343423447,1,1,0.200290706557771,0.263915154773706,521
"ZNF24",0.233760587701113,1,1,0.207679172888053,0.256913167276167,522
"ZNF410",0.233344244059081,1,1,0.201906529940592,0.26455186468203,523
"LMX1B",0.233155548540887,1,1,0.205829428546055,0.259434756162753,524
"ESR2",0.232021270050095,1,1,0.201286312807541,0.259546034819204,525
"OSR2",0.23161883589403,1,1,0.193807665092537,0.265110829163977,526
"FOXD1",0.231354122877476,1,1,0.205955920057743,0.254852649082322,527
"NR3C2",0.231138984918225,1,1,0.194682952800021,0.267202551239734,528
"RARB(var.3)",0.230400724048219,1,1,0.196940607240384,0.263151047180056,529
"TLX2",0.228987528933405,1,1,0.203676516749624,0.257592280146634,530
"TWIST1",0.228847566320236,1,1,0.192723039558343,0.261981824665978,531
"E2F8",0.228495389814685,1,1,0.202682169778063,0.253505228466772,532
"RARA::RXRA",0.227935792450046,1,1,0.196260030598785,0.255201277899308,533
"HOXC13",0.227911169351472,1,1,0.194993910817902,0.254882959579202,534
"DLX6",0.227647199875566,1,1,0.193415612627027,0.259669071539961,535
"ZIC5",0.227361958636026,1,1,0.201473517593365,0.253568981874219,536
"ZNF341",0.22704137577393,1,1,0.203399126861584,0.248695278880883,537
"EN2",0.226432508766654,1,1,0.195879711469149,0.253722745329927,538
"ZBTB26",0.226184033794845,1,1,0.193179990327744,0.256251179814877,539
"RXRA::VDR",0.224823495229043,1,1,0.203210270539301,0.243591417326643,540
"NR2F1(var.2)",0.223537495449186,1,1,0.195696087223006,0.247269560329325,541
"HAND2",0.223139207977562,1,1,0.188124734736786,0.253946389825691,542
"ARGFX",0.222866406352514,1,1,0.181737206155304,0.267320952159199,543
"SOX14",0.222381268211534,1,1,0.189835092562912,0.253392422782802,544
"HSF1",0.220754844887606,1,1,0.191155788336025,0.247637447652165,545
"ZNF684",0.220006450456548,1,1,0.197287144280026,0.239276865224619,546
"RARG(var.3)",0.219799605023619,1,1,0.19376675127022,0.244417576246211,547
"NR1D2",0.219386254225449,1,1,0.183421935189115,0.253293619787375,548
"FOXL1",0.218824111479686,1,1,0.191370850087905,0.246956055690662,549
"ZBTB12",0.218661567693878,1,1,0.19280802525976,0.240330229658336,550
"THRB",0.218201750281519,1,1,0.195986625646582,0.236693873600183,551
"DUX4",0.217942849816756,1,1,0.181407598062639,0.247085469747969,552
"PHOX2A",0.217714635356767,1,1,0.185891762454762,0.245918405574423,553
"GLIS1",0.217309307407641,1,1,0.192840856252993,0.241474420277522,554
"SOX2",0.216761014806093,1,1,0.187480054324051,0.249122132414013,555
"BHLHE23",0.216518376699165,1,1,0.184153822158124,0.244332418573657,556
"MSGN1",0.216121966285959,1,1,0.18688776738587,0.240894336641902,557
"SRY",0.213870287521721,1,1,0.184061061042425,0.242802548791373,558
"GSC2",0.213459931901274,1,1,0.173828244355478,0.252162110100034,559
"TP53",0.213372067586663,1,1,0.181516696093417,0.24810345998524,560
"SIX1",0.212649498660383,1,1,0.185591013734075,0.237013452725401,561
"NR2C2(var.2)",0.211585305441892,1,1,0.187581109885063,0.233823355277417,562
"THAP11",0.210622834072275,1,1,0.145168617346652,0.286339624900346,563
"ZNF274",0.209734159989354,1,1,0.182358746120938,0.235159997042083,564
"FOXI1",0.208974185468081,1,1,0.184595533218416,0.230218066614118,565
"FOXO4",0.208974185468081,1,1,0.184595533218416,0.230218066614118,566
"FOXO6",0.208974185468081,1,1,0.184595533218416,0.230218066614118,567
"FOXP3",0.208974185468081,1,1,0.184595533218416,0.230218066614118,568
"PPARG",0.208959240282198,1,1,0.176001540047208,0.237434718199954,569
"POU6F1(var.2)",0.208384654916778,1,1,0.176909668782995,0.242874609110282,570
"MAFF",0.207888662217171,1,1,0.182927353834984,0.231590040371069,571
"HSF4",0.206557585146112,1,1,0.173715080501362,0.235308216187294,572
"STAT3",0.205726949035246,1,1,0.172889965575101,0.238673329905754,573
"NR3C1",0.204324281458451,1,1,0.1778969809969,0.227704731382049,574
"TFAP2A",0.203944185555855,1,1,0.151677553902358,0.264657290796792,575
"GRHL1",0.203502525327623,1,1,0.171105083168745,0.233665523885085,576
"SOX13",0.20264341572347,1,1,0.183435239880401,0.220012281273053,577
"GRHL2",0.202524473811874,1,1,0.168045023287226,0.239983823194128,578
"TFAP2B",0.201718930067915,1,1,0.168233803209456,0.2311483371741,579
"MSX1",0.201494280601547,1,1,0.175789374024867,0.228175957558014,580
"KLF3",0.201426362141817,1,1,0.142423786360612,0.272257875884142,581
"FOXA1",0.201002308383179,1,1,0.177335964509256,0.224720665323248,582
"THRB(var.2)",0.200836492636744,1,1,0.169567589299562,0.22943435688183,583
"TFAP2C",0.200168035947856,1,1,0.168341142286721,0.22789181014345,584
"NR1I2",0.196149281486445,1,1,0.170722585807488,0.219236339773596,585
"ZNF317",0.195156513680831,1,1,0.175662146655887,0.212496180098701,586
"PITX3",0.194740288693547,1,1,0.146642139323508,0.252106969536006,587
"SMAD5",0.194717301082435,1,1,0.16555062247559,0.220894106159215,588
"BCL6B",0.191486352499241,1,1,0.169255131950112,0.212129708878917,589
"TFCP2",0.191182934082408,1,1,0.166256813285045,0.214917360460775,590
"NEUROD1",0.190008513226756,1,1,0.162663814522428,0.213763662034747,591
"TFAP2C(var.3)",0.188697897422403,1,1,0.156711215843491,0.216432688540716,592
"ZSCAN29",0.188679548289793,1,1,0.163902479683903,0.211850707258721,593
"HNF4G",0.188043667672045,1,1,0.162787822918727,0.212288780929835,594
"ZKSCAN1",0.185495653206696,1,1,0.160891756072652,0.207097100651461,595
"ZBTB32",0.184371861776842,1,1,0.150491461536107,0.218845971073444,596
"MAFG",0.183179189616678,1,1,0.159242705527451,0.206416963502737,597
"HOXB3",0.183095747901157,1,1,0.162049590128719,0.20350203444411,598
"NEUROG2(var.2)",0.181929208866355,1,1,0.157323036436511,0.205544380890136,599
"TFAP2A(var.3)",0.180268479829903,1,1,0.148796519918583,0.207232833026069,600
"HNF4A",0.179537245493256,1,1,0.153266415997338,0.203986994057459,601
"TFAP2B(var.3)",0.176472491297801,1,1,0.145398305767428,0.201644735957226,602
"ZFP42",0.175438649925179,1,1,0.157417542591234,0.19241189523478,603
"NKX6-3",0.173743910102495,1,1,0.141904175338968,0.210461302947036,604
"ZIC1",0.172915616831153,1,1,0.152360808097683,0.192391049006541,605
"HOXA13",0.172529225834588,1,1,0.149767270816429,0.195853616225045,606
"ZNF143",0.171422350785655,1,1,0.153235119019429,0.187699611927654,607
"ZNF652",0.170612853974049,1,1,0.144725950474975,0.195170694366898,608
"CTCFL",0.170122012468642,1,1,0.138494193590771,0.202141113062742,609
"NFIC",0.169693198301003,1,1,0.150860132606219,0.187145762541842,610
"ZNF682",0.169581967310188,1,1,0.14820507302668,0.186520104660551,611
"MSANTD3",0.168871129161512,1,1,0.148809786249495,0.188917575289482,612
"TFAP2A(var.2)",0.168008702065489,1,1,0.144201295634504,0.189937510585343,613
"NKX2-8",0.166674060489108,1,1,0.146936410378401,0.185604233334076,614
"MTF1",0.165177955201554,1,1,0.143427227392849,0.184570262059873,615
"ZIC3",0.162552998202671,1,1,0.130333877256139,0.196069732765643,616
"FOXH1",0.160644472846751,1,1,0.135282392747505,0.187851936979881,617
"SIX2",0.16064299117365,1,1,0.131517443962234,0.191677694076549,618
"TFAP2E",0.159287402425175,1,1,0.136422981506671,0.180038189529841,619
"ZIC4",0.156043346681147,1,1,0.138996845596221,0.173239017166849,620
"BCL6",0.152402827983856,1,1,0.12385670751644,0.18233503560631,621
"ZNF449",0.148027117280455,1,1,0.124845651749261,0.1685194467597,622
"RFX3",0.147696291730824,1,1,0.124772445737211,0.172872018584957,623
"RBPJ",0.147284630576668,1,1,0.125091096890275,0.16720629372793,624
"REST",0.141572293595963,1,1,0.124214691701725,0.156093979394338,625
"NKX2-5",0.139570711954047,1,1,0.120347450728083,0.15908106259226,626
"RFX1",0.13670177687185,1,1,0.116375635856782,0.158772953038954,627
"THAP1",0.13491169182434,1,1,0.11148460995955,0.157695006255299,628
"ZNF16",0.134164319277265,1,1,0.120571799716385,0.146582929901961,629
"MXI1",0.127383679552822,1,1,0.111293687574031,0.140905191581595,630
"TFAP2B(var.2)",0.101558976161358,1,1,0.0916438795999778,0.11086479737827,631
"CTCF",0.0860720102732104,1,1,0.0756933096557777,0.0958885466264997,632
